CREATE DATABASE  IF NOT EXISTS `starpolythene` /*!40100 DEFAULT CHARACTER SET utf8 */ /*!80016 DEFAULT ENCRYPTION='N' */;
USE `starpolythene`;
-- MySQL dump 10.13  Distrib 8.0.25, for Win64 (x86_64)
--
-- Host: localhost    Database: starpolythene
-- ------------------------------------------------------
-- Server version	8.0.25

/*!40101 SET @OLD_CHARACTER_SET_CLIENT=@@CHARACTER_SET_CLIENT */;
/*!40101 SET @OLD_CHARACTER_SET_RESULTS=@@CHARACTER_SET_RESULTS */;
/*!40101 SET @OLD_COLLATION_CONNECTION=@@COLLATION_CONNECTION */;
/*!50503 SET NAMES utf8 */;
/*!40103 SET @OLD_TIME_ZONE=@@TIME_ZONE */;
/*!40103 SET TIME_ZONE='+00:00' */;
/*!40014 SET @OLD_UNIQUE_CHECKS=@@UNIQUE_CHECKS, UNIQUE_CHECKS=0 */;
/*!40014 SET @OLD_FOREIGN_KEY_CHECKS=@@FOREIGN_KEY_CHECKS, FOREIGN_KEY_CHECKS=0 */;
/*!40101 SET @OLD_SQL_MODE=@@SQL_MODE, SQL_MODE='NO_AUTO_VALUE_ON_ZERO' */;
/*!40111 SET @OLD_SQL_NOTES=@@SQL_NOTES, SQL_NOTES=0 */;

--
-- Table structure for table `color`
--

DROP TABLE IF EXISTS `color`;
/*!40101 SET @saved_cs_client     = @@character_set_client */;
/*!50503 SET character_set_client = utf8mb4 */;
CREATE TABLE `color` (
  `id` int NOT NULL AUTO_INCREMENT,
  `name` varchar(45) DEFAULT NULL,
  PRIMARY KEY (`id`)
) ENGINE=InnoDB AUTO_INCREMENT=9 DEFAULT CHARSET=utf8mb3;
/*!40101 SET character_set_client = @saved_cs_client */;

--
-- Dumping data for table `color`
--

LOCK TABLES `color` WRITE;
/*!40000 ALTER TABLE `color` DISABLE KEYS */;
INSERT INTO `color` VALUES (1,'Clear'),(2,'Black'),(3,'Blue'),(4,'Yellow'),(6,'Brown'),(7,'Red'),(8,'Green');
/*!40000 ALTER TABLE `color` ENABLE KEYS */;
UNLOCK TABLES;

--
-- Table structure for table `designation`
--

DROP TABLE IF EXISTS `designation`;
/*!40101 SET @saved_cs_client     = @@character_set_client */;
/*!50503 SET character_set_client = utf8mb4 */;
CREATE TABLE `designation` (
  `id` int NOT NULL AUTO_INCREMENT,
  `name` varchar(45) DEFAULT NULL,
  PRIMARY KEY (`id`)
) ENGINE=InnoDB AUTO_INCREMENT=5 DEFAULT CHARSET=utf8mb3;
/*!40101 SET character_set_client = @saved_cs_client */;

--
-- Dumping data for table `designation`
--

LOCK TABLES `designation` WRITE;
/*!40000 ALTER TABLE `designation` DISABLE KEYS */;
INSERT INTO `designation` VALUES (1,'Manager'),(2,'Supervisor'),(3,'Store keeper'),(4,'Quality checker');
/*!40000 ALTER TABLE `designation` ENABLE KEYS */;
UNLOCK TABLES;

--
-- Table structure for table `employee`
--

DROP TABLE IF EXISTS `employee`;
/*!40101 SET @saved_cs_client     = @@character_set_client */;
/*!50503 SET character_set_client = utf8mb4 */;
CREATE TABLE `employee` (
  `id` int NOT NULL AUTO_INCREMENT,
  `number` char(4) DEFAULT NULL,
  `fullname` varchar(150) DEFAULT NULL,
  `callingname` varchar(45) DEFAULT NULL,
  `photo` longblob,
  `gender_id` int NOT NULL,
  `dobirth` date DEFAULT NULL,
  `nic` char(12) DEFAULT NULL,
  `address` text,
  `mobile` char(10) DEFAULT NULL,
  `land` char(10) DEFAULT NULL,
  `doassignment` date DEFAULT NULL,
  `designation_id` int NOT NULL,
  `employeestatus_id` int NOT NULL,
  `description` text,
  PRIMARY KEY (`id`),
  KEY `fk_employee_gender_idx` (`gender_id`),
  KEY `fk_employee_designation1_idx` (`designation_id`),
  KEY `fk_employee_employeestatus1_idx` (`employeestatus_id`)
) ENGINE=InnoDB AUTO_INCREMENT=8 DEFAULT CHARSET=utf8mb3;
/*!40101 SET character_set_client = @saved_cs_client */;

--
-- Dumping data for table `employee`
--

LOCK TABLES `employee` WRITE;
/*!40000 ALTER TABLE `employee` DISABLE KEYS */;
INSERT INTO `employee` VALUES (1,'2001','Kamal Perera','Kamal',_binary 'data:image/jpeg;base64,/9j/4AAQSkZJRgABAQEAYABgAAD/2wBDAAUDBAQEAwUEBAQFBQUGBwwIBwcHBw8LCwkMEQ8SEhEPERETFhwXExQaFRERGCEYGh0dHx8fExciJCIeJBweHx7/wgALCAK8ArwBASIA/8QAGwABAAIDAQEAAAAAAAAAAAAAAAUGAQMEAgf/2gAIAQEAAAABmQAAAAAAAAAAAAAAAAAAAAAAAAAAAAAAAAAAAAAAAAAAAAAAAAAAAAAAAAAAAAAAAAAAAAAAAAAAAAAAAAAAAAAAAAAAAAAAAAAAAAAAAAAAAAAAAAAAAAAAAAAAAAAAAAAAAAAAAAAAAAAAAAAAAAAAAAAAAAAAAAAAAAAAAAAAAAAAAAAAAAAAAAAAAAAAAAAAAAGzr3+8aubmwAAAAAAAAAAAAM98zK9noGmNiIfUAAAAAAAAAAAGZix9+QAa4Kuc4AAAAAAAAAADstsmAAGqtV7AAAAAAAAAAATls2AAAIqnaQAAAAAAAAACy2bIAABjkpPKAAAAAAAAABZbNkAAAHJR+YAAAAAAAAAJq4egAAAEfRvAAAAAAAAAB1XzcAAAAK9VAAAAAAAAAC6y4AAAAeaNHAAAAAAAAASl4AAAAAjKPgAAAAAAAAF2lgAAAAMUWOAAAAAAAADq+gegAAAAEFUAAAAAAAAAsVqAAAAANPzvyAAAAAAAALtLAAAAAChx4AAAAAAABn6JvAAAAAFTr4AAAAAAABu+i5AAAAAFequAAAAAAAAHZ9AAAAAACEpwAAAAAAAB330AAAAAIelgAAAAAAAHbfwAAAAAhqYAAAAAAAAb/omQAAAABAVIAAAAAAAAz9G2gAAAACrVwAAAAAAAAXmTAAAAAFHiwAAAAAAABZ7KAAAAAePnWsAAAAAAAAd99AAAAAIilAAAAAAAABm+d4AAAAClw4AAAAAAAAJy4AAAAAcdAwAAAAAAAADN87wAAAAUyGAAAAAAAAASV49AAAACIpeAAAAAAAAACzWYAAAA5qJzgAAAAAAAADNxmgAAANdIjgAAAAAAAAAerlMAAABrpcWAAAAAAAAAA9WmwZAAAc1L4AAAAAAAAAAAmbX0AABiGqekAAAAAAAAAADbZJ7aAAjqzFAAAAAAAAAAABtnJiR9AOeJg47AAAAAAAAAAAABt7uzf7xq5uHkwAAAAAAAAAAAAAAAAAAAAAAAAAB6lJWC4QAAPVhxDc+AAAAAAAAAB1T050PFcrusAASNr784i4GI8gAAAAAAAA7bJM+gc9eg9AAZk7DLZByV2C8gAAAAAAAOizzfoAeIyLj+TTjPrp7pGX6gA5KxDYAAAAAAAGbBZtoAAefGfXoAAIup8YAAAAAADrt0mAAAAAAGusV/AAAAAAATNt3AAAAAAAIeo6QAAAAAGbLZcgAAAAAADjpfGAAAAAD1bpvIAAAAAAANFMjQAAAAB6uUwAAAAAAAAa6XFgAAAAPVxmQAAAAAAAA10qMAAAABm2zwAAAAAAAAGmj8IAAAAWO0ZAAAAAAAAAclF0AAAAErdfQAAAAAAAAAi6RgAAADovnQAAAAAAAAACs1kAAAGbnMAAAAAAAAAAeaNHAAABN3EAAAAAAAAAA4aH5AAANl/wCkAAAAAAAAAAVWugAAFnsoAAAAAAAAAAafn+kAADf9A2gAAAAAAAAAArdXAAAs9lAAAAAAAAAAA1fPtIAAbPoO8AAAAAAAAAABV62AAE7bwAAAAAAAAAADk+f4AAF6kgAAAAAAAAAABSIoAA6voOQAAAAAAAAAABBVAAAsNrAAAAAAAAAAADR888gALvKgAAAAAAAAAAAokcAB6+jbAAAAAAAAAAAAVitAASN7AAAAAAAAAAAAiaSABYLYAAAAAAAAAAABo+d4ABbLAAAAAAAAAAAA07jX4oOgAF3lQAAAAAAAAABqNen10efGmrx+zVp9gPoHYAAAAAAAAAAaYzq8at+Wzn8V+M86doDP0baAAAAAAAAAAcO7Onn3bOXdt01eN0+N4D19I9AAAAAAAAAAAjO7aCtVgANn0gAAAAAAAAAACJlgK7VQA3fRgAAAAAAAAAAMZAr1UB//xAAsEAACAgECBgEDBAMBAAAAAAACAwEEBQBQERITMEBgISAjNBAVIjMxMnCg/9oACAEBAAEFAv8AxQCBloalktRj7Ov22xr9us6mhajRIcPp6ab26Vix0urXDUfWawPTMfXLTsY0dMWa59IrY9rNV6iU94wEosY0C05LEl6JWrseVWmpHhGAmNvHTGp+PQqNGWaARAfEuVAfDlGo9/x9HyLKAeFlBoZvuMp+VYSDl2FElm94yr1T8u7XiwshkS3msmXtUArDzMtW5h3nGV+inzr6Og/d8anq2PPyKetX3fGK6VbYMgrpWd1qL6tiNhzCuZG64Vf89haHOuY4TumKDlp7FkQ5Lm6IHkTsWaH725pjmbsebj7W50o429jzH4m54/8AM2PL/hbnR/L2PMfibnXnlfsean7G6LnmXsWbL+e6Y0uensWUPmubphD+NhKYETLnPdMezpWthyrOSru1FvVrbBlW9Szu2IdyO8+22EomeM7tHxNJ/XR52Vf1HbxQsdB0fMeZkbHRVvWKteY9opW9pObveOt9YfJMoAL1mXs3wZkSoXIfHjmQgN63Ly36JmJo34PxnuBIW7R2C9Bp3jVpLQaPhW74K01htL0NTDWVbJROgMTjvWLaU6s3Wu9IWw1ynJnGlXa7NRPHssatenZJQ6fde300DMNBfsjoco3UZXX7qGv3QdTlC0WSsTo7Lz/4/ETMpoWD0OLXy2qrET4cRMzWxvEW4wtNQ1W+IrtdpGMiNKUtUfoUQUWsdoxIC8CtTa7VWqpEfq+ihmn49wamJid2r1mu1Xx6g1EcI+pqltF+MnTVMVPcRRezVeglXYehTYsY0x0USM7khLHFVxyw1Hx25iJhtCuemYstHRsjolNHXD9YEp0FWwWgxr50rGLjSkKV3HoU4bWPYvcI+ZqY6Z0sBAfB4RrkDXKPh2qanasV2ILbK6GPKpUWiNpIYIbmPkdrpUSdpYCsNsuUgdpqzWez0KG4WUA8LVc0HsgxMzQpQrcmrFgXapVy2IYkioVIRG5mImN6pNctgGJmcfUhMbqYwY3qs1z8/G1OnG7sAWBbrlXZ5uLqb1YSLlvUSWeXjq3XZEcN7v1oeuY4T5KFE1qFipe+Zat5WNr9FW+zHGL1foO8fFV+o3f7iYekomJ8VYSZ11wlXoGXRwLxcOj0JoQxblypvhoXLWrGAD0LMJ4j4eGT8ehsGDBwStvgrGTNIQtfomZT8+Dh1czvRbS+qj/Hg45fTq+jZRXTtd+qvq2PR8wvmR38Kviz0dwdRUxwnvYoOSn6RkQ5LndGOYgHlD0jNh893HBz3PScqHNT7uEH73pLx5093CjwR6I1kL+gyEBSyGrePK/uYuOFP0Ay5RWXOuTGDln37fzpj+V0nwNRyUgzndD+Wpf/AN3zwbY4AlkwurJlw7FOOFXf2nC1rn7MM4woZmyuYXpkzwX+bZng6I5X0I+1BQNHLS+S5Zla56jrPHpdlfwvf7AS1jFwySUJNEDiVR1m2YYRsIwlQNa+11pEYlVdAmupnDcyRZKlVeZcTJtf2B/2j/HoV4p5VBC1/Vm4+O2v+z0NP3rn15v+vtp/t9DjsZv+r6v/xAA7EAACAAMEBwQKAQIHAAAAAAABAgADERIhMVAiMkBBUWBhEzBxgSAjM0JSYnKRobEEEIIUQ2NwkqCi/9oACAEBAAY/Av8ApQaKk+UXSmjVA849z7x7v3j2dfONKU325PuSg4mPWOT4Royh59xpoD4xcCnhHq2DxR1K+PJNX0F/MaK1PE99RlBHWKyTZPCKTFpyLoC7jFaWm4nYrLAERakX/LF/IVubcnDjFlRQbLXVfjFhxQ8gCbOHgu0WXHgYst5HPhOmj6RtVhvKCjZ52jjQH52ynvDAwVa4jOgg84CLgNt7ZBeMc6tHXbHbyBqnDOL9VbzkBprLeM4BOLX5CRuN4zZE65EJm9TmzzOFwyJkO8RQ7s1U/FfkbjzzVF4DI0biM0ReJyRG4HNJf1ZJ/dmkvxyQ+IzSX45J/dmiH5hkiD5s1VuIyOWvnmqdLsjb5bs1eX55EWOAgsd5zVDuNxyIje12bq2/A5DZGCXZv2Zwf95Az790VzeogNv37fYU6KfvOb9U4xXbaLrthnfYOfp2wu2Agu2/PLD+0H52osxoBHyDAZ7aBoRFlrpn72gsxoBFBdLGf1BoY7OcaNx47NacxwXcOQrL6SfqLSNUbGVTTeLTtU8iWkYgxScKdRFUYEd/e1W4CKDQXgOSKoxWKTVtdRGvZPWLu503Aj1al41rI4Dk3QYr4Rr18RF6KYvk/wDqPZN949ifvF0ofeLrK+UaU1v9n6AVi8WB1jSmNWNK9eOyUAqYrPJHQR6pwfGNNCM89WhPWKzWr0EUloF/rQioi1I/4xZdSDsNaWV4mNEVbj6GrZPERVPWCKG45vordxMVfTP4ig9OkxQYrJavQxR0I72tLA4mKtpt17jTQHrFZJtDhvijChzOiLWLU3Tb8d5Qisatk9I9XMB8Y9nXwi+Ww8vQuU/aLpTRfZWNNy0erQDvKTFr1i1L01/OYUEWp9w+GLKLQbFhGqPtGqNjrqtxEaYu45bRB5xXF+OVWWFRFuRePhyu2+in7iygoMttLov+4suKHKO0njwXMLL+RijYbjktAKkxbmXv+syKOKiOKbjkdlRUmLTXzP1mhVhUGKi+WchoLzFt75h/GbFWFQYqL0OByDtZmucOmcFHFQYob1OB27t5g+kZ0UaCjY7ZVtRcc8u1xhFDjtQRd8BFwGe9ug+rarTa7Z9QxT3ThtHaNqr++QCu/dBBxGzBFxMCWN3IPbqMdbZjPbwXkIo2BhkbEbIqDfARcByGJw3XHZDOPgORCjYGGQ4jYgoxMKg3cirOHgdiMw4LyM0vjFNhXibzyOaYNfsCJ15ID71OwPM4XckMnERQ9+vFr+SX6398FG+Ao3cky5nl3yDhfyUx+G/vnbgOSnXiO+duLciitbzT0LTGggOtaGHXg3er1v5BY8BWFelKiAldI4QJQvuqekSh/qCOyWWznfSFX4sIcHFWpEyXS5KQJrrjuEPMMsqReQYQAXMIJAFVxhplKndHsx3MsfKOQC7YCGnfyP8AMIu6RKY6No3DjDzn+lInfyH3tQRILXG2K/aJn0iJH1RMbcVBhppxc1iUbFvC6GH+HAtJ8cfx+Km+P5I3G6P48o78e6UdOQEQjQGkYWuqprSFmHFcIZpj/T0i0PZS7l6mJYVKgMGrWKiTb6iBOnCyF1VgpLl1qMawFVbRAwhVKVI92sKglmWDiTFlUtecVbWJqYDslkAce5HIiyU1pl0BBu9OX594vjyI833U0R3Evx7xPqHJiePp/wD/xAAtEAEAAQIEBAYCAwEBAQAAAAABEQAhMUFQUUBgYXEwgZGhscHh8BAg8dFwoP/aAAgBAQABPyH/AOKBn0eVfOK1Lx740UqWA6/Uwaw80bWbcnXpO0lFu7taUbid7n3oAQEf3Cjsar6x10AoG2DUhd0ckBQJ51i8qCke7PjdD5CamOttypBdrk8iw6wxeBUR+jYcE2WskqVmGax8qCoCJk8hQ5OVmoYGeAcKuPROfekSw9+QPWJvloOHxaMjEpAfYwTXpu6L88UzHuzGh7uYOSb65mS8N1BHF4NnlVF1IhNazq8WxQEQUHG5HO3c31qwub0GRxyCIkjUSs//AJ1iHhP4g0CyH7Max10f60GPiPftW2Rbu2dACDQYEM12dWmTk9TQgw4xTPjKHVd6ErQ4CwWHnqvQFNDi6N9P91Tponvondyev+apEejRDIdh/wCGOJw/ToiiO41TpH8miR736aoWZKPYB0OTYj6tV67EvLQ4uYA1VdeUH7+tCcSxLTYmZ1WVW55ToUOt2HbPVipYbPVNBnGterPV5Z9rQCtwWG7SImVb6ukEhLjQZLsdnj/y0tZNMss/dMgMjg8bf7I6Out4XfX44xL+hvWMPgNjbWxRkYSgBoD0b8UcYUq1JiT/AEtdOKRIlSTA/UcQZbFLV7bLG/V18kwMEoIFkZeGNo5kZtRBs8hMbP71IKvi4MuD7B3py74OROw0qjp/yvSut4h8c5POtqebqmPd5Im/OjVpI7DVuDsW0QlCbngjT39vUoNbtirCyejya5PdkVYrfSaJ7dJX4j8K/wALTlU8tu9ZmPal81l42GPim+P/AI9MgnIKhUdzH6URCd5AFWO2DhwhJyYBV+o4Y53o0vRLaat28W9dcSsHkPWseftnrXkwRf8AlaZMRqeXjq+mlwFknAtw/TW3ruIHj/KCQ3Kl08m+1SsHRs+lIgQxHV18Ltio3zf6UEAAZH941X3KLP7XnXmxZbxAlgu1e3lX2qILrYPSgj+8KY9RUx1kotYGImpyTbnIqB7Fk/7QBAQHhogDZKuY95x7UG/RDFfYsasnfnSjET+ccPanyPI+ayu9Wfirp0osUd5vn6+JChszFSMntqwtp4YBVwCotnKGL3qDAsg4JfEPl/BgsB8qAMAOCFYdOx71HLrA4Om4ZmawKhzrP60psBMRqckzMx2pIYTSoqX3eyjhTyNNJYd/LupE0tHBWC7UEXGP/Sgg0+GF8jEqDcrBwdFFuRAFEhGSZfnqQYUqW3b/ABdDOIVAFW7p+g1QS2KGr00WdujoIM1MAqJh+gasNQUI1egrsdHjyocLFn6x1jPIIr5zC46aLDO+daLvs5jvQXwPc34yy3zHagEBAa3IwGP36UiBAYTbisZdY7G9C3Aeuuy+i/fElW8sX6G2vAgSOJTMDOf1xFir9uvIDLLu9mhahIThi8lYKwbRd3d+QY6ws7t+GiAY/keQhkkYaxImOExK36UPkDByHGO/ocuEgPx/LyIPkjDWLmxwQj3YKwSzHIsRGP4eCi1Zt3eRhzoW75UilEJZ4GPp99yPIxk/vgNoW7tnRAQcjxqZrs/pwEwmCHd5IJPOKZMQYfHlDiL5Jjhg4+fjPiBQUWFAByTZHV/X3420Sl5clbgI8ZL0L6/5yV1BTxu0B6HIoTKjMbv9FMZxaCobldaw9/F83vdyCdtvwrLAmKWtrIqzopLsyosL95qEgGdgoFcj6MqJEEWbZVYJBdutY9mDu2pDuxIwmiLpGHSpSkT2VCBuKaACUlnAz8H9ercgYeh61e+CB0MCkY3u7s9r1bSvF0Mf3vTzp8xjb9ypJ8qDZlahl02E3n8U0ZeD1JpnFH5KjTwhb0+AQLDqUNYsD0X+KDGwD5CVaq8Hyl/nwj0AHICqJpd9iu3MOLlUkCTitQzVhIEQ37/8ojCLb7lTp3IrQ7U5ZZAt6GibEpwdx2yPKo7TF0S50cedMG9B5NE5UWstgsqYK4Cat3rC6/gmQ6lYB05Dz5HkM6wBTH97z4j2/wCeRHsh5v7PgY7r+PE/Ub8iAJgCWfA93+P7/wD/2gAIAQEAAAAQ/wD/AP8A/wD/AP8A/wD/AP8A/wD/AP8A/wD/AP8A/wD/AP8A/wD/AP8A/wD/AP8A/wD/AP8A/wD/AP8A/wD/AP8A/wD/AP8A/wD/AP8A/wD/AP8A/wD/AP8A/wD/AP8A/wD/AP8A/wD/AP8A/wD/AP8A/wD/AP8A/wD/AP8A/wD/AP8A/wD/AP8A/wD/AP8A/wD/AP8A/wD/AP8A/wD/AP8A/wD/AP8A/wD/AP8A/wD/AP8A/wD/AP8A/wD/AP8A/wD/AP8A/wD/AP8A/wD/AP8A/wD/AP8A/wD/AP8A/wD/AP8A/wD/AP8A/wD/AP8A/wD/AP8A/wD/AP8A/wD/AP8A/wD/AP8A/wD/AP8A/wD/AP8A/wD/AP8A/wD/AP8A/wD/AP8A/wAU/wD/AP8A/wD/AP8A/wD/AP8A9oF//wD/AP8A/wD/AP8A/wD/AMQAH/8A/wD/AP8A/wD/AP8A/wDAAAv/AP8A/wD/AP8A/wD/AP8AQAAD/wD/AP8A/wD/AP8A/wD+gAAC/wD/AP8A/wD/AP8A/wD9AAAAv/8A/wD/AP8A/wD/APoAAAAf/wD/AP8A/wD/AP8A8AAAAB//AP8A/wD/AP8A/wDwAAAAD/8A/wD/AP8A/wD/AOAAAAAH/wD/AP8A/wD/AP8A8AAAAB//AP8A/wD/AP8A/wDwAAAAB/8A/wD/AP8A/wD/AOAAAAAD/wD/AP8A/wD/AP8A4AAAAAf/AP8A/wD/AP8A/wCAAAAAB/8A/wD/AP8A/wD/AKAAAAAB/wD/AP8A/wD/AP8AgAAAAAf/AP8A/wD/AP8A/wCAAAAAB/8A/wD/AP8A/wD/AIAAAAAD/wD/AP8A/wD/AP8A4AAAAAP/AP8A/wD/AP8A/wCgAAAAA/8A/wD/AP8A/wD/AOAAAAAH/wD/AP8A/wD/AP8AwAAAAAP/AP8A/wD/AP8A/wDgAAAAB/8A/wD/AP8A/wD/ANAAAAAP/wD/AP8A/wD/AP8A4AAAAA//AP8A/wD/AP8A/wD4AAAAH/8A/wD/AP8A/wD/APAAAAAv/wD/AP8A/wD/AP8A/AAAAF//AP8A/wD/AP8A/wD4AAAAf/8A/wD/AP8A/wD/AP4AAAD/AP8A/wD/AP8A/wD/AP7AAAH/AP8A/wD/AP8A/wD/AP8A4AAL/wD/AP8A/wD/AP8A/wD/APgAB/8A/wD/AP8A/wD/AP8A/wD6AA//AP8A/wD/AP8A/wD/AP8A/tx//wD/AP8A/wD/AP8A/wD/AP8A/wD/AP8A/wD/AP8A/wD/AP8A/P8A/wD6v/8A/wD/AP8A/wD/APwv/wD+b/8A/wD/AP8A/wD/AOAL/wCIH/8A/wD/AP8A/wD/AMAHtIAG/wD/AP8A/wD/AP4AABwAAH//AP8A/wD/APoAAAAAAF//AP8A/wD/APQAAAAAAC//AP8A/wD/ANgAAAAAAA//AP8A/wD/ANAAAAAAAAv/AP8A/wD/AIAAAAAAAAf/AP8A/wD+gAAAAAAAAP8A/wD/AP0AAAAAAAAB/wD/AP8A/wAAAAAAAAAA/wD/AP8A/AAAAAAAAAA//wD/APQAAAAAAAAAP/8A/wDoAAAAAAAAAA//AP8A4AAAAAAAAAAP/wD/APAAAAAAAAAAB/8A/wDAAAAAAAAAAAP/AP8AoAAAAAAAAAAH/wD/AMAAAAAAAAAABf8A/wBAAAAAAAAAAAH/AP8AAAAAAAAAAAAD/wD/AAAAAAAAAAAAAP8A/gAAAAAAAAAAAP8A/gAAAAAAAAAAAH/+AAAAAAAAAAAA/wD/AAAAAAAAAAAAAH/8AAAAAAAAAAAA/wD8AAAAAAAAAAAAP/4AAAAAAAAAAAH/AP4AAAAAAAAAAfBf/gAAAAAAAAACsi/6AAAAAAAAAAFPJ/4AAAAAAAAAAGA//AAAAAAAAAAAQD/4AAAAAAAAAAAAf//EAC0QAQABAgQFBAMAAwEBAQAAAAERACExQVFhUHGBkaFAYLHBMNHwECDh8XCg/9oACAEBAAE/EP8A8UEYb3vgUJIhwYjylHz/AALCah3jtL9Ud2QHyFESof3XmhmHMVaHUmgpBRiJf2aCsF3IKjVPCVjUEl6FBmbhdKWV8UKkjI+5Q4YCwEB/u+BpFl+al03NY7MnaKBJcF/5vcpppCpPJweZ7IRYBVYAJVqbN4hM8jJzY5UICcR7GR0iiD8qNWxAPNSkbivJxPNTyUxBPISz7FtnsRU62bsXoQAZcMHZgfPosQ+0of8AtEOxapHNnyb7tLWBCCImSOD7CLt3cDf2N8/NC8mBQHpThBLDsGZvWB4bMGo5j/Rx8Mi9TkrgB2F7h30ogggMoI9NzpnaCRXdT9Z0XJG4HdDrqZceA2MQTqM+DrpRB6kVWo8kn6q7SJIdENvhtxx5A2SLFluGfbWiEAAFgwj1bVQixYtHZp0Msi4mPGprAUxyE3X4N0oR5Qcs+bj600mRCMH5Hxy41EwxJj+Au7u3rjbARHM0pWAueQL8MOUcYntozllHyPgaLEHrzu27BdjHqPioS3FzGRHKQg4O3zwDKK06m4AmQ5MnbiyGCiXoL+AnWhZAAAG3Ab0wpGOE9mHixHbGzqpeoAdeBY3SdpIn4aGSGBojD8cVmQBy1vB4DgYlAMQWsl8zxQJYMcqMQxo5EPAzIGGbup+OKMzJfcQUEcDnhkyuwmmfE8w7/mfrgg6p+8n3xTOYQ+HgkHJwO/FJaSIu8nBBwVidJfrikrMDnlCaMOBhmE8cl++KNJISEdIoU3DXmTwMh3Huag+OKmhZV1iHiHrwMGEgehL5U4qa9ddTby8uBBCEs5Bj8VNZIeqv3xWyBtHAl5MNY8BtmGKb5l2I68WSMkjqZUR4mXtIXrj14CUhQkNnGvg6cXKHSCTYGHKSTnHAGEIJWbgffIpLSSllVZXvxdwCwDCIyJU2wKNk/uz19dNmhuxEYbNi7xgddeMmVLmmvaGo+JocIUg2TL1ooGNhxOD0fPKryqqzdcXjQpBJZWWt+O2lG3q4CQWDdZBu0/UpYbFgNg+3PjZNyBEYRMEaPnqUH3NTr6qTQALBV1iwjjuNXxhx01REIRM6OmW5gEz3anqBQpKIArH+B7LP4DLnx9SQihETBIq0oY9th0fDQjh6UaWEF10DNpos6TZDd1fBl7CBjuAVtbOZs9yg7piDDsTEdvRTE3CkzLaBl9xi7HVKXgrEthoGAbHsQMZ5qyaJgmyUHszqueI5knKhLOWEn5utCFDM7mR1oSQ94PJyIK/n2PrlVYnmYJzmji1xL4sHxRIoWjn3bPegrVggj1Pwv0egi5GLQ2SH7O/ipaLrzh2WZe9YrN1uuvsx+i3Q9BokhLKQ6kPmrNv6+xoIhl2PuhmFyShFw7k+qXOxLPwFRwJwVXknijkWsYH4FJSpVbqyvN/+PCFVAhV2C9OLfFXsEveKSgyw9ARXvWM2YOq0nR2ek+kcgAAVVyAu0kES4DmEfHeodDI5chJnqFKgkwXnyEnmo43AZDdWeat2loIXiXOorvQKiJIu3HNxf8iqWASJuUKIWK9nmYcnvWOAaM89zc9CWWmJ2TZj0W3qVzpB5XLQ2KMP8MhEIRJmrivsl3wNW8DT3Vj0WnJhAER3HDi5qaS9h5ObsTR8s9EDlm60UCkAAHT/AHSZQKdhxKjCGMsJsAh6hzqYJmzcckt2fyMQqMQEq6BUKFcZV0xPUOdMIBk2O2DvNAIAAwD/AH0PgCOUl6Hie+GOTg+OTSgdhYTmN+Jzn4liA1XA+aBQBcjCcvtbajJgQAQHL8bwqXAjzKnFLRO6TxT6DySu5I9ip5mTOU6TNKKsxgeYpNnDUT/ASwSu1WOdwEfgpm7HBU94FRS2Y33YPzUOvzE+58lXMhaBK6r+fyMEgQFuUl+lTVBeA7hn07UilCI3Eh4ecQwAVdADGhWFCiOcyNi/KhJOtCP/AH0KSJbe1eUYNTOK8n6rw2E+q8OAFB6E2yS2IZQz5471NspF7ynJ2b8NevQkZDdXXYvQkRizubDI878KPX8CESgzDul/uG3zSIgRhEhHR4VEC0S0ddgb9taHHsAR/PDTygzE/hvjWKvMSzeyOjknByAKIAErsGdGTGxeBonN276UEAAGAcPfrgTZLs6amdL5CtH/AIu3BS1AAlVwApIyuh2Nd2XmjDiJ8nhEw3HJ3qPZPAw00H54GKgAkquVCyFuxJ/S7URkcTJCkAs1h3Q91v8AA58+AoBEASq4BvQsAXcQ6N9XpxZKaALJS0MBV/sGTn68KwSq2Axoj3GMWv28Ya8YLSCEPJo00mQsODR0TM65+uJ2syDF1jlp30ow4zastzNkOVSAzZCyYDb+y9Y0iGJdYPy7c6KmAABARtxtzdlg7k6OWjfWm/zQIUMIms+qLKwlFgxWwfqhuBE5rNd3jsNIJABiZdOD0cms/UBm0q6FBBYzMvjH2f8AnHivDhCRG0U1Zv7ScW5hyv6iflmg84Nwx7ewFuBexg4dHCkbMMxEYR5embkKG7m7BflXfnBmLm+wbYThBhk6i3Q19Niq4jIwD47+wpNy7G/MoAkkmLJiJskPX0k6cEWJhivQvUQBS2LewxwLITFN3Rt1PSHe2/TIbjm26PsScwpOjagGhKdTJNkh6+ikqFLdY+6DgCljGMXq39ihb42jMuu0nb0V0iE41g6hPsZfBiehuu5TkkQJCQxHobMg7k3B0IPY4RIRFhLIO4vX0CwEjdpv4DRCAAEGnse9cCXSezL0GGAbpmS9g8+yBNIndJGPMNA9EI0Rh/PDKLAasHgPZJFoJZtmfM/muWFLdYPmgyg65EeyYAMRMaX/ADEyAomLWKeQ9lEQSH7w+F/NJZIReb9eygqE2joxUQokJj+WdcSDsH7fYoCCNRjAWXC3+hKYsgsSxlUwAoCDZTJdK0+K5CjxH5Z/F03VR4PYLVUopyB/VEYrhYkmFE+GQWUMfuo3om2BbqWhASqdCT4KOMJtb3P/AJiUXKKFvBeaGejUIyTmgK6jV9EhxQFe0fNCGGArKqydr1FsoKEQXO36tRB7ojOD8NELSTOTC9pelLyciDNQPtp/csISGTZ/BhW1aPNk+X2AtWKgxWQbrQQmdGEkmaN+l3OrusBUBkDtKW8FTeCaXUl4aRibRYm0NUtu6iY4UMnymKQdhMTGJf8AVJYiDoofmlDDlgD4Cjxh/wAigd5pAPlgAJgZhi/zS2VyuMyIvhU37ceYJl3RSHXqKCOrQkIcXIh5dvwhNtbUZeB3Qj2BOVBRZFurLO1GLGQwCIlsS2zqIeQYE5xrRlctEdlWsA5ZrtFbeDwA8DL/ANqz8S64klfC81hQkEhjCN+09KSyoGTLm/2Rar9/mOJElt80OM8J5o4ZtKDCVIi0hwnD90G8rioZQjnvNSS8UGJEZm3modWFC67nKamp9HzTdts+Pw73F3aMaQew1oRfu6/sprAnoddXmt+v+/WIns/kMg4I96GFvYccMnWIlYv8zPwANMH86e0EM3YIIlc/wf1tX+//2Q==',1,'1987-01-04','198754752114','Gampaha','0713652415','0112258744','2022-01-02',3,1,'Star polythene'),(3,'2003','Wimala DeSilva','Wimala',NULL,2,'1990-01-28','925483154V','Ragama','0714752146','0232245811','2023-01-02',2,1,'Star polythene'),(4,'2101','Kasun Fernando','Kasun',_binary 'data:image/png;base64,iVBORw0KGgoAAAANSUhEUgAAAMgAAADICAYAAACtWK6eAAC6m0lEQVR4Xu39B5RcZ5YeCN7w3qT3mfAeBEASoPdkkeVtd1dXq7vVRt1H0q7M2dkzO3v26KxWR6uRNNJoVr0zo95pU22rTVmWYRXJKnqQoIH3Nr3PyAzvY7/vvvdnBrJgEpkJAmQhWFGRyIx48d7//uu/+12RO487K3BnBe6swJ0VuLMCd1bgzgrcWYE7K3BnBe6swJ0VuLMCd1bgtlgBx21xFr+gJzFRq7pnJOMpi7gc4nA4ajWHs+as8ScHfqqK1ALiK+Em1fCs9jgc+NWdx4e5AncEZBVX+0It7yiLw1eWqjcvFU9Rqu7+0eFosVL25Eplf7aQD2Ry2WA+n/cXi8VwviLRVKXWUnE4A0JpUAGRilMcJYfDVcLPOa/bk3a7XNmgJ5AOe73puC+YwjMb8vhKbk+tHGkP5hzuSt7tdOR94i7c44jfEaJVvKd3BGQFizlSzAennBKarZVDc+lU40wiER2fmWobn57qmpmb60wWcq1Vp0QhNJGK1PzlWpVPHwTBVamKt+Jw+RzekL8sTletevmtgIDgo45KrVIpOmpSxr9y+HfeW3Nk3A5n2o1Xh6uY9YQqs76ATDaEoxdaGuKjHfGm6dZYLNsUDM+FXZ50SJy5zY7wHaFZ5n2+IyBLXLhL1bTX6Qj4k5KPjCVmmiamZxpGZufWDSVTe8+Pjm6slMpBuEYhHC6YK+Rj3d29kdHxca/H43F5fH7JZrPicruFcgABkUgsKqVKTcThFZcvqGeRLRakWC5JBX+vSg1/L4vb7ZFsPi+RSEz8wYDMzc1JqVgRjx9yVoENkmzJUcUbSpW0q1pNBsQ1G/J4ZqNuz2jI6Tqztq3jfQjMWF9ze7KrsWl2KyzREi/5ztuwAncE5BrbYLSaDmalFhnPptsGp6fbTg8P7jk/MrxzrpBtL9SkOV2oxMUfaQ3HGoNVbNoMNm9LpEFSs7NSSKbl9ImTMjM5LXCTJDs2LlLMi6u5VTZt3iibN20RWBPJZHIyNj4uyVxGArGIBKMRcQd8EoIAxVuaJBiJyvTcrIwnElJyOyTY2CA1j0cypYLUqmUJQpQ8EKQaTJKzWhE3bIW3Viv5RAo+cWYqudyEr+YYDbo8F+PB4AFYmdPdHe2T3e1dybZYMLHHGSzckYSrr8AdAVm0NlM1xAhSjQxMTnVemhjvfe/EsWdStcqmqVK+L1kutdbCgbg/HpNcuSJTs0lE12EJ+MJSzRQl7HRJZ6RZ3nzhJ9J/5KRUZpIiyZT4AiEpZnPixne53V6JhALS0d4lNVdVypWsOFzY1OEAnDCPzKSTMpNJSjAelda+bgnGYrJt7z2C75ZzkyPiaWmUStAvU/mM+L0BCedd4oVZQrwCdQfpqOIHCI6U4djBEnlhtaRcqpWKxWytXJp1OZ1T4YB/GBbpQrPX9cbD63qOtgU8s20NTTM7/R35O8Jy+QrcERCsx7lawe8Wr39gbmj94PBI39jExH3nL/Tvgtbui7e2to3OzsTODQ05pzNp8cfj0tDWIrGmJvHGGyTjhtuTyoonX5Y2P7R/qiA//vpfiVwcFnF6pdkfFGcJnlChINFwRHKZrOTyWbl3717Zu2+PBINOCYTgZsFqVLCXC7AIFJIzF8/L6QsXJJFJSc/WzbJ2906ReEQGCylJcs+HYDsqsCh5j/iqbnE6IR8O63bWYJnoxlVrsCz4nRtC4vbgDXhUKiVBgkBKpVLGXyxMNGVSR3ujkSO9XZ2vrOnqGe5qaZ1uioSn7nLGKHK/8I9faAE5WasELkqu8+D4qb1DFwefu3j67E4pVFsj3mDj+KXhYCqRlKMfHJIy3CfBzwIrIE6PCNyg7Xvvk7s/85wcQ4g9hY3Y7AvB+8/J6JFTMvzT18Rd84gzmZEQlLnkSwIVLnEIVxaav1gpyhPPPCVPPfW4DFw6x20ryG5JppiVUCQsHR0dEg6HpVAqyemz5+RbP/yBtG1cJ/d84kkISEZKDWGJ9vbIuUsDEvPExF2BCXLawgGBYCoM0qK/y+RzsFAOcblcUsO/1dDwPS6nBKtV8SXncu5cLlUplyYQZPU3R6PvruvqenFjb99wd2PDzFOh1tQvspT8QgrIwUImPjQ52dY/N735/fEL/+j82NDuoMff7BeXvzEQlcJMWn74d9+VxMEj4mpslYALmx3a2u/xw9cXmZyclIaGBtn49CPie+4+OZuelq5Io8RKTjn3+jsy8L0fiRPWxJ8viqQyEoe2p+vj9LkkCQHJVvLStbZPmtpaZXhiTDw+2C+vF15RUfLpjPig8bet2SjbN2+Rlniz+GF5/vSbfycnR4fls7/zD8XR2iAHB85LD/6eTecsrwqbnVZDHxQWp1sFhYLA35cqFRy/LGXEKXzQqnjhEjZDEGuFvOSzENxsNucolaYDbtdo3Oc9FvN4Xn5o9673OyPRyc+19E7/IgrKL5SAvJsaax5IzLZfmpjciczTL49PTu+I+AKNicmpcGOkwTsxMipj/cOSGJ+UC8dOSxjukdvhlhrijeRcWnw+n0QbGmU2OacbsmnnJtn3T39dTk0OS6PLL2sQoM+evig//qM/E5nLSFMgKH7sKsYBsznkv6QkuSrcfLhUfXdtkzisgL+3Dzlcj4RDIWmKRMRVKMrkhUsydPSszPSPyK9/+avSFGuSMjbzawffl0NDA7Lpofukb9cOOT0xIN4GxDfOBeGgMKgBQWmRlqJSLKn18LjohiFRXLMEhg/kkWUMMZIn4JdIOCgBj1tcCPgR2Estk0458rnxULV6pDsae2lLR+cbW7t7xr7Qt37yF0lQfiEE5HQtGT81Od53+MzZvecGhp9JpfO7HFVXn6/q8A8cOSFnjhyVcCAsKMhJY6wBmtUtJw4fRwDugGZF7BCJSw6bpoqkH7NMqHlIAdo4urlPtn/tM1KNwr3KFSRQqEoDynxvPf+CbnJudqRekbYtS6acF088iBijJOJ3yi64V7see1Qu4fg1fwhuXF6K6ayEsZFbvCGpTCdl7tKIvPqdH8pnn/6k3L/vPhmZmpLXPnhPZioF6duxTVq2rZWLpVnJI3Wlm19jEAoBSvOUAcTsjnJVEJiLBwJmSQViE1obvLWM3+eRYUNV0vodgnsHU8tw+YLIHPhxIE+pnHVlc+P+SvVERzj84qbOnp9tW7N25HPdXVO/CILysRaQ6VrN88KZU1tOzY0//MqpQ7/i9Pq2xlzBlkC64hh446j0Hz4mm3o7ZMvm9dLS2i5F+E8dnd0yNDQk3/irv5G5mYSEkIGiG1NCoB1GLQKqWNOuXliH+M71svs3viRTVQhCqSoxt1/C2HlzoxNy5uBRGTx1CrFLQsTnFZgBifV2Sdu6Xol3tIoHmSxuUOQGBJV0xAaID3A3GCV44QUhtJEgjumGJfrun/yZPPfYU7Jj02YE9X75229/U9KIRT7/+78lH+RnJBvxIVmWkZaWFpmeTojfH8Amx7FLNbwi/pgPt6tah6li4/MVsoyI3hYc/mjvBgeCfP6JWTC6l4yfXJByvE458qWzYb/vvc3rNvz9Pes2nP/Nlkbkrz++j4+lgMzUas4j/TPdL77/zn1DkvvKufT4/Z72xt50claCyYoMvn5Imicr8tiu3dLW04S4HNodG3Zqdk7SyDDNIH27f/9+Gbw0iJRsBJvFBQ2LDYX/y8JlqSET1IwYYsODe6XpkbtlHNahhHqGBzss4vbpBue/mbGqwtJUERM4fB5xIZXrgbVx+hFvYAcyHiiz1kfFDiFBmKMbF9lf8aGuEShDg2fy4kZc8up3fyDPPvigdDe3SBOyWX/x9T+Tph0bpf25J+Rkckq6untlcGwEQhzX42WQWQujxO4k0It1dIVxwZqpYBDPYhXXXVWXumSmkK+gr7r9XkGigNYpBEFmPaeAmmQ+lZn2eTwDnf7QN9eK6/uf2Xffpac7Guc+jmLysRKQCWCZLqWzna++f3DL0YH+r6Sk+uhAdrqvbWNvaGB4SBqhWY+/8Ia0ZJzyyU33yl3QyIO5Mfnpe2/KxOyMTCZmZQpC1NbRKaiMy+Tps5qBklAUOwmaljsHLpCrISab4OJsuv8emYy44aYoKAQFOocKiQ/uCQNgN55VHIeaGglXuDLWMw9LBbGBI4PP4D8+dGPybiBGoMZ3Qxi9cIe8xTJcroCMnj4j+3/8Y/ndr35NGvx+OX/ytPzovbdk7+98TWa8bmlsbZOB8RGJNbZoNb6IzzHucOO85l0uW0Bq+IUREAcsyGIBUYG1dzstSQUBvhfX5PN44YZVpQjhJwQG8dVIXGoHG9zO5+9a0/fmg9u2jTwaafhYVeo/NgJyopaNvHPyzLq3jp38HALxZ4t+/9Za2N/oCnoknZmVte0d8o3/5X+TTdF2+eTuh2QzXg8e/kC+f+RNmXUUZOuuXbJ+yya4UB7IQ0QySNEeOXRYhgeGYUWi8O+xkdwuiTYiW9XUKPFmVLnhKp2ZmxRH0CcBL6CCdEwKJRUKmBtGA7rNNJMEK0KBYJ2jgg3qwLGcTL1CpWuRz34wiLY2NGIHuDgupJj9sDSdKBi+/vz3xZFIyWcee0IicH2+88pLgqKF7HruKRmdmZEYsmIJxEoVxBSRWFxSc0mNPShwPCYiDVsYaxBIuFs4Q2CHbQtmnYBxs4yAwFJICbEUExUUeMZpLhyJwudDUJ/NJGBSMiP+fGn/mnDkG49s3nr4H+66Z/DjYk0+8gJyqlb0HJ8Z7Hvn8Il7T/QPfTXj9N7jaW7szmPXzaLI5sbm6gU8490fvySZS6PyD57+jIRRN8hMzMq3XvyR7PnyM0ibxsQLnFMZu2gOGyyPQloQ+CgXMlhVxAFBWJ4qYhCgcsUXCjMtBQRUARmpquSx++hCITWkQqHpXGwgZq6YSkVBTrNIrORVsOnpVlFQiMsCTgt1Ebgw6urgLTgE4O723uIWxbGw2T2wODVAV1o8Pvnxn/21PIsazAMbd8jxSxfkr/a/Kg996bNS9iIT1toiQzPTEFi/hJCGJm6Lm5rHtYSEaQYVg3lBYOyjFsPeCUZAzAYnhIXBPwWNQkELQgWgQT2gL9laXqIhfF+xmnbMzJ5qKjt+vLO7+5sPbdl+8cne3tmPuqB8pAXk/WKu4c2hM9vePHnsty70jzzoiTT0+Zqagxm4BJlqSfy4gVHss/LouOz/++/Jlx5/Wja29QJ5UZJ//2/+jXz6n/wjKXU2iq+9EfFHAjfcKWGkcQE2ROxQQ93DC18+IzH69dgoWWpSCANshAC+jvcjVkDql5uFbggf9Nf5NA/+3vzu594HK1DipsWuZNzCTUwMLx90gRgv5MoFaW9ukKmBQWn3h8UxPCH7v/tD+Re/+lvihlD85c9elAxwAE99/jNyKTEFfDz0ezgkcygQeijYODfeZAogj69dJhQ8O+4wyYF6MHG9kFBAKOBAEFvnReGwr5WyXIt4AcRMCyO1ZmTfXLOZoUoi8cGG1ta/unfr5gN7Nm8eutvjh5/60Xws3MmP0PkfzGYc3zp7ofcnR448/v978cV/O+BwfDW8YdPWjMcXHJwCqA93GP0TUksXBYAQmTl+TnY2dsjGeAvcoJp84/vfkY2fe1qiuzZJNR4W1MhlAsFnmmlduD4ZCEESAnZ+YlzmkMGZwWabhcVIQ/vnsNvyyGQhLywhQE0qECQWET0Oj3hRSHQBa8WsFAVoDpX3KrRulbEINTkEgu/xI9vld8ElM6lX+j/cxLqBLXeIG7aMr0kipVuCC5fGz44IsFcdbRIBzGX/gXc0Jrhv+y6ZGxiVDDJnflgvP6wetb2ihyEsih6usxAqxKyR6OvCTb/czbNdMvzdh8CcLhWLjOhj0Ve6hj7EQcEgajCZgoRgbRHxwHrNScLt7PatXfOJS07Hv/njV1/7V985dnjvnwycbvsIba/LTvUjJyDvlguho2PjO14+cfR3vrf/7X8V6Oh+ZKZUDU0i2+NFoa6hpR0AQAduHEw/MkqVqaScP3BInty1V7pRcHvpxRelFvTKvs8/J6cSEzKOCnIOtYIQLEcANZCpZFImZ1MACTZKS1eXbkY34OoFbD4G2A5o7RosBKHpyXTacj3oJEHTsihXxpMPbiBC2vmowv2iJanCj6cvr4E7quylnIUNVPiHfVtUQOyfqetjLc1y4sJ58TfGZAqaWvw+2XnfPjkJnNbY2ISsQ0Ihhvjo+IH3pCPaAGElULEE4bMKhfPBP8+j7tbXf4/5teXiWf8yP+t5M4WHB11CH4qKtFwUlDSuP4jsViHLa3ZIDEhlYGXk4lzKP16pbgxtWP/lb7399n96+fjxz/+3gZObDlSTwOl8tB4EmH5kHj9LT7V/7+39uz84d/630pXa/cGe7u45l8vpwGZ1uxBDYG/AyxcfCn0ud00aEDife+OAoCcCMPS4oGIuI7AKm595REYB+ajBevgQj9CdckLT57Fp3cBaxVFXyEHAjGtShVuCrg64GTg+agtskPXRWrBegBiFm8lTl6atInOETieFpZjNvhBj4OP4LWMLhi50zOoU+bzAMJKpws2iC+YDVKUAIYsDRTw3nYIbGJWGrk45cuqEPBx7QD715FPyjRd+oKllF4qSZQgIrUsZ68Jahgqh7SIt5WYbK1bvahkgpAoMzpvn7oKgUOh9UERMLuTggrJQ6Q6G9bomcoVIY9/6fWenJ1rHf/rK3ktre//oldmhU4/Hu2eXch63w3s+EgJytlZwvD9wse9vXn7pmfOJud9wxht3er2+WCKL/gqXV/wVuAG8m9DsCqPAxqK7UsLf04k56Wtp1QzUJbgiXmCPfMgIpakFUc+A44P3Im5gyysMgdGyjAtoXo0mVZ+dd8yuU/CPVuALTU14x+KNzuPZ0kGXqf44ZgMqntB2p8xmUJfIfvKEqL1xrVoNzyNDppYBAhNub5Wxi4Nw8QCChLVqBMhxcnhYAj1tuoE9PAZBWose5jfG9Vr8d9vb01+bn+sFxcQq5jytkiLFwv7/+SQD/+1mS4CztaFhHXpWosdGRroRr/zh3w+fOPCVrm2AO9/+j9teQA7VMt6XTx3d9Mbxk788mk59sRQIbS45Kp5CCYE07mC4WBNfET4ys0lepFIdVrDMzZdMzaLoNy0P3/+wFODDHwVyNgKoehCo2jSKEy7AxLWxlcKgjvr8ndbNwd+xAUl/xp8oEBWkR3nsy314SxLM++o3l9kC5v31G5CmwwgX7YiG07QqtuPLzzhwfX4WGfFzAdXzIOMZBOWNa7vlzLFjigtra2yWLqR4L507K3fh92jm0jpMCQJCuIxW6OtkxdrkxrZZZ2j+Xv9b8xH+7bLA3X6TFh3tn2khuVYmGWDWggDPUh4JDqk0V2vOx46MjbWM57Pf+Z/Ov/ftR9ZtP32fI0C88237uK0F5P1aOfit/T/bfXxw+HcnMpnHfM3N6zwB9l+kgIgtomAGcF8OcArccdYWmDyi1gQpCFKjNXWp6Od0dLXLLCAb/dOTsm3nZvjxQWhjuFPI45uNQWHQWKBuM2jtwBaO+g1kND/vKjeOJZILm2ixVeDf6oNgY4nU6NmWybIacM3oxtmyqvUQ/Owuo6cDZ0fUfQ01lSysSrwL/n7ELwMjw9IFiElPZ4ccffct2QH3Cv4ia/+IfVjrgENXF1voRq8TlsVp3fqdaoTlMqtjn9/8tRsB0WsENMbOlpnqvVfv16wCKiOReKDkc99zbi7ZOnv81K7pZPbfH66VDu1ykNjl9nzctgLyo/R065+89OMHTw4P/k41GHqg1tDUNAMXA51x7MeWuBspRcQOVQDs6D6VHKgnaOENbgjuuh8BSXZsTNoRuEeRbTnZPyBZhIjhzk5JY4ekEW8EgLPi+/nQ5Kdu0oVQdsHVqROAOlWsmSa6PHUbzmyqeoHQ45s/8Dvq9gJ/zViGNsrCRl0uaH78vpwrQvhxTYitGPCnEFuEm4H+Xd8rF89ekt1bNktra6smCLKptDgbImqZ2CRFL6veguh51JmJxedpTu1KQl6/hQ0kxWR5WIRUK0mRpGKx5TDHVmK4hFRgabiDNWTwvE2hnuliPvbSoaORXCLxr17OTJy8XftObsss1t+P93c/v//tTx28NPDfFUPxx5G+bcoheK4gm4S7jiAUGSPUKipIxRagmQremmTdFfRs885Qi0FbQScVx6ZkHfo5nFC9Y5MTEmhCPzewUElYlRyC1jI2HFOyqrGZiLK1I19N9kdBfebf9k03f1PrQRgJ1Dyf/Pnnvf6FbcW/KQar7v3GSqlGtv9uvo9/I3SF508wZIACgpNlKDyDzda+aa1CY+bScxICXJ5NVtNTE5oEcGjBksIHN6s+fTWvCBau8Wq6e3Hq17zPKA4enxbDA8vmUctBf5SASBRDnYDTuPCKYChbA8wf2bWCrjXwXHBta45Q1BVuePDApf5//a133tj7rYlLjbejDbntLMgPJi6t+ZufvfrV0zNzvxro7NxWcHvdSdQh6KHHomG94VngpspEmKJIl0VNooaGozSEhrAmRxZZH+ywMHaRY3xO1q/ZIc5UXpG5MbgiGdz1LNyUaiQIvxj+vR1sWyA+e9PYd0o1InapuiEsktuCMv9ee7MxmJ5XzPiBGrQunLGsE57GZ9cNZmtb3gC+H16Ufr/x6ZkV0k2HvwOWD3wXULnY8kVIiIs96bmU9KFyXkVxM41UdQAWphEwmMnxCencthXYMGhrupu2uWDWSeXEDqKrtqVcwPIubM+rWZXFG5gC7MO6U0j0gV/wuGwd5nVQGRCkmUI9iLWXMHr3XfhjMZ0XwDYl1hCJ5IKOx9+6cKYhkUj85+cnL7382ZY1t1Vj1m1lQb5x7tDaH+5/5/OjmezXvPH4djQSuacRb5DZIxyOAjk+JzPAHIWQa29EYEptasG2mdy1IB+8Kfwd3SxBEasBBUNHFp16uEkBZHpS1YKU4Xr4kflhilLh34vufP2imGyPER5u7AW/vc5XuYL6M7HE9TTj5XGAdTZa8WZCAF9IV4nYLaUCQrGS9D9Z9J84kYljL3sOygItg9KInpb8HEgikLJmHpbQFt231t61Mm283muftg2Jv/x9l6V87dhMK//2cQnYV/mzLS7vA9csBeGNRKOoCcUAqwGMB8XGGH4mAmEECIeSy+t3NTTfM5TN/8vvvf3WQ3995vBtZUluGwH5+tjA+u8fPvkbB4eG/1ElENjqCQddabJ7BLzIgqAdNAfCBGyIACDc+UIZC18CCBAVadQxggTcwgUrgRihjLbWvM8pw8lp5ONR1IJZjyIoZ8OTN+QDrB3FQ9QKHOiki9OFgZTR8NOHpmtGbWieVmXbsg0KybDtBLNeLuyy+fdqcErf2zoW45grPS3/3P4eBSOaDWVtLxUGaH0eywIWog4Cd6WIN+bgshSg2nlNKTRWEf6Sz6OK3doo5wf7JQDLsK65Q6rJLCxsUhyog1RQrzEbW6/F1gTW7whUXLj9xm1SBbD4aQuUSU9baGPrfGkp0GmMJ5QTOxi1t8XqXHRDQsK4RzUoqgpqNAFCVhAHpgtoK4D99saCAFQiFvS3uSu+2K4Phif+H987fvwTfzF2vuV6SuXD+vttISD/4dL5rd/f/+5vjWbzXwu3d21xhcLuPKt+xPjpprL8aT1Z1gbwE1uB+DNCD8UxMZPFjWuZdqd905yAdiBmQWDPApcL7hgBidTMfrosSo1jLbWpU2iaEs/6qvLim1Ff07ja++c3nO2WmWPUf4/JnJm4ZeG4xEpZ25SZLavJyXbx7AMZN8iLBEQO8Qg7B8OAuTjxWgPUXS0INzZjGFvjL2VTLT7vxVmuxfWc+ljNch0thULFwicVSf0aUegVSYxGFb7fBeK8ImOsUCwQbu/ePZTP/d++9/Y7T/+v5w43L+V8b/Z7brmA/LdLZ9YfOXHyiyMTk1+sulzriIxLwiwTURtGj7bx+6+3EItTssYV8jJOIYYIrgmhEgxeFXELbWYIDK537Nv571G4LwVivqAAAkipUhHkkOVSFhMI2VJcqlt3fYgrI8Bz4V5nMhloOaen6vBsGpqc+qcfnDr1wNfPH73l7tYtFZAXpi71vvj6G7+FTMxvhBpjm+FTu9OFHAJRaHYE0iXCxy+rzF5+K41V0WDatgLGIsxnWhAksoGIFWmFndvVZULRDcbo1m2QlX0ztXkE8Hu6j8RGUUB4TQW4mgYasvgbFscfSw3IV3amV/80mVzgCUoJ559BXOXweQP+xqa7x1KZf/nCm289/qOpodjN+u6lHPeWCcj3xy92fO/Ndz6TKBW+AO7LjUUQOjMVSCc1hGYf+tAz6P2+qga0W0jNRZoKrklpmvQsg3dC1JlnsqyMcWjgP9f9vJTFuh3fM59sYPxEFkU8KCSaObO5svi7xa7S7XItc+jidMP1pSUEoE4ywLHlHI5A2uneO1Gu/uPn39y/4/mxSxZ58S143BIB+buxS60/PnjkmRNjE78NbbERxTZnFgU7zUAhbVmAoLDngojYK2VceNKXFedsH5tBqMnYmGwK/XMWFrl5Kqiea3Va8/GMWheC2Fuw9qv6lYbKh1ZSUbzXEf4biUtW9UQXHSyIe0MkNJvR2M7M+DENK591e8Lu5pZ9x0dH//nLBw9v+d7Q2VuCBP7Q6yCokDd+67XXnz0+NPLPPAAdpmo1bwWQDyee3NR5pF4LcLHciBf8RLGien6th6k31LtZfL8G6/CoUnDZ2tEeSwEpKw0PgnporArSoldzQ27mhljtYxM+z04/vWbEH7xOCkkZP7OhiwqmXpkYaItJ+672+dzQ8XASZGkh+2OOJHvo1BQAM1FdQd9+VWZrtagv3vjEB5cuFWql/L/DH07c0PFX4c0fqgV5YXY08vLBQ/cPpTK/Kw1Nd5WDYW8KvRFME9J65PSmIjWI4NwNqpwUaiCLH4tP2LgOvPHc/AZLZQpVWVgQN1gLuWmURI0pSvXbiN36UC9/FW7Xzx9Cs3O4Nt34EBbCbhi/0UKafpCb8sWrdFByjJFVkvecGLICrqGkWUg3mtVQjQ8FmyXe8MxgKv1b/8+fPr92lb52yYf50HbIwWra/daJYzsOXTj3+2mXY48zEvFkmGVBlgm6XHPoTqQpSXWeh9AQTuJFM84C9ttckym/WRxP3AyoJ2ohkK4Te8PpXjS0IkuIAJ1QjDyEpAuNRZMjY/NgOu31hpW63R8mG0VB4HUpr65NUs1zzyL7w/cwFmE2iE1MLMLp5/B3jUXsYmh9HLLYTb1V6+CBIuQcFJ47XV6doWLvB1yIzOG6HbFoW9rj+uKRgUuf+89v/OhD7U780ATk7VMnN1ycTvxGzuW+L4P5MbPAUmWRuSD7uFXXwPM6Vd56V8G6oUC/4slA3FgDTW2yg49NTUghYsqTBuMxaCjy3hLwV4PbxroBrcjPH/NWbZUrf+9ioTCxhelzZwbLb1tIZq90HdgXw/jKUIxep3J+K694Xt2pK2hDdlhApcuI62BMMgcFl6xUe2er8tWTo+O7//jImzA3H87jQxGQPzt7pGf/qTO/PJJOfcIRCrUJMlSETFjwCWo4q7hUX2Ayhab5VO5C8skSDbsAx447dSdgSTQOoathw05iGEAzBdwWIQ9NaKktgIChCl8XLIHAKlFAFoNMPpxFv5FvUdIFFjWZouZ12wqAv6MwkLmEIEX+nbUEuismm8UBPVfKXt0uAbpaOCZm7F1o3GRFJCiZBV6xRwoAl1Z8Pk81HNo+nMn93psnz2z5i3OHP5T4+aYLyCuZRMPxsdFHLiVmv5KuyTrgCtDXDUocaHiSJV/vUY92XfxeLjA3AYWEm8VoTLUguDK6WWNTkyowMTCkM0aZGRlX6AnjEDJ23O4PIyDGrbqsdkPoO9ggY8CqkQAiiX561kKM6zi/HnUW5ErZv1u1BlXbeyA8hcqRvoSB4hACxJ8xZ07dbu4bd6wxkvP6HhpIZX77yPDk+g/jvG+qgByslf0vHHhv39mJ6d/PetxbS/D5CyjasTjkpGZky6siP6D9r/JcDG2oh13ozxA0poTRk2ppV5ugjVXyKPiwUpi7QYYPHzRrE+orwxf7JQYWDnLWsqr+UXCxzEYwG96kccm5RReLc0f4oICoNYHiIU3q7Vr7qN/YJLkzbF1WByenmwIUz7oOhIP7hExi7MlPQmByPl9b2ht87uTEzJf/u5deaL/ZQnJTBeTEwPD6g+cv/PZUsbzLHY26HQi6ilodJ+UmNAQ5oxa5Trxg41Zd7+TUzWLFnebYDlxpSdhUlIcgBsAPxYE0Q+jVpiD0IFCfmZjUeggdMsN8eLMXeTWOv9i1YtBOZCwtCotshJow68efNWNn83HNC5dtRYzQ3A6KwXKTGXsyuWIxSioAlPsDbjCFxAcXixYxj9T/HK43C1BqNRztnak4vnZ8cOShvztzKLAa63u1Y1xvDy77u8Fb1f7WoUOfKbo8e+E/xmpkMUeGwqFU/CBKY8ZC/UzGDRayVJ80tnbhr/7159wrO6A3KU3FXtlZHr63wH4RoH+7OInpHKc4iXR3dpExWsYxBwSFAqXR/Cg8jHDUB+yKuYL1oGIIBsFLhYQH/00LQiWhODNa1ds4QKdQ0L2yXCwrCiUwVVHVQFwbhDQy/xqvcv9U2DDnCzhL/uD6vNv7m+8dOdJ3M+/hTRGQ4+VSqH8usf3gxQtfcDbG+4qIOZR0DReufQJYEBIKsH2azBe0GRYnrfW83IaYv1uvTs7j4/vwSup+zdqY7AeOSXoDul5oVQfs3Y1RZd1yAa23JGfoCMRBJAfa0OFRoF5JCcoAESacN0AF1dJgxqrx9xaUe6E3wgpw689zZbfHpCd4lHrUwOLf040kEpkCQfohL1LhLgwOJQaDsVyBM0jwRH8AMngWGwo7C5kPIrmF1UpsKSSrVmSE56ZsgSUvymLUtEm+mAPkwZDPEXheEPP5Qb3qRBaS47PLDqe/FgrtPTB46bn/Zf+POpb8hTf4xpuyOm+ePbnu+ffe/j1/X9fOaUfROYfWyyza44povyxgQwPwQfYqqIsgfiLtGmmf7WcNkO2fe2Jh9Hd4hXPGVzf+zTmAilBAEMeg2w2BqRWxCWiGQUA9DC0b2gz2RPDUnj1xXjZEOmRvY5dcemO/9DQG0Jc+o30WFZhw8vAGIHQR3Ag32lvzsEAVCFgOpZKCdshZQuGB1LiVCcUSTBuEf4PLbr1dO0zsbA0FVWHgTHdSbaDSyaem+ag5wZJIOlUPXmvYNN1u9LicH5BOJBza0Up8YXJIJkHCHehuF/R7qwJS/JndV4KATyXDIsW20+qkgriFFmahB8fuo8Glsq+kyD2i7dAYE+cJwtWCIiygIIo+ICeZHbEOAk7gtKPSXtu86Z9/48ixz//JhRMAc63+Y9UF5KW58e6fvv/Br0a7uh5KFPIh8qxRm7FPgX3V3HyuIiwBTAlTrSRdqKBnmU8isK78at5D0mS+x3rlZ81DrYqtHZUAAZq2AE06Ceh392aMORgakynMKt+9cSvGCfgxYu2YxMGwiLdY8QtTvoSf2BV2um6ssZikgG5ojZfoClIvr87S6VHqiCLmr8cWPZ6bgg9JDsFediQ42MvCsQhoRteRDjzn6WwKfFlwY1EcZUDrBl+YY94kLRRXF+TB6qu5lQ9N66rAWtnEhd4SXDPxZHWpf9NTYprSqDnojYzki2vC6zb8xo/2HwBdzeo/VnWFziFr9cPX3tg1k8s/lymUOn0YkUytHCu5paHoliYIRmMBT77iGVYIOrrNfKhP4HmjrzUP4NHYxrwI9kLX7JY5BSTiyZ5u+uV3YeTyyZF+6Z+dlDDmjG/atEmOvvOe+HNliUA7BbjhYYrytaJ27dXIvUvXDQJsugbn3S7sMItUwdL2N/uhcwZtOAmDVZJHM3biaxIoAfahU4CmMJ6N2Sy+h/GIvtcmmV6JlbvZ17fS47O9uFyqrp1Izj3zr3/8w1V3tVZVQD4YuLju0IX+3/Q1t26YSGUcXvSR02FgVxm7/gyDOcrYNnu55VZYddNlPNmzbWv2ejiFxhL4Pr6SLNoLJpMGEKodOHdCUrBUPX19mN7kkKHDpyQE0x1i+6y6fnCt8KGSF9aIhUdNN1qsHfPtsVgx0/duCcnq1VLqBc7ofDIqIkWl8QRZFSvc/NgUBaSvc0hfNwKISXdwCqPXGpqa4V4yxYvzhYBozeQa/TQr3Zy3+vO8v9FABDwFifZQS/Pn3j57es/fnDu+qlmtVROQQ9VS7NtgI/F39TwwVilHHE3gwgWzhrKhw//NQygyaLNMuUsy4yvJhB+s6V7EJdgVTjj5DliYG39FCtAeQGORN1i3jBYEh1aBZIbnwuiQ3PPck/L+0EU5PzWuU10fBZn16MGT4p5KixczOjzQylVEvzmYDJyKZSWw03zwZHicBRAkg3rruWoW5LJ4xoYILN59dJs4WoHCT/Z48F/xEQFfLzswk5m0NMCaLE7v3upNfDO/ny3WpRzGXIAtJS2OjbWm+Fe+e2D/2tX8zlURkEGMPnvt4KGNY7n8Y+VIqDPB6mcsLAmQLTgQmLuw8Ugm7VISJVKEgiUwgAo4sIhOTi3S3BOC4xt95dQnk5VRN8vyY3lRqvXxCxbT5kBTKs0Rad+5RV56f78OwdnUtVZaHQh0wdfrwjQpDy0BzrUIZ5duFh+GnIDCZuoGSs3D+Hw13CtN2Vz/FmjaFrEHsWNEILB4lsQ8kxDHTIP8bg4AxTIEKIxCaA6IZbYOWILy0Uhjr2RDF9IFMM6HJQPWo2zI//hwtfjA/+u9nzWs5Jj1n73+3VnCN52fmOrYf+TIV8MdHVvHUkmnm+RseYwGALuIE8LihX8fQN0hAIviRXDthpvjQMZFwIZohbtWFuOGn4w1uHmV3OByC0LXiPLIdlsvxhAM43y2PfGADCQTsCgj4sPGvG/rXZI41y/lyQSOgw2F/cR0ahHnR4nQ/BrTvshamUmxmhauYy1ZwvJc8y2Us3p2kZ83HFarMEcmqEUjLQgEJQd6n8ZoTLFKswBhkgLIj8JomoNz0FNRZFJkUZ3HEnL+n+3AraJ7uNJ1WM7nmUkkszx7hirwFMZK+V5HS+M/eOvMyVWDoaxYQMbRKvvigf07Sj7fE+lquYWcU3Q/Skg1NkG7ueEK+ECxEwQVTTgBjiTM2AvhGcaTv/OmEngP2i6X8XSBUVDhCMyU2RlR3vr6AqOH1XtCxOMgBwDlT+/ObfLia68plH5L3zpJA5tVAUTDQwI0BQJasHL1+QkSpHDYYYaJN0y8s5yber3PLIakqyWj1WLAjaydh24WhLmEGCQMV5FqJcNOSQBA3agTFBjEMy1cV0m/XcCJ17v25fyd4/HKqItkAJd3RqKu0Vx2cyUa2fMvvveNpuUcb/Fnro8WvM637B8803MxOfUPZqrV9S7AHMpscgLbelc4Lpn+QelzeuWJLXukCzMjHNBuXoxbTsOSJOAyRFrA7QT/mbWAqz1MmpOblq6G6Y9g/0ASC7P/woiMAOadY2edPdzFgXy5pV0w0xzpzxi4o2YKIFSDEGzdd7f85IOjcvT0adnVu05+5Yufkz/4zl/L45u70H5A2hwkm+GmBCNNUtFzs6bQWlrXPKwkr+VlrdDXokSYQ2ieor76bUFoSGhALBmxa1m4U13hRiXm3rVrj1bMOb6aQztZLwmCgjQFDqoQwJkpXDu7J6/0WLX4aTV24QqOkYZ77Ic7P+cAdxphNw0NrTPT0788I86DOOyKWRpXJCCna7O+b7yxf+dUKb8n53bHHNj0WvPgXDv4/lG4A+tbOuSezdtkSxRFQWaycL/gXElC6w1kLeeD/OiarP25V+bCLd5Ea14HYxV2gRTxOyyCHBmc0rpAEa4bqXysrWxNdKLl8KLnOQthylKzwpqUYCEeeuZpeeWHb8KCrEFw7pQd6zfIgVdelft/5fOSgEWLAxqfnMLUWA/Ires6fq3QxGTnjcAsiMoK7vNVP1pl3AGsRYUk3fh+pjULCMidpPlBk1QNcdgcYO5+CARzepx+pfD/OtiNdfCfdxbUWlnh1kf2oR2U2oOPPcB27ZoLnOaO7RPZzH3/75dfGP6/P/UccEXLf6zIxTo3OdF9vP/iF7OOSi/5cYuEP9AFIBQAWtgDrceUKCvoJFzmnL0kXikgrJhyAJlWjbHtia698iuq13X/UaD4Ps4XZ1hvNgLnYPChxT27kYqIVpe6Hfh2exRzDtZqDdysNAzDO6eOwqL5Zff2rTJ1aUCmzl2Udm8QWS206TJNrA07VlrXZMjqW3tXhzKHt4BRv/1q30vjxhm6ImVjwbmTXTI5M6vFQUL4yZrOnheOpS6yx0bBmiwu4kB2r7rZHiu62cvfYzf1kyye0hqqG8nxEDoiwtM2Uyp94cTo2IozWsu2IIeqc/5vv/7a1uli4T5PLBZ1YNg9UB5awaU7VOAge2RTDl48h5tWkf3IuBTg6/NBf5mQE8738+JDpNu82qOeoYMb1vybFmIOm2MOXEpFBJuorNj7zKJrZm87tSnbOatIi4ZgSQocSQYhHi8k5cHPPicv/93fy6YtfdKBoTr3bNoqh15+XT79m78u58Ynpb2jS9GjPEZ9XGDmXhhrtzpCcvU9ZFxLBSpimQJYu7GZKQ3WyYlF33sO0JPG5hblEauR/AKuGGeDWDg1y9LdDujd1ZYU3hf2AzER5IOklDVexL7y+p3VYGX7VKn86L97/dWL/8Mjjy3biixbQPoTsx1HB/p/ueoP9LoQX5RQOOBsPHARqzIscO4G+VpDXnlniuBApiktvib1WhCbkGe3loXWuxY5XB2xQn0vto5UZu8AAu8q1YbdYqo9Ewr/tAB5+XxWszvsWmS2w4ENNJFIyp5t60RaovLu8SPy5IP3y97tO+TUmbMycfyMNGOSrBcFtxkIYQXHooayRjQTim3dZktoaKtWrpcNhGV+A+l3WBtbAYc2rsqyMQ7MKYT7B+FQAuiJaa3ZhJCpSzKQ1yGjyHrRhFzz1FavwLnaG/9GjsdWBw5LooBggpU488xGIv0fDLQVS5XPv9t//p3nZ8YmP9vYvqwhPcsSkEO1sufFY++uSaDPoxwNhgtwqQoYFVYlwA5cM8wBkRShjGxWGJo4m57FDUMAiW43AtprqF6rz4hhKg7UQqzHVWIQ3YkMVhlfLMQo/DxxOWVSBOFnH90h1AjUD6eLZZfYy4yJ8LccSR2ogbGx4HfJ8bEhue+Tz8jhb35Ttq9fw+lH8vjde+XA2+/LU7/ySzICJvkqpMFUzRXFQrCf7js28Sygb1fixpsM3NU2Bc+d1lLJGuhlwc9OIyvYiQIhV2xyego9L1Gk1P06/51nx1CMffiqUPTkzNreyNa7/d9LJIMTNTauD8AP2rtbYsoXvyuimppxOzancsnPHO7H7D2RweVc0bLU33gq0XrozJlPor+8twiLkST6lRVtIEwVhMiRYRAUZ9mDii/wTZhRV8WgzXIRZjCL/VnEvPAigHVJIGZB3lAuZfA3PK/yWsGHKiU88Wrex3+XK5gbwjQv4x7b0tCCsGGKLCkESrJHu8Tpq9hYfgiGpj8xd3yiAKAf4Cex9hY5AitSQqC7d+tO8QKfNXT6vL5fN6cdgxh9qwJCKAeOvXru1cJtqAdHqgUhxxWyWKyeWxmtgjZKNQKhzLrI9PS0NOBn/o3KQJNiprtSSRuWdYuXs5duyWc4krqEGfYk7A4whYMFICEH7z3Qvg3VaOiZ9y+c2fTjmbFlpRtvePVO10qO0cmJnovnL+31+dBgQS4j3ChmE2jyVc3R1eIGYgYGJxxC4BvxY2Qa7n4V2H5mYiJ4L5umrC4POCqIsDhbkPFKjYBBQOT5b9bFmGli+zr7rllJ5qsHrg/z/TCj2DREBWNz8JWu3Xw9A9+F7yG7uxff6YH/TmKD2VRS2nt7ZTgxI1v33iPHMHO8htiJwrSuu1vef+staUJfhQfC58KTtZb6SU1klrcafWgtl7Xu85vJqsrbRVL1p60/mUYiMk0SW0XXSouV2Ag1JB0ibJJilx3iDx8sSBFrWcKHy1hH1RXEb1GQFQVABkmeL60ef7a+x6Bob8nOtr+UvSoVnAxf+axPqxllYdALfP259LQdZxK8ycm+ZK2hu0UKqBosSqShue/S2PgXRlMZdMvd+OOGBQSDz6JvvPnaZ9a1d2xyY5a4F4sfxWbyIosFRwsbmpShHDuAk+Xmxm9ZSXAyzYqNFoQtBLkoYhYUCYHh8OHG+tiDgR4OPtk5RmHT9B2eOWwAbkEX7y4Cei96QPhfhZNtS9AWBOUpYYO1iVDJUJ+UZ8PpUFXEPl4y9uFBTcyRyl7EP8TwgFFO3E2tsmHvA/K3L/xY0jjHvQ/cj0DYKWePH0blH/0VxZy0YUiNg+BAVq8bm8DWiIE8cA8L7DtZgYa2qv/WuDKikk0HnZ4r4zhOj0KSwYEZKVwDTpoqziWljPkgEaAVSNHaPz4ubevXyRQsag5KpQwoTwlDgjiRysvakEJuLPh/kZNv7U0Gh9SaQ3KNGtSNb6cb+wQFogwJLrss8Ko1FoG22jR50cW1npyRwlcjTGZiSxk1NXKCuTEXRsd6Q5t4cf/92B9h7JXkVDra27fxoW+/8OKuGzs76903HIMcPH20t1gq7YVr08Z0q+Sn4AaYDju6HQtDLSl9lu9sq0UAFq0H1Rqe2mbLRim6SNakKH6GC2U4ktqACC6mwW2FOIfbpMLFxMZhkxT722lFTJZp6S6PpfUpRin0lqy9e498sP8DOTc0hL71dnn8wQfl7998ST67eY1iufKKe/KB5M6CdVRhjWqMt2CRarXcCmoJC51+7JS0T0rXoET+YIXwW21PPmjGEAR3GileZrKU0xZ/d0HgOeasCm3EgqIDSoiWBclqWE1iZ8hUaAN6NC7DGtMiMUbhPzVmu5UPu+1aGU2sefUac2IVGOfNh1H2KZoORFpGy5pYlpFPvtcikrJcYO4mD9L8qXyxKxwI3v+X/Rc/+LW+tTeU0bohATlRy/i//v3v7Wjr7d3Y0tIO/KFDmlC5pfthdulCRsqemqS71vbgYf6ti7KxQJr/v5zdUN8OzeK0bSljilnAVcowSXO48SeHh2Q4nYBWRQxjLYXe5uU8uKjsFnRhCM3mu++SV958XX7vV39N1nf2SQyDXS4cOi6du3cqu18ZM9idfjLOw/JxOi7Oj/gtI/vL+f6rfkZdLvUUkc4F0yAQCMzYeWBpSToRxwg6H1zCUY655hahBbVRBtQ0mgq/Rup8Vc91BQfTdgT4TaZ/h3vHwHqYddSNj61iwKH6Pjv+I0bO8C+rC2aHW9wTapnt/AQ5nsH20hQN+u87dPrUt/DnmycgU7l083Qm/dhd27c33bd2p4TwbeyJRmLXXqYFbWR+oyds93pYSV6ldbO3NLcBZdSqkvOdZrtbNXHGKA7BaBU4BOC0wnOumpP+sxMahDugHWpIELA3fTkPLiy7DoeB6br3icfk26f+CKnec7IORA9feOIT8uc/+La0rumTxp5OgBxRnMPFFrB5A37C83EDiZxd3lcvOl1Ta6Gisf6kmwHrxI1QYqcj3D8/YDqVbEHWtHegYAjNCIhJPSBRoTh0OSlZWHhaPwIub98Hd7F9fvNJjwUPRNWerfsW13EUCM24ioVRet/2NDKTsTPDUGvMaEGX5T2ujefHh+9+eXb01FPxDpj9pT1uyIKc6r/YOpPN7oCQhJM4PiviVo0clkG/z7IaVqrVeljiYP2LP1k8iGYGnxEQ67K4FubV2ncchQA6G2wQvz8qE6igzFQwsZatudiZNKkMzAzSdmmXvPAunlUaWBIv3KcMfPG9jz8sr/30Delp+aLsXrtJXolg/t97h2UviB/o35Lk1IUMGIdmhtkfrxmzeeN5o19/zffrcGrucxRCI0CsslfehQRHGTgrpz8iaTRIpZNpaUIPCHteSPPNGMthp7VNoL6qJ7XKB9MeHhsBwSE6lnWwBEZVKX6sJ8zg7xmbGSvC94C8QS0M18sE8EpIYUsWExdVP0j1HOUOwJOeOTU+/DI+dmmpl7JkATlSS3v/5Mff3zJbyncfPnPOOYP0bQ3trJEqIeyoVs/bAJtjl0KifiH7i3GnbYi4ERvefRWIujK1SaWqkCgfJcwv/O1Z1DAcGIWQRdB+bmoa/SQhsDMGcXy4H0gpL1eJ64IiTeaCmzg8MiFrNqyTs+8dlDMXzqN9JC6feeRJ+cMfflumQI4QQj8J57QXcL4Z9IL7cE0BBPkKjV/2w9agXBs9BhfMOpguGVa1DNhLPB6RGqzFIMCf/afPSd4zLLlLY8jCTUts93bN1KUZ8HKuI6wGj+XB2tC9YAxyOz+UEwuPeS/9KgGR2fwaW3CZ9H1WOwJ/R0tSLyTG6WYq3IX0PhIavoDXu/Hi4BDJr1dfQEbTcy3DidnHqr5A8xzSphPHTli0+8hKqdUwFzovKNZVWNVvO+awxxobG8MLIuaJwmPGFai/qcfQ/Ke+kh6oPJXQVGwNroXb16SFR4VhKHGDEa0b3QoIfsEKkkRdwR/m7PGcbH/4ATkMK9IVb9be9Z1orDp34JCseeYhi4UeFs0P1G8ZXYhshF3+d9edq2rNhTjKCIfOMkFw7oZ7NXD+gpx+512RsWkZx3sLI5OSglVr7WiWLiB8a3GwRZJ3jPUQCEqVCmZ1/L8bXdSlv19jDktAdKPjycyaCgz7bjRFbcUgxmVi74yZ2GvQDbwHzIaZ+fULCSAqaFgYFLGZ2fKUa5HEyMTa1wbPHXu0ZwM99+s+lmxBBqYmG6dzma2OSDwUijWji21EmlpakQUCalbtuX2D52Ej/B0zFDa1jW57m5BYX3nx3OB00Zjes2QCHAo2kRgFBJ8os1MOGhR/4DRUhwt1DaxEPg/BoAASVrJsAWEE5AQ9aUGCgEwXHHkJdbbINM7p0tgoiOY65el9D8n//Jd/Ktvu2yulEIZNQiwAqZZkEY4eUowsyq3Gw2hIKxNn6hSgwed4CPSeDwNImYH1cCKr1xGMIO1MVsWyjJ69IJOTkxKK9lh1KBZGISDqbkHx3N4xiJ19Uhoiq79fdeI8T4H9s/7OrLMVyare1SDfeg8FqsoakEqXydTBA0EMUka6G2lAdFvWmmfyufuGE4k38a4lCciS7u6xWs7zwanT6zC/vCeLk8pg8cMNzZh3DTI4aNEcUq45bDVUQfQJLCwqmWDeqMK0IRxyO9A4VQWmJI8CXwko3AKqIyls7jR8elTTPXN5cSfz4sHTjbnZfOXv+BqFE1ocnZXC0KR4Z/MSBHYrVMD8jwpI4ZAipuZZ7oObsQZL4EM9I0t4PFKlU0gjP/TFT8mP335d6wwNKHA+ufNeef8HL0sjriUO4UwMjUhjLKa8wOZh2NZNVX+p06tYxKu3HqYpaz6zg8Ig+1vGz6K6D2vnh0vInhAmCPQ74FLNzs5aAFH0xWhgTg5k/MzC5+38UGI+bOACMoTkH6sG8H8hD2o/BZkDssIZBmMJamUV1NaquNF8ss5D7gBmFZkZ59+wFUC0gVqJDxV0vL+Mn6v8DJ4coFQNIwOKm52N+hsSfveuw1NjGB6ztMeSLMh4OtGQKOR2FV3uJmZ99OahFmBZw8tlTG+3nZFQF4F0/KzqsiGOqUrEDC3QwN0b2+HnBySMoBuiZFV5bVNqqCi5cfIZtOh60GQFLTqA7r8x+OKMPWpI+5KPdtkRun2eDmASgnSzSkilYuHdiPrjrXFZf+9d8sNXX5bf+PSX5K51G+T8yKAkTp6XtQ/cjROtoWFpAnEQAnU85+dwGPdAK/mWM72UKVbqTy/ImnXniPuCJmTtp4ApTAC7qaH0KIEdNShZJfkha7y1NcGXvrz+cb6xbGnb4Ba+C34UYXY1+NEFdKE6sb/8xFfRVcyB64uFTN1i1j7TmNVmtuSfGAKyfsaaWEnLCIg56K4hmq9CSbPLkmgER9QnSSAoXBHfmlPT45temB4+/lxTF92Xaz6WJCAXR0ejU7nMnkogGEH9FaPSsKmYRcIZan95Hb2MKRTy1tFHZNm/BhfGh0CJfKsubK51LQ3y8N3bpBPvIVaRlZD62Kx+r5hWKqZ4f4wmsen0BCrYyEegUJaHhndB+//87rreZZs9CH+W349jlIrgxUAQXkQiIAuXccsD98orX/8bGQKosQOu5PrGFsQAH0gAsI7GvjYJNURlNJ1Uc64BZp1QLO3bzbtsBWOyYbaboQNJuX5QRNPTs7C+4Bqm/23Tiip6gDEG/seRBzq8E8rH8PdSaPTnGzuZD/XdVAAB7gs63zxXAA0pHGEqP2j8PNALnHxr0StZPjj5AZQLTd1zqwrGFFFJ180qRHNHcF+xrpJGc1kWlt6FLCjQfrT8rcMDw/dfmkv8DG+ZuN4FL0lA+ifGY+lipbsWByd7GWYPcQExLxRfComLnLB82PEHqxp623F3qBHy5RwyPjQ7bKTCTG+ADPkJK01M4YAboZdv/dt6tTYOm4AIQQGsEdh/uBAeVLZpUlHVLtG3hBtnikvXu9jFf6cyIgMIRzKQepQIZJLGTcJl6exqlTV3bZWfvPmqdAZiMjM6KUPnzsh4IiFNOxC8f+IxdDIC+gD8V/00J36H6Vsx7cJXOy8rDrtSmljTHprFIg5tDoBESDCCcLAosoCGjaHwC/KuhgOa5l3s0pk58MvN8N3oWi7n/RqYo67jhBsZRoIh7AmMuyvlEU++jJk5ALkWSj5v0N2Brsk2xGia4rOwZRb9kb5ijVDnAFCRQCdLHXggRGGCZvn3SAv6f3JAZ4PeiYTpDncQO2rt1NgMy3jXfVxXQE7WCs7/8v1vdmJUc0sVGqtGJjsICDM69J81tUbtaQdXvLWmG47f7oLPmIdPSHfYA+uRBLbqzPiAlD7ABaKBiY2iJEvQaUJ2atPKTlgag3FAFRolgZbaS4B8IJ8tGU4dwupy9IETbYnL3QQ8T4QzCg0PYGZIJjknUWw4Dkcg2fa6Xdvl5YN/Lcf6D0oAsVCEBAGIjQZfgPLBOdz93NMypfgha52NW7X45+vdBUUf2Awj9Frrr4edkrMQSlUZijkj1gpuFeoiecSCfvAAUEBYaefDMDH6gDcjW+Ryrev1znk1/s4RB75ETmK4B7s3rz+wb9dd/64p4D3hQnbO53bknUAcImu4A/fpn0BAnsbG8tCKsgSgVLPcIdg3ReyFJKL1gp2sIYNzBJVDEpxPZgpycLhfvn/8PShVUM1OZooNFa9v9vwo+h6u/7iugIzOTDSg53k3YBYNeXasMWsEz43+n07YQKDMii/zB+omKYbIStXytUwsEIQqT7pMuge4mVNIE2cGBiQLTU1eDnYUGgiKWg87hlGyaLgKOdzoAn1Scs9ikxJOUUaER62/kge3FOeoM/tDKPwsQIAeuCtBuFEZwPDxK5DdIW5sjsMYpyUILdfc0iaHMikZfPeI9GxcL54Na+HeWJpLofZsCrOf/LcZh3bl87RTd+aPhobHfuXNJ1Q/mZhl0MfVthqhuEYAYFazeYk3NaqLlUBwrqPaiHDmWAT2xmgcdDs7WRiN1xSTCLZId0/HG2vivg+Qh8sAUoq9XnbXquVI0OsdxxUP4aazFtrIFatHW5BInFlUpGtUQPg3CkiU82DxwRa44jPFdq1ZMUOaSqd8YX+gdTqV7TgwMnFmX2crHZmrPq67wwaGh8K5Qn6bOxYJ5HET3CAycHCz2z0fLvR56Cmzd4KCwSom07UqIJBuHcPMFCpuHLmnAmA+galLczOF4gigUGzDEaxct5Xm4+eMCWVfBoGKCnpE0dDFNl3uEXD78ltcumGWl8rS72I/AYUPmaI4KtTKIE77iN+lETTW0DcC6Kx4kCzIp7IyNTQq7aEokgUpeeuFl+XR3/0N1PUtthWTyTKrfdm4tKvcgis1TNVDugnPZ4OU6S/XkWyc7Eu4dLqqvSBW1goMLKgYm/4RtgwsNEytRI3cvM8SHnIui+gyn/c4JqL7ap2BvWGnYwbQpVLM60uUarkGNIHdhTMAVN2JsIJTwVgHsdwnpnh9UNoVMHbO+eFiwZLQBfPDvYohLeaE+z2OLCUocWUG2ck0lEoBwTralftAK7vzXHL6MI49viIBGZmdC2fBc4BqpKcCjeXzwW6oIEBTKsuf8S/oJvCrWL+wFBcvgj3qfu12Q+84UpOcbVEm3Sje5EOfeppYKnuL0wpZQmIdS/1z/M0PtCrx/RwNXWUnDE6A/FAa4yxTOFQL41BhmF0SXOchiO2tLTIzPSEZMJv0dHSgsQpWGHQ66ZFpaQa8vREtuhfOnpM24LOaQdpGtngg4UBSAZC9ZrQQGMPCOqHF2SutKGZ7DmI9lsiAB+oJsLUazOtlLwx/VlgrrhlrXgWamY1AWpakO8v+GFbJ2RsTDSuQk01pDE/VDcOBdLafrXjMBtDbY2dDDNFBfXLk5onClY/McwijvXlybFgOj/Q/dGlmtDGXmKkgUK+ihSI/OzMTCAR9qHxX8bQHLHHv2AVGFhUpIERqpJHiJQxFExvQtiGUEiggqNvJuSTGXDT4lRTQhwFD2Xy+wemsPnwmMfH8igXk3Ox0pysSay2gZtHsjWpDOQkSSi5oVJwQGQx5Ly0Salsw8KL4KMYS1NLQwtruio2jcGu9Kxahgg3FMR/VuobZQLqpSL5ACLf2nVuweOsumwzd8qwHjwIbDssAri6cYwl8RKPZOSkiZ+4KtmLGRhmzDKOyc/f9cvTkt8UN5nQSlLV2doAoIQ3LA2cAKerX/vZv5Kv/9J/IVDaNAUG4HoyeLuGik7AwPhBZeDXbt5CN1jqHCoC1NYtIYESAJq4i01eFhfU1gtwCLmgKdYxGZF5KM8iUpfLSAAQxBbkAbckNkUrNUXNIbG2PDCPx4cc8RgbtWcBgQlBISv3DzK8hbeD11i0V81uWxf+wxaL++xySTYLDK9jIe+qYK1W3CfBvJSiBFM+7oQ2DkGyXknuKQb09m0VnW+q6Wl6HtkbbiZ0MFGiSjC4QJO4xF2icIkB8+IBIINgT6HOnLxLecnZynE1UZ661Arb6v/JbXq4lfOlahcniKIy3ajE24JDZTxkIWd5nBdNudjFTjOopRM38h/nfLVJZFirT+v56rL+2ttqxyMLZGXeq/nX5N5jH5xw8Do3kEbnIJUggG5VIS8R6TGtnj7Rs3SoTMwmdk0cGFd4HBs8OpllRlznx1n5pQ6+7Iw93FhmxIogiIigkkmrIumnWMpvYypyxunhqKfAu/FEbvEhGwQjO5nsqgBjNpWhe1kV4EHJfWQvmQOajBiEp4nzJzUvLo52CdtxBITHra9bSvNav+/JXcOWfNBPFCNspYz2LDqTvgZbIOwP6mkXmLjf/7wD+jb+xWIpnhlB2KCo+sy6+348nMHsuUN+idqa/h3XNq5aGtcVS+xCIECGO5WzKVCrdr5amr6kirikgyUwqksvn1yJDgt4bxhn2MBc7UFz58tzaI1hoUpvzSnFiTFlbmooLw00UxyjprffcrRs5y8E9dO9wYzgawcsDQLsfB8CRM9jD6M/PI9BnME0mdrYMU2moK2Ufrz6+sAp+TOay1djq49Ceefzey7ZRvM7MYM47fmfGQTMVbYgcAgBwMsFgPmfmgZiU71JioFt7By63YKpAKPjmacca1nAkS9kw+WPakXWUHxM2dL/xwSs9GQaQdpDxL1+VDgqKC/8OZkuFjYlUMrJsCzI1M+vPF0t98Kf91IYEfi2/IHarb8WVv99U79WC8Ukzbptv7fKFJm+BG9O0dYPOFmFV1gXtVSW5HOMnprzhTp384DBcMrR+YjMHobnSiE0sJLOVQqhPfRtrqVbAFhBdX1ocxEI6moxrjdpHAgKiribJKZg3tK0EKUfDGDPnJiWpLVj1Q0zrU86358qbs7K9AdtFV7dJm9GsmgdfHdrvY4kNe+q1ys4efGz+Ip4FwlXY98GNzx51vN3MlqxwTDgOWkR5gK/IjSGbyh6RcjBTKmwDbes1073XtCCglPFjYGIrpBYRj9XMaIDZt/eiL+3suO+4kPOsibhAZsjMIE9uagpFOeKTbQ/uA+4HRNHURKzZEKKCWoMfSwMwjZyAFZkBFKY93oTMFwQJ/q6Fr6ubJ0JX1D413m7d7MjucSgltSGtE7W+skziy0sI0NPoYKTFsmpEPJwdu+A1At/aZM/qZ6gv7epvj3cZYobFLqD1bysg17SoAhovtx60HIQ+XfZE6KH/ZjEZgsJMmT5xQBUcChLgRBiU5Mg7quvGZqevWTC8poCg/zkIaW3VAR8k5iJzCIt69L95t3CT6rMzt8eSL/0srJSy9VTfHU/C7xWCj4cSHeDSM9A67VtR8+hqZ6uW5GA9SLsfgd/L3m9akhoI3OhqRfH7MlqEoyTS1oYYa0Ob76pPQKiQsCPOjjs0LiAsGxuBGZoCQIlZQCVIwj1vdez1V/cPdKPmM/p3025rw16WggNb+mrdrHeqeZw/uEEXLEw95r0xcZz1atXYrKd5v46oUItjBe7zr+o282lZX4u2iWwEdFXdEVgQZJ6u/rhmHQT+GShF3TGaf4vz1vKXtbWTAS0bdJZdx75ZC77042pB097AxqQbgefGo4vlRHYrCwEIIB285f575Di6+PITCWnGv0vINiltEZuS4AaMnLkgl46flkA7Ni4sLhlJGHirddBba0mKZT2s+bMubP5iOQ/9w+m8uGkUULzfg8/mEKAzzauM9nDlCG/np11KF1PT+KjCLA5jGBugaPpBjMB8FOIQ079hipoLo8DNvTQlBP7b1MospcaedmtGjPWw4hgrU2itMP9NjJrmN6y4kP/hfvlAmzOXyrZea8dc04JkS6UoZt75lZ+WacHFCFWT2l36nrzt3mksiC4uN6xtSfgzhYQ+bh5xB2l1Nt+zW0LclNT6cHvSKBxSG2GB1NUSdD4eOfCuNCNti+IXPsyB10atWJaq/mEyTrQaZqIu32819yCwR1oXpXTFiDEGMeBDtQwoevkRg+Bt81Z9scW4/S0Id+1C7tlq1La25EIGc+HfBo5EhIFOuyVYli6p/W/+7CEgVkG01it5zbTvSO+v5QFZegrKCMzmmVKp7bXi9Dy/5+INelUB+f70BX+uVGoG9irA2hw5UB3ILZsMirKOzzex3Hb7fsknZAy8ScHO3xhmTbAvgZpDD4Ll55JV5cFPPAmmChBIA7flRdEJE1bRT4IeF2h4QUFvFqyMYxcuoY8kKAHcBGXfwCbnzSEkpaTtyczHkCsYm59JWaZuqRuxphF8jlajAdgwVu1BTa+8XlYDlBWjZAGD4dQsd4TkcTYtKQNXvGeeptT+95IX4ha90ax3ve5YcH0txswahQBrx14YptGZmg9BQfmY1IBGq+iTfSGA5sCklzXW4M8QCKAL8ui1SDuKmC4ABlA0TmXB4ZZBXQTTBiLZaqUNbha5R674uKqAFIolFikb4R4Aasg+cwtrZdxqu87F39yipV29r603z5fFVPR96fYQOk7SNWqdcFDW37PHGtXGYA+ZJjKM5MGXRSoezss7sv9drX6zfhHADWbKlmbfZAAtYmkH+lBAH0RWSvYtEM1Jsm/UUjyE1gCDVSQbPpMI9rQoxXaRtQRr7gFxnAMEEqYVdfVW48M/0jx5HTaXxlR2nMGdpSl11ofIuQvF4GGPOVHciPOKwPKx5Ro5KnwIvfhsDuErUFkIyaHgUJOqAi4EQXGiGcsZBCocwkPYew6Wq+Rx+WHn23OVCqq+Nygg6XwBkwlq7QiE3MaHvtxFWKDJ/PCXdPW+cV5zac3i5yvL6g/DjaILRGtC8ogt990DlF1YktASLgAFCYHxESeGjQ1AusyhX3/s3AVpADzFzdFuFAgcgwU83nDlDqb556gCWB4WYRXUiO+igATQSlBLI4OFPnz2f5B7VpuK8DmrS9AhEQToTnz3ra2Er/w+LIbgaKaU8R8TV3jN5MCJBssI4KIyZkawZs2o/bTi2rvjQDLjnoAMaf5JtjTSUJFUw8P0LtzUItavCpeLbhXrIoB1qrKrAD8F1pxOjLC7nJyt7rKuGqSnMzkPXKtm5J1ZQKdXqMUa67HgN658iW7tERYsIc/DoIqtc1K/FWqskGOzEoUEeXZs2Ehzo7Ts2iaT7x2BqwNBwbxF0u9MgTurAKgHGqHlDOiC1mzagIwYR0zjhjOhgWDbyylXEJYyaFSVclRh2xA/zRjgy/A3zjIpAj+UQQ3ES25euBV049gxx7mJDJZ4DkxbwsP6yD64rSwBsZlw1HrYsRp+UIZNaAY/hMJJ5o5CIY8tfhEAWCD9y2WsTSHmQgseEIxYR5hdTaMz5eeEUvdAyDzNkWhsLpvryaaQ2IWdALOJWmzeAzZdAQjbjG7VGxeQVDYDmFUtzsynRfMGf9C+h/ynBrEf2VtjCwD3o16Z/f/MWi0Sf6Zc88BJ+bFpCSWH66kTq7Y+vE8m+wdkbgyNOOxJQEAeIJlbAfNIAMtPXOqXC8eOS9dd2xR5W0amqgC3id2LWtiD5tOaB5vBsMmLiEdoIQjLZhfm6ATI8RCL+GkxkNFigoSKir0gxGCFmxu0j/4jfw/sPWTk3GK1sSA4VF5ltFpTsfixxr3tLQfu3rzx73qbWw770cYecbnn3JmiBxaaYbgKiGZ5keqDgGDQgNM1k071HD17/vPHL174MmY3xmpBJjiggFSSIB4Vhz+TzV/VxbqqBcnmC3CcXSHmmuvS+ZeJhJWu/ChLiY1vsi9BU7t1l0PtplOwlE3eSlAQIlmAuV+zDoyLqK7PDL4N8u6gjGND9/T0aCo2A0AcK44H33hLWtf1YiZJM8w+AkM0ixXRZMK5ghrbQBgcpKTB8QF70BkX5N0tAkA5dLFfCbj5oGCWwOKCrIuS1oXa2iTa3CyoBMNlWG672O1x3yyvxMrTWvGHlV63UvAIxuNhcQM4Wp1LlrE+U2s7O19HReo8VD4bLcqBiBcdSfrQkggFROGCUOy4V+6eYHA0my/Gh8bGH8oW52IV9jSxD54dpC7MEHC4Avl88apycNU/5IsokbmcQSvLY+WhWcT9aN+OyzfFgolfuDkmoW7cSWKuiI5l0Y9uEnW2D4hdpn03gc/3zOlhqQxNa2xBK8AaBmOOEu5wGaPcjh88LOsxWdcDV8xgpCx4ifVQK0ISbCCDofC0rjI7NSn958/BvUK8goDUR9AdLFCI5BKYvNsMdy7SEEeVH7GJDhb6+DxM2l0zWdhv6EUCq6S2irnL+VwjiMR78/GWqVwxEwIvQi5bMzgI6x5CuByk+0WVHXkrl3OqkOs4Oze6c8pV8mfAksKuQtLHlvEMcLKAy+WF9b/qIl5VQJA5wTxOZUSYL8KYCGQxKvUje3s0uFrIvVtYH5p2Wk2Lu6ugRULOGCmoa0WFF4s3yMWhAblr7RqRPTvl7fPPSweq7DOjoxo/RFEHKYDv19cUlUv7D0gLGONbQpskgjjCAavBAJFTFQvIuNC98yFIcSPAx7wtFL5qACjOSWF0XCKArZTwvT7036cIWETRsgLaI19jVLzIYlWTgG5/ZBefS29NA1PH1s42sA6l4E7tN4eQcPAR0tklBNuD4+P7fvTqq//akcsVy3MpZ0M8Opst5fx6GCuC01AO7pV25QKX5fSGItXRuWRvulLt86KHB4utw2YJXlTvABkSxNo3bkGKpTzqLIR1WQis+ZI+zoInrs099cnrj+CNsuTDugjjKVouo6Xf1bXEDgSHgF60C9qHj8RsUuKYA89RBL07t8iRd9+R0YERtL9GJDcFQmn4y2vBgtI/NoKFKsrFtz6ANQhI07oeSSKrlcKmL8M1Yn7eF3PLyPSYRGFF2tB5OQvLcegN8JrBBSBFkh8NpNUMdCHdK2bDwKTYtGkNGs0KWkW/ZqX3Nr8nlktrrz/XmgGvjag2saED142EEVLt6HFxe4MD5eoeJ+A8rkaPRUniA6vBon2o1se+f7UCkiHoYqWmp9BVkC5Gz5/SJ7lU4Tm8mVLuxmMQS6zVM9TtY26EbiD7Yuo31m1+L656etcT8iv/3bojSnwGpve7HntA3v7xT2V2eFw62zpQA8nIMAL4lpZmmHTcyLP9iB3KstvxhHTs2IZ4xqcNVjX8bnZ2SrpbW6XVE4Rw9Mv5g8cgZLNKk8RRYh5IKGeSBJviMpmekcadd0tDb4ckkP4k3J2Fyo/yo3595+NZdeXrr8tGRWMtSiukU9XvsI9v7eUqUUZX1TPXwmKpi/5RXvybfe5UGxm4SWt3bJeBi4MyMoZ2XVgMtgOjhqQ6hkLAKntmaFyOvPaWzMJ9alu/VnrQS86guwKksL/glMT5i3L8rXdk/OgZUBZUQDkaQGDOqcG4RXhmweqCyqJsumuHugmkStK23pt9kR//47PQddWrvC5pw8d/fZZ/hcy2oPkWWr4qG4HTygCaPoehOyGQP3Su6ZUkuhBZ5w0hy0XqjNS5S3ICQMe5gVHpWrtWMzQBpITPYkbi+eOnJDuMcdkQigBdYiKnEUQyU+VtiEhialzWPPmItK/tk/7ZGYn0dcnw1BSgKeGPeCZx+eu/0k9qCxZKX9eSkGsJiG2MVnoaH9/P08VyQKuPg3mEAnHXow/L63CPMpMJxBSg5eGwUtAUzQK3RWHSabSwDqNgix997yhIsONghyxiDiN4lFEMiSLA98E3LoKYugIL5MXsxyxIz9LIYAkC822o4JfZz8BmITVQd+zHSneXAiisTMEVH9eK8e4IyHVWX/tFkIHKA/w2CyhDrLdLdj58P9JcYRkdH4PwoE8adREOmQQXExLzyFoBoxWCkPiABC4Mjkruwoj4UyVpQsIwAC+K0HnSjRJzxc+WEeMUUY1f98A+iXSATAJ0nA2gQk2ATC4M+qE7XvBKRQSF+GsIyPUsyEc7Alzp2l3n8wwws4BAuKH557JM2Tqld9sWpHizcvbdQ0C/F4FWz0tbQ5NC2BMY/kN0bmM0LmHQ0TBtXI02WHNH8L4iqfBh83k8ZuazGMPAvH0UbtWWfXskAUtSRl7Rh79XSMTMJraPEeznJt+uq1kI0lxfdZ9fy4LwQx9hpM/NX24uEKvqNbhTLnQQcoybAzxV9z7+qOyGu1ViT0JjDC7YnIwCW+XBjMEomARLSBvPYTpUEUW/AnpIcmjC4jgDEjCQKzilbhWgJyFkH5Gf3LLvXgl3tckMfk+q0STeH8EgzwIq8x9tJMPNv0fX+ga7dHHNCUxXFRDUWMpAmF6XHv7WXuKt/3ZyXxGOzn6ZGrJNSViUaTAy9gCD9Uv/l38mAZBgYydLGW6YqzEi49kkBKkMOtMY6hrIw4OUK4sqOoWHpAIpfJYAyDLg2eXMrKx/9AFxNoRxTMyLR0DPlK8b2S+CF73g573zWOEK1CpAvYN28UZjELR5gu1Hxz/deVxjBbRj0A7x2HVJ6hl2IGbxzKDR6oFPfkK6PvEEUrQuoH2nJIwJVq44ZiImpnRgDIXCAavBVz5rECRMKtGKvgDS3oyJux7MKGTDFuDZ2ptCAg3y6PG5gLC+c5uWuQIFCMhVB01eNQaBuQexdgWksHce19Iu86MXkHViTEI6GmZpyZzIdthQZ5Psa3tSTmImyqlXX5c5NPl4wJ/ljZFBEWlGbaxGII7dTivkQXyR4dxF/D6M6boN3e0gP8P4MPyOAkQXTNtGgREj8cBV0y93btuSVgCzbVJ+r+eqhuCqLlYoFCrBgiCqvBMFXm2laTlInu1k+7Hd66yM9kzDkqsJGS6A5SQLS7IdtEFbEZuQnLiUzwBLFdENr0BtbHqOL1BGEzZUsXcEx+lC6tgJuDuLjuh6U/IHIoFJE0TrcW3m+CXtj1/oNymyvlabCwaYP7zy46oCEg6Hi7hhZL5eyZzjj/UNYMONRRCgXPaqz6nRWfMgdSkzUW4IAgYQyRQofLahVXfL00/B3QohozWp9KIUCnYaOjjLA7teaUPZUgokb3s7aIbAqE/romMnIHAqgADaKQ5rheMfPtY3Z2kXxzlE05Fg4MYtSCQSySNQH8P33IlDrrHYTmhzJ7S7FYeQkgZdaizNIh3LeSg5NFI1trVjEBAIAxDA795zj/Rs2owcLuh8OMsc3W1kRqFgKGEdu6fY1AA3rAETbRUOj34QDxkUaV2UQgjxCOH3NrHz0vbCnXf9/ApUyVw6C2/pxoN0fAgzb1x0se5YkKvsLQusZtH6qM9jHmRItC3JLIbtxMC8HoqEJY36iBuWYevmLdKwZi1WFi20+DSFwgfTwCfrJHyN2hNtzfgE4rrIVK4uGYmtYU0Y49x5rGgFyujNSWLEwlXLGVd1sb7a0Af2lFoS+qpgcdVabHXmcSWCgxWd6ip92DTcLH7l4S+D7OsYL/7WovexBv5c+dU6NcPiZ31Oh0liEdg74kRPmyFYNt9j/t3c2CSDg0MyA4i8PxxBG5xHYpi/3rV5swbjLPxVkPa12Cot8mq+kpyB8QZHGiBbop2EHItQAmjRDXfLq9OG4Wqhd44JAfPkaAQ+DQqbbt+SnouifctpXHia26NrSHS3NrlazJqLn+a95h7ocCRaVa6vomMWPrdKt/2Kh7nsfvOe2edady0Ff7UyFHZiKuxVHtcEK4Z97mRWKukybqDFk4pcPgRFGdFh6nlzzJiCm3mh1zr2fIrVXnzTC7DwGSMI1o2ksJsNTpQa06f6GWvwiNIbWXB+6986JlI/Z4+/VoGw/q5ZKzZ8sn2WnyfjJD6jQ27sZ2ouIa2opJP9vQJXaQKjEQLRoHRiiu6xg+9hZmNOx2FzihbJIQIYo+DEnPAc4CUkyjb8spwe5UXtg909FRyjhKlGZOpwhEPojrP622ltlCTNlg/tw7MH+MxvCuWMxfnbryV0QSr3L0eU4XO0UnTfXLBQ7KVnAZPMjlCWSB6AUgcxEdkiSSbBCcN0HUkobQqWKgBMsuEXdofffN+QWX+rv8jWzex2WgGkzBzHHMPqI7EUOg9rmPr53db5kCXUihNBTpmNVcuDmxqbwbRx5cc1BSTodWMqTCnpYD82taR+C1u36ilyVnB1N1GqzIIZAaoXGPM7i1HEEgPrYW6aPW/RtioUEqWu5Oui9/uAsyJHlo4o0DkjlrWmwHC9oqh80xrknBnJM5XLAJsbjrxW69dI7fBxVOOLSoCtAsshOGio8mMzMkCPwTWrorEqCcKHGrmQcXgMPZAGFBZ53IHZUWxkNFaRkwvC7mavNYN6tnnjWCHwdHGWCwVQZ7pgYayWeAo2xwGgWxJv5kYvKU0j55MiLsKbaCHJZJ8HSySuDmh7gCnRg0IivDxQACSi8Pou536moBiuLquv3FgNQ4hhjZiwbDWhGivriTSKigKxWNBUEaqwqNayqF3Zzcn9y/8qpWzM45ne4mi4qot1TQFpiERzF5Pjcw5cEQ+sWRpzcP3y20s4uCCqQWwtpju1zqxaHWycjmsvmi0WZtyBuZn1C61ra8sONazeVPuYfF8JI621K9p+ckSEamf+Dz/PJubwHogQJ7dCU3vYlcheaGzudevWyXkISBXgRU7SUiJrnjCtATJZNQ7jRCXKhzpInIwODOpJvIwekyo0P+fEbwNCmLRARUxzzWJuexYwlNTcnGQBhiwC35WeS1nVEvL9Ip3sgUAHAIvxAzzpQFGya/MG6wqZjcN7AhAYXnOxiq5HgIiDgM6QT4oClEGVP4NpViX2vKBXNRTDVKus5Z3wM4t3A+8Hf2/UDzeqxdZuCcjNDqGUlJxXr8kMS7UZ8+qgoiqV0/GGKKDUV39cU0Ca4/GCDIxMYqJUzUHWAt473WRmOa4F5brW1968vxn3Yr4N097UehPtO6jqou5uqulfWML5G2feb1wFNaD2pRuTnaPbQaIGWFk3x61RkSilDzmXMBi0qUFZSyogg/OQqJqxBFwpJ7R1I4jPLnowAAexhc4J5lhrHAfjIJnLlSxg863xmMQALbGyV5Qd9FODCieHjV/N5OWNl16TCgQpB1wWYfMFuGxVWB4N7skbzHFsEDiluKZys91BnUUCoXz/Jy+Kr71Feteskx70qDQCKcwUM+su7EUpoK2Y1KdsN65gkejOuUAwlUejWAZ99yFMcjK+fT0uzCgrdTnt210fA1hrayzy8veDNdVsYR+an/T4tlulloxxDwm+eetJ9cq1qJZnWhs6oAaWKSCdjc15EDMPFaoOjIqrBc10C+O/3g5Auau5UpYZ52PB9KrQGLNvLytHHczLChWtah3rphohMEeqFxRzHDfgImYkWoUVcNKG0tyTUpRCgi+lpq9wBiF9G1DYKEE1Nm5ve6ecA/2oE0QMFCjCS0hP5yFZHGDtZGcMQusngL8aR90E81oAcpxFVAilBwsC3lMJgYiAwqbpYJx/AILkC0TU/aKrRP5fy+pbrjFTw3wv3Spt1wWcPoe5JmcvDMpZx+vixsyR3g3rZeP27dLdh6YvKIAKYpE5xEUz2RTGcLslAEyZo+ZFu3ASmDD6+dx8lvKwrIS1YgvtrXVulv23hSbu5QvHwievZIssUakQvsNzo9dg+VoqOGR5RV/6QFtzy/LHQLfH4mmQBJ/DF+RBuxmkqeWR6Trw6y228dvLzeLZXBYwcpVsTWICeJOB0yKdavwFs2CNJbDqEjoawVZFGvIR6mFUk0oI/03mQ5prbnKr0OdBPwd5er3g7qWm98F18oO0IYDN7g9whDbiCcBMgsoKDyPObBWOTUFykqSalXj0jQyDCPvEgQ9ANAAYPNK/yvqEGCAIqxJCdswP9C/71zVmwHeq9SLkBcegYJDkwYyNpoVjxZ7vhZmy40jEHbA2IcwAxCRRyC5ikbmsDB8CderpC0gA+OWuhx6QJnQvNkEoKlWvzEBwC0lo4nBAYjH8LmdZUBVAPI3FUGthKxnegvpdotvU/sVqKtkrKTRVDepz20kYvdfsApV80OM5iwTKVQN0nvc1XazPRXuzX/v7Px0Gl2kGN6+RtP8asNM8U0sSZnGLBUT9TFsrGeEwQbg19JLzOeY9UEub0E3UGIEbSHM99gJSDDiH2/63eZ3PuliUQPPzLPh5bHT+m8GijifGEahRGSeQS7bRCwtBNkSwaxRnE5LBRk8DjzUOWh83JrxWSHKNi/BCSyucBE8v3C5scclNz0jYqD+4XW74/ewV4e4qYnb6XAXCQU+Krp3OaTcz6jnLxUr3kjJHdYRaj4rOrS/Z38NYx4/jcqoW5Ya0Q2RbKTJgx3kV8jnZ/70fSvf2zbJ5727pXNutSYPJfEqS0wl1+/xgoZ93orCm3BG6FeusicoCzrk+xrss6zRv7W/cmiz2IOqFRF1SKjVmF5mdZBIFsSCdVa/blQt6PUNPtaxbfgzC0w07XZOZqmMWWrZHKZwRKFLDOXDB1FZ17t+NX90qfYJCsuBSWQe19YW19W1DoHlxFRZualvl6Vhmy0RbBT9+1kLomlczl2Lx37kdSB3q0fiCeSiykFcwFSqFDZwB8XJWBiEIGWzmBAgdUiOgATK+G4JofkMEhiHACcKgtQFXpm5sWgaHTrbFeqNfhOtscTjBAtjZAF5HAWl2kmZz8zMzw5hHr50ZNMQNtCjMiqmM8T1UCnDf3PgbiSVYpKyyvZdJBAg0EzG8Fn4Pz4PTTcIQoCFMzho6d0Y23r9X1u/ZIa3IwAU45oz1F2w6JTe3Fc/iW3qZRbcNtXkPl2JlOSw7KbPoS42QqCJk1s4mrbbuM2I9KAbcrSTGkhMpcs3HdUkbelvaZvrPnhv1NzTtTCAQDCL7QSwQIRYuLOQtHxY5T6htb/iFEFsvXEcHACBojSfjRiEokDTUuDm4sSUEzZzyRBZDlRX45RX8DuzHmvv3wHmlgHjZEgst74N2J1cuA+0i0p/5uRmZRXdfYnoWAzenJA0ia2aTqhQAHaJDSn5LZBmk0/3iVOIKXC4O2OFGZWaJM9DZmst5F1m4ZQzs8xAODgblaIUg6iPsUbfCectCkJLUSdXPdLUdeGpsgWsu0+2DUCgzui0glnuMJ87D1DaiGOfAin4ZrlYVLhbXx4nrI0k2bUEZ6eW2cEwmMO767A9fkpnhEbn/ySdAVdQkI4kZztgAT3AckBoE9IjBAoDHZJAsyMH16gLEJov1UOVjezoYUW4XZOvF5Hrb9Mp/t4SS9SCu7kIhl+/WJScJIK6VlpNAB651AUorjnMsJJOTiLWmrvfN1xWQ9oaGpN/pOl0qVx5C4Ad/gTNMKIG0p7ajeb1vuYl/r8+jmRjDBNn8Wg8KXix+0dd2QOPRF/fiqZk4bB5uWBQApAyeKbqqATQh+dEEFeBwTmpZCEouBXdmbEomwbaeTiQlBRIGpk+L2MB50Pgw8MYXWOlZiJUTB7LWB8cjsRkCXVKYMpimuwXKSuZUEDgiO4XvJsy9iPewnqs3HJvbCzIINwb0FMHz64RguqCYXGiYojyUqLnxXxm7LolzYI1DrQe/nzUWuGFexA9ufC6OY7CAaQSIbb4URjCaa6A/h8DfBdaVaCCEWYgcK4eUMUfLIS7yQWlQcHyYXd6NlC5Hys0gNnl1ek723LdXdty/Ty6Cq2tmGigBuHK87qnxCQljuE+sJSaDQ0PSCOEyGVZ1feuCkflwbgX7Qz0E2xswCYIFIjnWr+yRbURcQzMFOG+kVMqjHHuuM96Am7dCC7Kuo3s27D32bqJU+GVvKBjieBJaEB82EGMQVcu3+FFfDKwPAFWTUCNig5CHVdN8hHNQq0M4qrjhkSA2sHYeIYCmJYHFSI5PyYXzAzI+NKjk0gUM0swDU1BDcUzpRJit0nw3FAWCcc4FYQzCOgIZEDm/UeMifGeNxMvMuZOJnQU7WjU8TepV6yKocTgx4J7CzFMpokJu+ez4HdDADkSU1MPp9CyKiAjYaeo4p5ATl+JxDIYJ4SUmzSC0bkCTVRy1ER0RzdQsoSssIEIpqIOBDU8ByUJAmB6eAXHENChTea0cShPAMaMoQnJN84iXnOTWhHVw4YKi+FspX5X0OTDX4/zccCe77t0F3GUG51hWocyQs4vuHi2cH9V5unU4FpEI+pivg/AfV8o+3eBmwsFBuzDvqhmXzsqSWS0EDAnoRrLRLIh1cOQKsygQvru2ozN5vW+7rgV5sqkj/0+/83fnz89Ozbpi0ba83bdgUr0mQ3S9L7pZf19cKVd3wv4yLhbpc4gU5+alULAAR3h6gJkmbCA3ydnwH/vCL164KOdOnJLSMF1TDstE1XgCVlh5VvkrvJP1DlahcXAKHolhFa5u6wkHi3hsbmJl3eYCcMDF47AcN0ioGUxTevgnVuBnUdQL4O/cRciq4GbCJcDGpGtUgFVJog4RBwewCxo6GumQFnQXhsCy2NrZYQkPNjMifAsuQqohbAhaoylYimIpp4LB0RkcJMJ7RmJCB6AtfPpwDuu6umQN4pBZsNMPnTsnI2fPyzj4vAKAtTQEgjpLgBa2hME+MDn6u0a4KKRYff0HP5IHcT0dOzZLFgcexcCfMNqDObIulUmCWzgmVRQSdWzGlfRoXdFwufvDcqU0qlwoSOrdswRTS4VM9VJQOOgIMVY5NzfR1Bo/+el46+z1vve6AsIDtDTEp5yJqTHov80MehR7ZMssK9O36qFBt70IdE3qsyT2uqEKDTcGGjCHeMAHYQnCjQhQ6+Nz7hxGcaEYd/LoUTl38BBJd1E6DlugQox6Lk2BMxeuham0WxrQ8uv5pHuUg//OAJobUWeWQ1sTnuHCBqMgaMYIwXQBJ5qugbkEyN0aLQTTjXxijFqOPjLPDzcvAJYGS9vC/8fx+vbdI3c98qD4WxukChKHCqwcRyVwZFuWQkTaIXpzqFNUUfrWQiDe44Q2dziDoA6yUr06wptZR/rrdlYHo2TAnl6UGASuE8XC1nVrpHvTRhk8fUbGz5+XEawNme3J8uhBYF/iWAd8N4JbLWYy1jnw4ivyCaCVY8hwjeNYJKHwISZhfT0Jy8u1NsmRy1K6Jhu4gs1jMpL1h7AKlMw0Wr9VpYBXTdtrYxtvR7W/IxYfXspXL0lAutvbkv7hwYtz5fJD+ArsBTL/WV9+6x8LUYi6EHXaimlcJXfD75HWkxh6LMK4YXmkWfvPXdQBOENvvQf3AL/HRpBYq45AkykGycgwgfS4NMuJdlYWyCw4fSgGfA5YBDcqZWYd+B4VCP6n+x/pWMAyON/TmnuEJytrwEc5CPlAtmptZ6/Mjc+Av/eSNYSTZ8sZFngr+9unUQOpoD03H0OAHoDLAnOYTIFrC64MyR+cyGKxFmXBgKyKeZkuDuMifi2sCq0SZoJbmT5ms5h5grIooRoeRdp2hLMQMR2rCfFKL9jquzb0ycDRLuk/eUqLlQUUCCOcC4/ahxMXkwWvMLN3LVAeg4hh3vjhi7Lrmcdkw+4tcqmYkim2FYdCqhh4T8xGvhmqdD7eqKuoWzU66icLD0fzz/kuDkBvauVKKuTxnu5t7ZhZyt5dmoB0diUjZ04fmCnlv4QmoKiXQy3ztga8xTJitFL9MMt6c86glK5LGJu5BtdlFL720JmzcunEaZH+QaQ6/RLMI3DGZChWRPxqlax55XDYdcKTqUCXDWRj3mqCkQQ+PbU24wvGZqqtGe9gQzqxmTk22o2A2weihmBDTIKgAYpC40Ya4zrR1l+oYTOekvT4tFQTaQTz9J6tRWW4U8Rm5HTWAiwEBsFg/DTmr8N1akbADjMClDCoSeEuso7iwr95LjwPzrAnMJLHox6jQDM5oC0LFBLOMMEGSjOVjOwYcVkJxicgkwji/V3bNsvGbZvkwMuvyPDZczILa+LGe2KId1hLKcAtk4xDuhqa5dzZi3IYwhPpbUdGKyKTSHFzrocfRc0qro+5HDt9YWsJW7svZYde5z3Gnf55F64uBsEJ+KAgYarpYk82hCJv9XV0LIlvYUkC8lykKfuPXvjWyclMebzqcUQ5Ioy6jrqZxalVCbaWtVgL+XcDv1eiVa1427O0lQgaVW1srnFow9PvH5bU2QuawXF7QtKIoNzDeYEEB1IDa5SHTUaNjJ8L6L+oMepWWLxFSl3G7zhMR317+NsIZnTiLJrMNIMThwDEIQg+AP3YLOWCgHiwgRiMc9Pna4gP4A8noMk74N6UOAiUq8gqOF00an24V5xvWEJxka4M2U5csCCs0BN1y+7CEoqPsVhM07SMO3KgBtLcALNvOIaXATOtEf1vonkhALQcagmpCLR2hmuGadEJWkzb4zvzjDnwXg+Uy/2ffk4+wDiGY2+9i42fQk9KRQNdkktwdi+G2kgr2OknBobk1R+8IHs+9RQgNK2wSoDEYGyDhxO18D6tSag1seyIzgFZoXvOa3CbAiQtrt2wZClNe3CgKgjGoRyeyhOojEUC3qEnGhquWSA023FJAsI3P9jX3T82PPSOOxDpzrnygQzsvw8bwomsilV5/vAfXHTMl5OWznaZy6VkBunXaENUq8Ml3CAGoR3IUvlSeTn66n45+eZ+ZKUwMQqali5QuAatC7+adQlOd+I0FE4egjcP6AcyHwieK0CwapRpw2woDDAB0tTUIj5w6zZuWAv6HlghpEr59HLj2GPR6O7M0sIwRqDrxzoDy48M8glMxA09ixRy08YNUnrpLWx8TGsNo2JOKwEWxjhHHsANmrx0SZraMePCAQuBZEIMcQqxo3msO2ZbWHEYg292Gtq3gdUSzWAZFWuFNWod5x/4UYubdmxCt6QEhVGmkDKYhUt6fGJatj3xNHi8OuUdCEAS2TzC3h2waGUoGZLd1WBNuloaZfjt92QSNEXbGx+SZA6JEE4CRsxi3EXdtHR9VECsouwVg/clbiW6UD4MRtcxFKC2KqMtoAQGH6ILPEBWMpZzA0aTBR8AQIWsa1UrleLA1k09k0v8imtDTeoPsjYWm2r3evdDyz1RKlW7ELXpIES0IvxcFXupX74a72OmZAr1CQ59RB89NjTMP8x7FFYOOR4pDE/IiXfel6HDpySA8IKFPzc0b5nxAQJKZRFRiAX+jZ+yEJA8BQJTnWgdYqASDWGiVGNbizRg9FkQPrsPAuFD3FJGqnWUpApMk0Fr5yBESMJaVWuT7QM8ZOFhfrZeNXzEAhZZn0EdouhKaI1DB+3RLdJaTUUKKNJ5aNVYWFQ1jOOjFqUdiPawy6ut5eINuPjfFBfTRMZjGFwVm6AYO7mQMiY5dxwbf8/jj8lxjHAYhzvYAWbHEOaO51F4i8I6Tk1PS7C1TQaPnZZuIINbINwJFEsJjympVbfOELOfrPjV5BpxQssVkvn0MTOCWFJt5ON0QntPWm4yal2E4jAl73DNREO+99qbYnNL3XtLtiCPd25O/asffev9senZUWTGu9huSb+bj4XCzMLXLgahLU7Hmncud3HM54Nwn1IpjDtDhofxQnoug4DSgxnluHkoWh1/410ZgVslyFi1oBqdwogCZnYiMWRa3GhOgrbnOSjvFOsbyN039HTLuu1bpH19nwbFDmhJZo3ILEKtTD7eDKhBS6gWO2E1uJnnM0V1wfxSkhgKk8dmCQH6niHGTVPDSAub4Zw43jTGHKxnJxzcOrIpEjRKF0i7GFfoplwNLKiYKq1EY7IvMmwRXOfGHVsx9i2NNd0PZG8a6WYMCAJqIMTCK84tFmqS0cEBOXbooDz06U9BcU0hiYDGsMuSsNad45pfbU8sdfPq3rPfzOuwkhDWmmhMqhaTEH8iIqDzarXh3ua2tz/XsiWx1O9YsoDwgGt7uscPjU2e8gWdO2qVgt+l1Je3xr2yLhBFK+TbQwEffF24BiBFiGKBGpmpGp2Q80DCjhw6ymn0EvWi0ktMEzcehIq+PjP7xTJcURYHoPHWbdkkm3btkJbubsUZzeXAX4WBncDeIhhHBRr+NjcmLQ4r8MwOcYagpdRt357FSAUOWvAWCtS1HlarLgQW7toEW2wJViRams1TtrBkUJfgIB4aNv6ebhozXgQuLm6pXeqNX8r7KCQZCEcj1mByagaunUvueuA+tbwnXwEJHiy1ChBcrTCCd/akIICS4SPHJf3Ag5pSZ8xGFnzuW6NIDXauvma1lPNZ/B5VrnRduS4aj9gZM5y31QMPy8xMJgrDmLWew8joE5s7e0Zv5LtuTEC6uqZ9Hxw6AM6nJ52FfKfHgSyFrQ0Wf6kWbmz/VwPCq53VCv3QNDRYA9ysMjYzSr/SgiJWZXJOzu1/TwZgOTitidNhixCenKuA8KEJvntZphGvqIOJwLn5/nvlAZBNNyK4nMHxTifGdWBmEIW4sTSUDawRYRss1nn0ZiM8tbWVkxu37tqMoBiLcj0rorgqLA4zW3CYtSBHCAqlgcegsFVw7oU51BTQfKXuCZMGDNRXIc1e7+rwMjReqrun2k5MXJi6dVnpaGmRdeAdHhzsl4lLgzo6jkkEH+KVDBQIExUZrOGJDw7KrscelgQSGiSfMvUy3Rfc1PiixdCTG9m45r3qUuFB68H5z4YggilyXgmplWpItYe8nomgw/GzLe1dZOpZ8qP+3l73Q483dKV629sPuKulIcUaKXr06q2TBmZwpQOvVh8A20drRKxCixEKEYTjPHL8tAwcPCoOBJSEi4cgCQxqMVte8UvTqVncIfRBbFwnT/2zfyybQKAwhczS2clRmWSvBsijK8g8zZBmh+BMZINI7gD6aEybraI/vKBzOqaA2iU4sN56WKBIC9aylIfGKnhjpBnDdVCMM8eiYBgBYRxCNDA1MvL489bJVOqX8j1LfU+928P7RyuVoBuF8/NDiC9gMKkb6eodD2EOCiw3+oSQ/kWxE7CVIOtCyH54oKQuQUBKSEBwJHZ9jFN/Hit1ry1B5v8T40aFzFYDa0vTxaKQlB1ASuCP3nLp/MbW9ncfb2i7Zv/H4nW6IQHhh3dv2TxUyaaPxTzuLAsv5gDWaV7/oZVck1m5/tuv8w7cDLKggx09hE0MUZGBEyfQ531IMLBDWjCejF13FCBik5yILybQJgqfTFr33i27H39EnIBuOJH5ciIlS6EokQaUaVYU8jxwG5x4rcGdYk92Du5Vicwh+Lcff4sgpWuAkPPVdTs454lbMcK1H9zk1HoBNB85mJY1LbGKQjU1EYfMoOsvBCQxXTxaHROHXO/4S/17vTirF2+7Lkw5Z6E0yB8MODOoVDOgUgW6AoQTHEiKVlOrOEsXk1OxsCMI3xdYvP4TZ8SjG5cVfE326unoXlma/rj26RPYqQgKi6DIMOxQyK3MIYko4P753Tjp9Pv3btp4XXj7igVkS0/PGOZUH415XRMOVHnZHHS1h+nDWOpNWs77itDkzO+HEUQz23PknQOYBXgeXXKoA2DZfLjByi2Fu55Ejp8wj+7dO+WBTz0trRvXqGUo4YmZ2gjIsQlQb6BAlHBdRLWy34EZSTfSnuy98CN7RSxWDZaqCOEj/J8wdQbb2ndQB+24XvyhXho3F145/qCG9C6tnPZzMGU7b4VgvQCnD+AcQDSgeCs+rnf8G13Py4SEmwwHKJDcDpZhFuDGBJ4BxEplCEsO67l+5zalV81DgHwcFweLGoE1yQNfxqzcxVOnICDo3qOQ1KnP+cr6KgiJWhB7pr1mslUBW01w2l0DJR7zeUZdufShrb1d14W3r1hA9jqClV967rkXJy6eOxr3ejEjBiaMLgVuGl8ZvJYJmUZu3JArm03ABafmMM8bvYFXej97NEhvQ7zQmz97VTKojgdijQD8oRiHADqPYDaAGCWBm1hBPLH52SfkPgjHCOATBaRxS4wpWGzCSTImrqGSV2M1G/9mc5ID6tENs82nCz87SbyOJ3/24HPEY1lIXYsUQDd33fN616hNTRzCg5Rxc0+n3lAKJi2SOuskXyDlD/pPcoDas9ZCIWT9gYK52o8FF8uu5+McaEWUL4zoYRsDlsOmjHa0SScsSRKKkoVDpswZwEcQj1Awsug6pLCwr4YFSyW1gDLSBAMSKRXF4KzswT1GWiIWSi0lxegcwTnREIDbtMUilbGL54588bln3t7iuTrF6FWV/HJOryMaHdnc3vkCKq2j2pVGral92USyWlyyCq+20az136Fa0/6F0aDLOQd+hlqighvSGonKuWPHJD+J+g8zR9hQpLghPy595BkEj6Sx6XjiUWnfslHGAc+O9nTIFAL7+t5oC/xIP9YiHOOT2s88vWTnoTWxn1YX4/XdqGtdn+EYY5EywiDcdrHoQmkMQjeNfFUoaJLFxM3rwwoaoVzu2pnPXWmLzoNAbbI8XqPWR1h3wWuZ1hZP1jcaOzoUep+DAtIKPtbPh/cBvKINYxkAQJnr9LAIi2CZd59KgbHbagwhRekPe80CixIKpA1i2IvsvfHTC5iaHlnX2vZ8WyQysZy1WtbdfTbWnti9bt1+b654nIvBzjzCyS3CAKQpYUWoTegvz98I26c15nWlwsHjavAH6EMYuv7wWwcAMkxYc/tgwdxwh0C8CrRsQNLooXYjdbvrkUck0tUpIB3W4DvHHHndBje5dEX61gnC1X6+DOW7nNVXKbdgLRSQZiAC+G91rewsFrUuBaSMohsJIGihyUxCjblaDwsJbYkKN4RWu+3Mo0Wh+vM1CyXQxnmyVuRC8ZQUQeoWQmlxT/ho/ZAanxgZ1mQhr0Ob1urS30tNZFz9OpFZg5fgpWtKV5opZSo47IEALH4E2s+ZTJ28e8O6959q6ruh4Nx857IEhB/e1t0zGHO7f+qtOSapNdiyyptHU6qbl+nJRTWAevfKcLWu5CZTwzeCl2kKzU3lU2c0deFChVk9UM1iwN1B3wMG+mH67APiRyYGNgPAQbSQQrP5UDisz80vDhzNxqjfICbBsJBoWEpq4upXqbUSCAhZF2PNjQpBMZaXyoRVYNrKEmo5afSGqNtqW5dV2WC2y2ud4YI9YXjA9bWExSKksGg++Rf19lW5RIHD8qBHPUMLYt9z7gF0p8Ca1GRidETxXeQT1qYl2xVVtpUlZvqutnoa40JRcI24n4iEILqZYNoA9kK4XBvtCUZe3tW39oaD8xULyHMdfVObOrtfRnr1LCutvHAC3oi5p7vFTWqyOEYw5q1HnTVZSTaDCxRBsfLMOwfRDVcAPB0ZKcBIOL+Pbajktk9Dw3RjLkcvKuNpLGAOfi9J3Ip4ZZFLGwORBlwIHC02EJPFsbRr/d+tf+uItFV4mDUqMV2KLBoCi/k+cpMuZp8Ikchp+PQmvqFrtpQs2bVOcf4aLxONy60I8UxqTRY9TQKGmUE/gJm6ZiTiJgEEhIVYqwCybikUGIuo7RiEcn2stgrLZ3ku+O4iXK0ig3WSVTCmzOQL/nTpg7vXbHjhUw3rloy9WnxOy7YgPNCeTVuGkPt+Bc1FCTYYqVZVapWFXL35QlOA4rayyK+Xlha+1iJSw2XQKz5y4iwT9iosLmx8ZTLE30hLA6mVu+7bB5g4Aki6g6ibpBG3RDGKOY/A1xSW5s/J1qh6KXUJBZPGNu8zryvN5RtSN/alM34i3svguNS6IK4jTSm74Wax2fRvdvvwamywKx2j3sWyUqekQqJFIVyeAsOkjJWCotaO0vIRBUDkMy0E3ksl6WdqGHFeDtkvIncV94aExHx9RzOgy9+CPAM2Y7Lno0yokKaccR6IQZ3Z4nCDy/PjPes2Lqkx6qpWaiWL/Lne3sl13b0vhQKBAWK1GYvUa7UrBumLYpGVfD9v2oXDJ8QFWHXEjZl/CbB/APFaoZvFlChuy4bde9D6iZnk2FjGR2WTLFO1zCHMF5SwEwiXLtnPMg6uT0i9Pu2/z7/ivtb3oCz3OkywquyMeLZ1IA6hRrddEWa0GNPxWpNwCzW7ZT9Wg1Gm3u2tx0dx813JalgAQROTYDNi48fAcMLSByvqmqDhJCxkFpWLCoucS4Mm1c68GeEnIcRqnL/yIlCZ4asIH1KUATD9Ua/v8MbO3lef7Vx7Q5XzVbUgPNjOzq7T3b7QN0AeM8ouPCeJB3iy7Gqri0F4GUbbqoayg2Djyy9O/9b7/fwbMyYGX8Oikw8ulA9m4uLp06iBgIwZX5oBUTTdPPZLVAAVIdDwHsAdJjEugK5LFpstDegzUb+k6iE95zwIZp4+yPKv6y2fOW/jhukGtgV9JS6i9tOQ7USZUJgVckiQ/SGAvxjh00QHbzq1NTSxC9rRy/Qo3AmOpVjJw6o8W5bBgs5Y6GDLOhrXkkW+hWq4nondEmwF6qgfIkgnno2j4pgSJkUSof3KWMkeGtSL6JHSVSRwbT7li8VbnACo3wfXnHNiC2kZJwDVrL0pZLf3gzvY7ywPt4QD393c2zG0kvXhZ5dv3+xv/r2+npG1VecLbR7vu7n0TNnlA3wbaZ9sCZBzUP+bIM8EdXzlDQng3vJJtnIGh9xwFgOitUHp++pMDmalsNFzjBNQNeedJNlzFDegODqJ9tmEbhayh4CNXnPrYaRL8+gQbL9npyQIJ0egnkZF1Y+MVhCCkgcswoeqMAuImrGC5LHxhq9kOeSTLkT98+f8cIUsWj3ey31wbUiOUM2RTTGozIrxdb0KeWfRkmlVIgAS4N7yocc8C6HOXxqRVpL3MeAFJH8lLh6/34tF55PCwmMRNl7A/eOT1pKxljXq2iq8WYE6e1qY7gW8H+cchlvIGNSNmIONYKwpMQYERwxuKuiDcI2okoA+Cb0kKLRGESvOgS7Jj4Ba60t2AkDjQU2uWFZbW3bx5PfrLEiWEMxTi6XIlkWbJYWmfNarsNukNj2Ra/PU3o75yke+smnLzHLvjfncigWEB/r8Aw/2o6f5xeagfzCHApwPkAmStaVR5b6SDJo0qg3d13MxFsZo5Hnzbmds6IJwwbip2RsRYv2MnFTsAa/LiDD9yZQjM1fRrjadWV5QLikrs2U9TICNxbd9aqsCaw2CudJTtckV/raSG6BuDFORehCcH7Qwq9QANVlwEmwCumCsrmvDFokiAFyk5aT7Qn9+JQ8rU2UpLF0VOy7kP5n2VQ1usE48Q1sZWBbGsh50+RiE8/zo1vKh50yaBD1nxiQWg7MSszI+4f3Sa7cOWI//4r9/XugXEiL12UN+OqXURF4wQILQArRF7diDjvTsa5985IFLK1kb89lVEZBH22OJfdu2vFyYmX67yYeJoaiis6FIpxXpQlpaR4M9+1otF8ViHb/WwwR8LJjp8BPUOOiTMysyPobsnc0zazI+vGGsrHrQ6NOFvg7zMMGwfr0tLCvRvqux+Lx2biZNADDmIH8VoPgOkCeYsdCsK1kDbbBgcK/I7s4MhCUgK8uk8ftpISxW+YWHKZjW79SF5AqxY9aT68f7kMPG1PtLl1H7hBio2LNO7IKgwmOIWqBw2UkcC1NmHaf+od+vv6Ck2hbLTiszM2n2lAbkUIZ+wIPKQCA0+AOpwvTce/du3vHSsw19cC1W/lgVAeFpPL73nnMtbu/f+rKFM0GooBKEJAj2Do0b6oTDzDskLT3xUfUp4MWXoxqbS4WNoIvPEQHI6jBLRd99fITQfmuuny42A13cGBbSGpoalUDN0HSaDTB/M24AcbvyZb76EXRrUmD5SqgOBET5pOzNP5/x4SGgHGYTII2G0Ghfy6Lxass5T5PFM5/lhtACrLU99VGfnqd1sdwgChbcWcR/RQATWcxkv818GpfQfZJ2U+g5yo1WxV5zFRBudFs5mHjHFgnl4jLWnPdXm2V5n6kgWVhldyWJMnAeQaTGi/BaAvgZHGcXm72+bz51z339y1mLK31m1QRkn8tf/tT9D7xfm078KFJzjhTBQkhtqINfaEHUepBB0NIO1ECWj7twWqqR7ODLmFJqJM2cMN1IvxZvYu6bcJIUGomQO7Ruoq253CRfw82JAlSnWkwt1aKbvFqrtwrHUeuBm81sEM+V457jyLrNFwsNxkvVfU1SAGRWOSLB1rKL3ZMbOSVNvdvP+gRKffbK3AdjNepf+V1ReAocwUDiCKaiVQiUGwwYKVb7wWxCTuH6jJURenakMsYw58HjXZ45s4akUlQNxIUWhAVgPincPsBcSoAOhWq18epM4sVP3/fw2/s8Afr2q/JYNQHh2Xxt/dbB+zZu/Ovc2Pg7LbEY6G5Zt7Yemke3n8xCWZrL2hRXc3W4WMx40KVS081UIRkE8fssh8jASil5szKOWGlGwh0oJFGwfZD+hhaEUA6zEVSY8F71j1dYyV3pHdDrttO7iiPCeTJNGoUF4XnP95bYwqF97+jaI/MitTURDCt5mDWpRzUo3EYzW9aTD3OP5mtFeBPdY52Bi+RIGsQO2sDFtWXcROgMgaAQgCAUFfv46Uqa5jC+h9epFoQuV12mY+H7LZdcv5/ula1oqWyNi8VlyaNXpT0ermYnJw/t3bz5L7+6cQMo9FfvsaoCwtN6bu/957vDkW+GHM5zNbKk43e6D7jg9uKrBeHCXOP+Gs1oFpOCQtciyJFlHPSCYFUHM/KY9NGpVch4yGwLhITZn/rAny6Maiqezy0WjMtuH10FwjBs0jdaPyJ2DSTDtN5qvh+1A1pOWhCuh8Zl1wvirrNXuDnpKi1YbwtSUv+0NqkVM1pwFKtsysxSanJKksgmerHT/eyE5KblVCq8j0OByP8VwCRexiD1VlGhSKoo+f0WFmwhU7jw/fQ8VDjszFm9x6G97uhyDDlqFzsjob99et/ei6snGtaRVl1AHmpoSj77wP1vzfQPvNgUCMx4NJVqc1TZ3WXmIgxf0tUuivKj6GDEHJr5oNZk+hMLW+QIMhtJbOAXOkGWnLj4oBcVc53DZx+8Ppw1wrcy/bs6t0JRu7rd7OAWAkOCCL05pjvR9u25qZTnik1b+N1KoSb8DitQX7gWTctfa2OwOYkpV027gsAChHJZZBOJvbIYYsglBkpUpmlh3L0Yr+BG56EikA09lI1YNt+/YAgtEnD9ftvVNlvUeo91Fw3nmRcud3MwODs9cOnVTzx4/0tPxOKzq3NXFo6y6gLCQ+/o7et/at+9fzXTf+lAxO2qBek6kCZTCZQXbuxSGn6o7ZmV4uZgYY8EAbQUvBlKRk3sF8cX4Ocwsj/G12VvND9nkLH1VsPEK6tRyV3pDTHnwOthMMuxBHSxaEmURQtCYs6XPSBF0HpaIxzoe19zvN51T83EZia9azSmFQdYLo66ruzfwHeyIYqi24S1raLg2ogA/cyhw0rnysQJ740XjV9ZQE786NKEHyzb7tktY5ivyKRMAAR5fPA+6j3VPpOFDJp6GnguxFWEr1jd7BzvqEhgwtuJ84JyjLidlbnB/nefvW/fH/zu2i0D173gZbzhpgjI3f5gdUNj45k9a/v+rDozddoDcrMgtDmHz5sHxwS40WN9rSCT2s1scOWasmMH/k49C2a37LZWzXbZLIK0NkoufQUTYc6Af1pJgLuMtb7iRwyHloFgKNeV3YBlfmc+qC4KezGIx1oFsCLth7VG6uXPB8j16AZ+D3nAOBe9FYQXLmbSRsakC3M/pi/2y/TgiI5/YJzIRx7WwwWLMTI+ImH03hCASUCj9pLgvNXC2xm6eaVldwRSGtWC2YE57zGFiDU1Pmhr/bj+MAqlPpxHdWbmzJ6+vv/v2ob4udW6H4uPc1MEhF/ym+s2zzyxffvb4WLuB95CZpi+YhVECWVy2HIDaFrw6k6OMbv1LIXUNRpQEjWqZ2413/AoyinIrkY7HUxtNs8tZV+1yZAYE75S/301bkq9gGgnHDaAFt54dbbfblKnurHIi8zfU0XYEJSVnIcpfi7UHi4/GtdQObiwrpy5CIJgiQPa4cNc9lP739cUL6bF6oc0jmIHImlWwVW2ZusmFRYnCsd6z5gwsfmL+f7FLqJakEUxFeMT/QyQA+wc9eBc3OT9zeWHwoXSi49s2fbBb/btXBLP7nLW6aYJCE/mt9Zsurh3Xd+fNXtdzxfSszMlWBIXcEY1+taEmWChLWTolU9ds03MULGKzk3BTBYDbANK46ud6WIhzWhVbWMlLSZbRKl5bL/afItJGy/+/XIWcKWfYZsynxZxrLVpONzmSokEjccYW9lJhtWIQRZQBdaV1G9QDdxh5Ylfi2EkRAb9KD6UNtY0NsvQwWMydfSkNAM2olO6yBhPi4TsVZ7V9652ibaBWA47rMQkgC3w5n7olzHJovfHSjYsFg6r35ydlUhr4xh+opjR3lubm51p8Xh+tnftuj/+h2t3YPLPzXvcVAHhaX9y772nNrY2/Tk81EMcCeMEiFBn64EXF0POLhMObliTUjTGxWSiaDFI2aNzrxnkwV8XUv5QqzGjY1sO7XvGr0hDs9iCXIan4ma4eeu65CNzsxsUtCWwDsmALoc/azdh3caigIQQZzFLp+ukeKTlP4zVMJp7YYNazVB8UHu7FHwIYgwonGZwjE2fG5D+9w4r6TfJMpSKCOdENC1hPkWkXjeCNYZMLfw3B4lqgG4YW2xlpokX07G46DKsCr8de+DEfByfBlfLWypkg6Xygc0tLf/tk3v3oc/h5j5u+h55KNJe3NTVcbq9ueFP0FV2iuMISJ1DjE6lwILXQkPO4ku1gkebA5xWhCbaNuPka+IMP91ARMQyFmFmh5VWxB+cLGug4QsZketkaG7uWl/x6BQIFj75ahDQCVbLWdOxs1gqDFS4+H8CQJUGVY2OiSFWduIEIl7J2aWQcDhnAxAJJIDmPBAHJka99aOfSGliRnrjTVKGy6WQfDLcQ0Dy6P9HsUo2bt+qGawcAnYNtO340VwTz7je1TXuL3+/UNwFTzJAr5y/yNnyVRw76HAe62mM//HWjs5TD8QaVq0geLUVvOkCwi/+9Q33TO/eue3teEP077KF7AQ3rpcM59oee+2H0TyK48Fb2RRDC0IW9RAKUNbCWvxRJttDAutZZHtoReof5ibUv65sa6380ya+ULeJyQWDt7L7PuqzWPw2Ft147VwPhXKs8FHv3tb/XF9Y5bnRjZoZn5Rj770n05f60ZzmEj8KWYT8KGkHnsTekdt43Z7d4lPKVhtoaRdDjWtoICfz/77CNZj0M4N6Dt+sUrHmsv2t0cjX7922/Z1f2bp1RX0eS1226+3PpR7nuu/779ftPbehofH5YLn00wCyc8EQ0raAxlub1SBaVX9o4cgCwzHfj7QeDI4fTy/8LFaQWU0twr2qAsZObJDGIbq/eKNwk7DJ8rAgZAHx2NqRhSh10/CkOFlWxaqTmMqsBei2xxRfs0hiXBvr1bToXiPnYL9vAdoxX8XW2oCV+ydcgxNzSdAA2LLVmGQAfnZxwg24vhmUo0ktu14wn4Co+7e5KZdtdtvX55oaxkNN53IdaIS5jorgRWoXaxkmbxiUTXckLpfAuXsW7O6tsBwksZsF1CfE6bsI5DMYE5EmcBAwmV0P3i8Z3LcErIsT1s6JjKVB8hohJKE0n8Y6WinnhQqMcfsCgMRHca9DTsdMoFJ6ZV1jw89+f8fum5LSvdIm/tAEhF/+7JqNxx/q6fpP8VruR7nieLrmB0M65+0hHnFyLgVHkGEFnZzgCuHJI6h3QnPE4Ys34e555wCArIKtBMs9iRVsv+suzBKECwBgYiKZABMiYhp8nvWExNAAMEJTEuPNwXE54JKzPVLwpQvQaD5fCKQbjGmABL0M32NBGWwgxfya0X4tPOmScCdagD3DCmIg4pbALH5ejgerb91Nwn1hHBLzBXUUW3FwHO5LC9tGdfwB3RdCN1DokSbQ7GRYBwIxWw7XrgkHxisstDPJZb8a+a7HovFi+F7SF/mgR3xlWCF8hwvEcC5sZLYSIIJAxgntsZgdEEQmpQVf24fY48B3npeLP31VGiEcTOvOoDmtqaVZXTDWN1LkxgLT5L1PPgmGSrDow4XGLBnEMJp2xD2AEuAwYVVwHGGNHnIoQXgUiiRgTEnvgPGKE/eEA2+cuD9hRpez6WS0XH5l35o1f/Do1o03LaV7ywXkk829xed2331kTST0B+W5yVfLhWTejzQgNRYlNUCoAkxqGkEq/VrCRRSdy7Swdt5ZloYNOWT7CxOQiDw7i2seaBkGlBQyYj/BEyrDp8+C/oUcTQhqUUzkvEAXbgSDSWKftNioD8PYYekLQ3VzZbNoCBzs2rxN3qBNRfN1+4VPXimVvFDVR/XZHrgTwDV58mWdgBUk2TZYTJStg+TYnMUC3Jm3ISKBlgYpIyBmP30QG1Exbap9Lz/b+rhrHk2g1uHy9zZhhMHM5LRmqhqwngEy38Pv95CJhMW8VEZ++q1vy9jxkxhvgOm2ZJonIVtbm4xiPqEHhN6jyRkMDQ2hvfkuiXS0YlgpZpqQ5kfdYiZNkIgwDXC2hTM0Q5yQxXuWwgwSxli8P8yHYUA7kgJAAmfyyVpi7s2+UPQPntpz98knmtasHt/RlW/wZb/9UC0Iv/kZBO2f2LX3yL3da/6jY2bupy4PvEsQDJc4/xvFH8xRkkY3pqpC63B6FLlyk7jbc1B9eXTQ6fw/uB8xaKauMCY84UbN5tA+C+uh3W+4OV5mS3CsoZNn0KeOv5HVjyPWIHRu+LMOHI8z/1iAosalNuV7+OSAGuN+mN5rdeEomPq83A1zGtZFu/FoHpSJnWjIDQx0e94NsoXQ3AkXBLsRhBPJS0OSRfGN80ZQMYIuZ3rTnhUCS9vS1yOe1kbJQPOyEk3sEzsA85DzAkM6e4iMOe58dgq/sFxJy8VkA1mOn8Hr0OiwrFuzRlqbmiSJDe+Cm8dOz+I0xjjjHrz78msyd2EQc0EysOZoZ2UvOc6XI6qZpZqCa5UJuKVz+0ZZs2ub1FBJZ5ehi/PfjctUx61lzsm4d0UIuhc8AsSfcXJusVq0rAruD3KUWcfc7P67e3v/8yf23Pv+J8LtSxqbtoR9v+S3fOgCwjP7ctva1HM77/5ge1vb/yc7O3UI+hwLj8CbWC0E7n4OwIQGypA6lNQ9+EyWkAs0xihyF26XFxueg3LWblrHW68Tohi4EhLhgcYKEJuAvP0ANJ8TrIRkfnerJWLKEa4EbgRfqWmtNs56xkRrVFh90MrzNr68+svG9tDFoT+PP1r1FbtVF383n6+PD+pjBmLUEHhCU6Lwls7L4AdHAXeHJYTrxAp0DufHgDxP3BlahLu2bBBMZQHDPLQ7K+pQAnQHyY9bpCWpsyaaMq7LAhtYCQWE76dwlPHswFSo8WEIJjJnqLCIA5arE5aCCuj7f/kNGfvgkI6si7O3hwzunM4LCDsFhL3zCUy17YBgbLjvHqnBmiRQxENJD1bPajtY/Ljs+pnMxHWzHuZh6zEr7fjPj1KAt1YGV87k4a1tbf8VXscHX+noSy55V6/iG2+JgPD8P9+2LvXlBx4+0Opy/7dgrXQkUKsVA9jkJBmbQ+91Edo83NCIG4+iHzekziCH2qPZJtSCs/8QRHZitrc0RiUFt4AFKdJQEqMVpMuCRb948IiUwbgYg9CFOc8cn+HkpCrn2UEwrV5nYzUsUKVVj+AOr4c4Wqte30NBpKmxEla6msJhYZgM0Zrp4TZu3PzfcSztccFG6wCJxNixkzJ9+hyI8FB5JlqXiQq4GHQH8zmoiO52acQs8mlQqGbxwVAAHL1wdTScXiQcV9sfJu7RsQAqTLDKmGXeCvfIjc0Ppkxpx6ChM2+/Lz/+87+RyuCERH3o9MaMRzdiCs5M12o+meexiUcTE+LByOj1D94r/u4OmSCvMGs0HFENy8JJv4Zj4EqCwvWKwwsow7VMgcOX1KQBkH74XdVSyFk53O51/+EXHnzgwOfaOmdWcc/f0KFumYDwLD/T3Jf4wv33/3BtIPTvy1OT72GcQj6AuXcOaCYO0nTA9yaVpLJ+2IVAfo43toSIL1VF0A6fvA1WpAAYC2c9qY/Njjt8LooblBkYBvPiJSkDcYoSm9JiMkZxs/dbFRy3mHnWFyoXhMMIRb2fX19UWyg5WuC+xY/FlkhnWWgWCZsOFsAD1o9T+98VJ7JX5VnM4oCQKJgPKdM0+WwRoHdt3oBWXMuqkDmGDCF+WElm6dQltLNS81kiO94wV2jOiTfcuIEM1uO0XojXNjS3Yxx2UZ7/+l/JwW9/TwIoAjZhAGoAkKBGP8ao0fKSpQYxwlBiUobnpqQBWKvdTzwiod5OjJAuYG57VYIAWlKoU7BEppDJNalPSljJDOuM2Meu9wvXEgcBuTOfKxVmpj7oCQf/x8889MAPP9nStmzStxuShKu8+YYmTK3GFy4+xu/3bR/9o9OHX/KmMsXhXO6fF6u++32RgDuPTMks0KOctgo6OGgwBOkK4mPQgHkdHMXMVChcjU1gThy/cBE9ItbMcqYdXYwnuBER5A5BOzOY7LhrKyrRGIjDjjwIobZ9MkdvP+YFwbYUurnsHbdYOEyBcz5JS6tUd5yF67zcCqkPbv+R8Y4X7uKJAwclMTqK+AsPWAV/CPMVobEZtObgizt62mXdzq06Es4NYfHD5clC44aQeaoiLvBop6UlJOZqNF4yQmL/0mS7zHtJ/uBjUgOb+Z3X3pFzR47CklQlHmmwq+RurSc1dnZqJXy2gGybDw4xYsFwW7vc++xTUoNlS2KDp8mujs5BZqLKuFceCDmTKabPw7Aq1SMlKECE1QTgtvlxP5ylfB6E6Ic647H/8sCG9W/9+tqtyyKcXs19essFhBfzO5t3TXx74Oyr3z2wX46Oj1YcLS0PB8JxVx5zv70qIKx/cJY5tBhUN9O4ZaQCGdx7cJO7t25A7ycyXsVZ2BDWV7zamsuekSjz9RcuyQjcsPa1vUr9w5tZZgCJuIQ1FbjAmsS1BOLyLM+8prP9+XrfntkZ3YR1AnW5BbHcNT6s4NRi+DCDZBhzIYUpx5A+ZRzC2SVRnB9ntvuR2p1h7OGuSQM0dNuaHjk9NixRjJ8GH7JMT89IvK1DHBzXYLuC5lxMvcd8sbF2tDS0GiqY+NmPjTyDot/hN96SzIV+JDqi6K/AIB9YNEU6QDgbMeF3GPy6tNTMVCWnx6Xp7p3yyLNPSxVp52G4VakKmpbAc0zkLel8GCey4q8sm2o9FjJ+lsKxiRp0bcAFBnetkkmnM9Pj729pafmvn9y39/Wvdm+45cLBs7ulLla9pH+xd+Pks7vv/tnurp7/yZfJ7HckZ4vNTAGDlY+xSRDuBonScohR6P9WkLXKQhXStDswHWrHww8q1ocjnF3QSElqJvjpHKLDOXUTR07KoVff0iC00Yseabx6sWEZrBfgrlXJMeWHvuCxGcZgV5VoFWyQJGEuCq4jqJAb3X4lLqqC81hoRyW5AGQVLl8e1oHQGk7gcTOBgGNw2ip7KlywbGiwkA9efFVkBL48gtoKhIFWk/307PVQ+AxSu/c+9pBMIMMURN9FE7JdntmMrG1tkRaktntB3g2xly6nX+LkmGN6GMcmLJypUk4BTs5Ma4KiHaPRovjaOHi4av3j8ubffEfe+utvgktqDlD2VonBzSmDQZ4xkLKxw61iRiqAOtMM1jkFq92Jc7nv08+KtDbIGBQY3eAgpm2RvqjKeZCIYQKgga2iLZguGaEibF7zYgoxB+2U4DL6g5wlAlooDGANR9Djkk7NeXLZV3d3d/+PCMh/drsIh1Fsq2mRVnys5ycHGv/2Z688enZ6+vdDHV2PlN3uUAIBJDmjOPKMFfa5ZFI3dgibKgTbHYQm9KaLcvK1/TL4k9cAi/DJ2sY2mRoZkQDSh3QJZiBcJezO5t3bZe8zT0qgvUXOjw9LGOzkrPrqNClqdMLnSVZHy4B/W/3wlgUwI74M8pQMG5w/AodNM0bGveMsDG4whjj0rwPQrMQs5SHsccwXj2JDXTx7Ro69/rYUj5zS382CHC6C+gfT3Gwn9iCLNYoM0Y4vPiu7nn5EJuBSFQAx7420yBysx4WBARk8f1FcEBaORfBDSWy4a7u0b1orFRDspVmIwyZk8a8V11hFfJEfn5HcyJScgUuXPH0BrDPY2BAiWq0QsmdsaWYGTQNxrAHTxjXEahPJWQhEXO565EHp3rFZMhDkuTIIy2HJnU42QVnJCctaWjrXVOQJdU+DdYSuVojk3LAeyp2GdW1CcsKRLc9mh8Ze2dTY+L/98hNPvvOZlnaYoNvncYWQ8taf3E8Gz8d+euTwrvcHB/5FpTH2ZMbjjhWwyVh4MvAjAvz4xB7QKUbrmzskfXFYXvyTv1SN3IWgMzU5o5mXFFKpzlhQb2wFGowuwr4nHxcPxiEMAXnqCGEiEtKpLDTm2LHIWXtwcdjBl0eK2GiS+XSuukvWJnDhs1qoI9wbGlPjG9La4BhMBoQ4twJFOLo1DSjscfjpKKZgHXn/oGQYG2GfBaDtC/DtCxD8MCr8JOBO5dOy6b498sivf0lefm+/PPX4UxiKmZXv/OFfyOzFizBR+GBzqzSUvdLd3CZJ1JH6LwLcihmCgtFymx57ULbcvQujGtPaaVlJ4+8Ybjp08IQUxmYwLtutaXIPLCbjALYHsJXABYvAILvCsdqId9KwGi1r+6QP8VvLhjVSCcNlhXAQkUAhYg2DtSCKhXE/LbcK60MjBuvK6Az2WAupnBKsmUSO5C4VxyWVfWV377r/+uTO3Ue+1NZz0/o6lrurb0sB4cW8MzXsf/6d/bs/GB/8P+eikWdyXl8LJ8xWoKkCcJF8TgaBVaQTGaeg/RKuRxgmfvzYGTn4k59JpX9IGjGKjWQCMzMzyK5EJQia/pFpuLZwf9r37ZXtmNTq62mTObhBNP8ch8CWUebv09CkZIb0Q6urXrTrIqZ/hQtHhZmFwDGr5GaHJAN+umGG0pQdj8CFOSA0DXA9QrAqg+cuyHtvvSX5AdDGYnN1YZT21MSYeDpboGmR6kfA7eZ8RQjsZ37li+Jqb8AIuaicOXxM3vgvfwCtHZHP/dqvSRQWsL25RaJ51EGSaXU9HXBdhmYm5acH3pKJiWFxoKr95HOfkE4E2RyDvf8nP5WB945IW6RROkJxSYBwgQwkZB8h1IPXzm08x/oTM4I4h+6tG2XHvnuleU2vDKdmZApuYYDttFAerL5jOqPShxrh0KIqBUTTyKjzwOK7IISsddXgptGtRQqe7H4Xq8nUj+5et/ZPPvnAg6eeCbVB4m+/x20rIGap/u3r399zaGT4Hw7nCp/1NbesdUDDJuZyyGChoIigMVEERAKpxWIiJWFo6Q5YjGOINU7+6CUNNBvgo5PcjFoyw6m8cCcKuIuMM9wtjfLw5z8l7nhY/ECfcrOkoEk5DIYDNS2yAYuy1PRHGNp/E/iyQ5LSwzhHa+yaboVrhgvwYbPopCO4gkzfXjx+Qs4eOiZzw2SEBM6IeKMMZiii8DYOQQ93NqtfzuN94guflybEGUFk3T54511NvW67+1759KNPKvWPHxaReKUmf1SR0SnUM7K4PioC9oS/8vZb8tbrr4gXs98//8Uv6Gdee+mn4kBhDnBHKaETMAJXr4pMGAuGnIWOVZUUhINFyZYN6zS1vHbbVrUidEOJWWM9ikE4e3NMTMa1UPfTtiLzaV38gfi4JFw0pqMb4WIhBsxU5uaOdcUa/nxXb+8L//39T5y//cRi4YxuewHhqf4fJ/Zvfv34qS8Np3O/XApEd1a8QVcJqScOty8hHeMBuJH8TG746E0cFYD56KffPCDnXnkDAadDuuKAZwBcR40Xhz9OQZjBRmRwX4siyN26WbZi8m1DWws2F6wSNgR8M4VsT7KARbwdc0+asbKWzPK0scmhZZXZEYExC5fMuLHWwqo006hO1BgmkUW7dOyETAJGUgT0xY3UbBiBrApuGlVzJBPmoLsLbqaXHNL78D75xHPPaGwxduacvPyHfyz3P/yYfOmTn0JhDxkjfGcS7tgpTJEdH59GRmtaQYQ7tm6Rjo4uBMXY9NjMGUA2/u1/+A/StbZHiaXnCOgEfIQs6BxCysa1Ep4zcMOIWiAncLCzQzo3bZCeHVsAbemVBHowZrBuBBH6cZ5M3zJes7p/OUXMgkaZ2oq1teykBXnPmFdkwxNbErLZpD+Tf7M7Gv/DB7bf9c7vbd9Faszb+vGREBCu4HfOn+j52aETT5yZTf1utaF5TyEQDFtjDdgXgWwN4Sk54HcQjHYCFlHEXPEjr74pI3C5nNiEbBVlEMxAOolgmSneGNyUIaQt4aOJB4zw6zCFahMAdzGQXifhY4+nZ3X+HttGDZOfSQdTWJi2rWEYD5k2iMb1sYAHV4sZKvr8VZDbDZ48LYMnTkn5Eue4wJrQasB94xyTCLJKeWy0OWR8WAScrYHR5O4t8vBnn0EsANdpJik/+d+/LmsCcfntL/2Sfk8S5zQJl+xvv/4XEADEU2v6LFcQqAHsXBT3YvLMU0/Kpk1b5AxikmOnz8jFkX4IOwJiXOfwKOatoyZEgRoYHoE1BUoayY+4CgatxkYkMJpwLhBsWiWyxSDV64NlzkMBscktgDoMRxxw3csY+WtqHWpJ7NhMk7lwsbKFlDQBs4WBmtPudOat9dHG//mxHbuP/FLPmg+ln2Ol0veRERBe6P7ZqZaXDh/b9e75i78P7MF90tLYk4Bt5zB7piYDcDVieAaB5woAxh0EhOHVb39fRpGxYUWYQTJRsQwWyb5IzehDfSQHN6lITQhBcAFd2tLXLX1bNkkz4BMuUNwQu6QCYvvWVoaGtP2Aw1AbU50y9sB3ZJNzMoH45xKQxKkBtEuPjokDhbcYKDpriAPcKG4GIZycwpqCQGchUJHONpkc7peNzzwmD3zlk5Ko5WAhZuTSu4el/zsvyb/8nX8ijS6/xGDRfvDTH8uPn/+e3Hv/g9LQAosHC8AkBLv90oi1TgFa0wKXswMB/Pnz56UF72nCuGa6TayAj+H8ikxh83pgFQLtvdIHC7p282al6skSCEkwJxSJYsHghikrIiw0raQXsR4Bi6SBzTPlTivCdeM9UPyXVeewOm0AifF7yvmZ6fOhSvmFu9es+zqAqmefjrUsa6DmSjf7cj7/kRIQXuDxwnTg1ED/mnePHn16//Dgl9MbNj42jJgBIbJCI/zYvZW5jPgxq7AV8UcQGu9NtIhewMYhpDwA94c90xxfTRdqHG4H+yyCaPxhZZdZqxqry/DNmdnauGWzeBC8BtEIRP/eDe3L+AT7AzKBQBbuSRbV5umxCZken9BBmxy4CTQfag8IuGlZYN3IG6VNQ5zEatP6cBMmOSKiq0V2PrQPiIDtEmiOysTUKNCzKXnpT/9CNkU75B9/5deYDpWXXnpJXn//PemBlnfi3L0ozs2i0MgsVbmGNDU2bBRZNQ4VmuwfkMfuvx9+f0TOXTgvDgTV52B5tiG71blzm5yeHBUvgvzGrjUQGEZMCyzrFtOh4U22WBfJo2shi60pvMRNsdrvDWM+B68Xn48wwQGrkkuDSA7C1RwKzM4ODry9a03v//ro1u2H7ursGb7HE78cWrCcXfshfuYjJyBmbX5yen/niWRy858ePvp/dfb0PQYysmBqFn0kcF8i/jCKi2hLhUtAy8H20HPvH5Kjr6Aoh/6GBjT4MA5QEmVoSAa3HERKvJcfml5HLWMTk+4mCx+czVYO5PM5apjpT1Y+LAkhNQuZ5vlvQmEgEMTysc8cMRLj2IhNYJeBtdB+B7gq9P1ZeMzgDb6eLlmLQT+b9myFVkdhDnAOPzZhFsz1r/3ZN+SXnvy03L9xh+QAP/+LP/8rWDhkkBA7MfjOAs3rQ4QdRDKhAOGYSaFBDAJcQcqXvTB+fH9LNCYF1GAcuOZKLCSPfu0rkoY7N0S4P3iu0gWraWw+S2f3tbBPnWBNZXMkfITulA2idML9I5rBgTVOZRADotGrigFFecR1IaxHM+I6BFcX0mMjL37mwQf/d3QBXvj1nu23BI27Ulm6LaAmy7mIT2x+YORwcWo20tT3P7x29Phnz5y7+MnGeHS7v7ExNosawWyJxTM0UyFITsMy9D1yj4RQ/X0fqc7E2CRiFgT52HTNWbhJ0IgRTsZlahJCU6zB18bPNQTMYbSaWhrUxozovmFhjMVEWCMKFtwVN9LOHrwqQwkvyMaozGB2hg+Zswg2KtOpaQhcFq8+EBoEsdHvfvJRifV2IdYJIDs3hX6IqrQ0g1bn+CkUeArS1dujOKjx8XEZn5yQu9avkzSTBmwyQ0zC2KqMwJ8s52DVR3xTlEbENgUMKR04e1a6mlpl+76d0o9A/t1LZ2Ub4rZsGDEXK+HILvk9qLvYRG7MP1jYMqZqLUVfRizGtLcTwTkDdOU/hkIoA7NVcyDmw+9KWQBBYXG7MGkK7lQic67/8OaOtj968KlPvn73hvWD9zmDHymrUb8fP7ICwovY5W0mq8XhlwdHJt7wBl89Otz/tbnJ8UejzQ3bnNCqs3BfOJTTgw0zhUGfofXd8uxv/io+8IYMHnhPIgDclWdSEiGUHje4Qs0NTUltXCBpAiElTPTawScDUA82PpHCSpYGFymIDaYkzGQMxOeK1LJK7Gb93Ys0bQkWKY324SKyStyC3q4O2bZrt/r+bjR8TYK+PwGIP6vOPn9EC3Xj6PKj60cCGAroxCQIopWzF8VHCNc4Eg2s0RTgYs2NT0krEgtxuDhkFSkjpR3ENQVgrR6Em7Xt7rtl/9Gjsv/QAWSscA41xBXov1GKUFwfsWEGc6YpWoNL07NlARBrCIWgvTZ0E2G1FPXOOgfqInCl4L7WCuWJyYuN5cpPtm3a+lcPbtt29rNd3QgVP9qPj7SAmKV/qqdzdChbHHvjzPHRl88eOXx+YvzL1bBvbzgcjHkQII+DjSPoRt81Cmmslu/9/LOyBQ0+h4CDcngmALCbxQTZadQEgFKFCxNEgZGk2zm4Xh4G4RAM9kNovzc7FlnrYG81onZWsAmDUXIF9oOwB55DY1CRBteqlTGDpiXGSzpapA2AyT6kUTt6eyXY3CRjyILNwVVzAx4SDKG1FlisGcQfeVLpwArQxSH0xWJssbiNSTTHnhYWPFmhriL+4NOJ6jhJLjivj2BNBtNNjS2aEmaaFpIlMbhVSZzbNK45DoxVFW6oSwnaLAilqfkY0KUHsQvHKhNXRtSwl9VzZLA8OIafyIRaqVqbnRwqZUuH+qLxv3t4992vP7x1+9Bm8OZ+tEXDOvuPhYDwQrqDXt7fc/szk9Mvnzhy6OBw/5dn8uVnh0fP9fWs6Yum0fQzOgUICjBaOebymwAC/NKnZfrwSUmOjUtpcFAycEOo6bHrIQFcGqhTxCrKeYbbTW3O7BO4BLQwRlwYCQ8c2PwUkCo5uyA4HGrPaR/queBv7s5W6d60XnohGHFUtxnPpOAGjkyOiROuF4IICKdIGkLBze9DvaEJWahL7x+DRQkS6aTEFOwRIe9XAW5SDFYkiXgqDAvF43vZOwKMkwdNVn6cU5K4Mvbi4zWF2kkC9RwEVRbBtDsKMCGTEVbS2qJxtWaMm/SstT044ow1D7hyWI8AXS224yIbVywD1Ogsj8fd5ePoHf/Btu1bXn5k557+xyONsx8HwTDX8LEREHNBD4RakJaSt380NTD6k7ffeaUr6nl4fHDyCdQBdja1dQZHwDQ+AlBeA+gzMdROWp9FuhSEAfGJKRlGY9XwuYtSHUZtJAVBgTC4UMxj6pIlrzJfOYuE4ES2vMK0zAGtSpCfDsLh9qLqZWswsklOBMa77rtXQsB8hduaNFBOIruThUuFoEWcDXCh4LaUlVsKfj0ZWoC+9eE7e3r65BIsySj6RFq612m6thmxSQLnz9S0B9aGMUgVsYef5A2svUDDh4CcJf6KQtG7dg2sRDMsJwjcwMKO2W6QV7QCoI7R5o1LkrB2HUhjrZ6xIGYtCQ+pMBGAKw7BGgbZ6MROwXxmEi7cmZZA4OUWX/Wlpx/Ye/YzTesAD/j4PT52AmJuERhU+vFz//OXzh/94PyFl94/f/bLszJ7T2dry46C1xWcQzA7lpmTUWwOAh4DHc2yHn789vvuk8JEQmb6RyQzNiUjaMRSriq4GXyydsDYRDElFArOCEd2iyQFfkBGOBexvbtbOkGwEEchMgcNnodrRBhHHhCkMoGAOrOPjD4gZoAWp7CROoe1BMYy09MJtLfEMWegRU6g0Ldn7SbAUSKyYcMGOXTimGxEvaII6+HH9yrIkOeD7+DIhwC68gYuXgIzTFIefewJhavPIbg/dva0tPb1SVt7u5wBXquAqrmSX0NgVDi0tsMhNlY8rbUinHsULpaT7h7afmv54qSzUDrf5vW9s3Xdum/u2rDmwi+19w3/l4+fXMxf0cdWQMwVfnbN+oHz2eLQfZu3nTnU37/h0PDAF4cSsw/7fd61wF/FS3BNWPBK56yYI1TF+DYwh2xAAM/CY419DRCMLGKFDAJcpoSZrmU3ooPuDBg9QKmq4EIG0UwJE7fFmYOT7DWBdTA94CzO6QgxzUIpcgnZoJKQ+oZoYKaogzhGI9OvM4Oy9q5dcvi9Q/LJhx6XtpYm2fvAgzI2MyVvvfGm3Pf4I1pnYYxShesUx4x4QuxPA34yMjgk9+y5V7YDFcDGsIPH0LE4PiQPPvekwtR5PpwbmIN1cJH/F4GHDuZBHMMYjUloH87Vj/d5cpmqI5cb9ZfLF9sikf2b16/51pa1a4d62trG73VGPlQKnlshhx/ZOshyFutQNuc+PTnZdWKof925sZFHRtLp+6ad1d0A7HUG4bf7gRJmDYPNPgWA+tiRSH/eTUYUzkYk5Y1hOqQYkAYV+X9sc4V+62wP4pDYjUfGErtir8yNim5daIM1kBWwplnuGtG45AJD8BvH+x3AYZVGJuXF/+OPZefmbfKFp59F1R64qSmkaz84ID99+SWJtbWCrqdZh+lMIg08gR4R9rc8/Yln5a7du7U4iKET8h//03+U6PbN8viXPieuNjQ/QXAni7BAmPGRGJ+D1UEfCmIaH2dxwAWsAGpfzaBCks+Oonpysisae3VTV/urW7t7Bte0tozf7W1b2YD25dy8W/SZXygBMWt8LFdwjs3MtIxlMm0/O/j+Y+ip3ge4xia4I2vQA9HK3mpCTBhM00XRCav4sBJpE1VCVhXyXkHbsqin2SRqYc000ZOvI28g565BBNt1Bus8LLgjRzQw+KaLFIAQKqkELBaRyY2owL/34k/l5Hd/IF/59d+Ue7ftkJGBfgmjuHni1EltmBq/MKA9L5yM2wo8VQ9YXlq6usQBy5iEiP7V978rY4OX5FP/4v8kpZgfwgGlHwtr7MTkVW+sS0n2irCOGKcMIHpxJuCqjTb4fadiHuerD+6+65XOaHT80y3rbyl5wi2Sj/ke/1v1/bf8ew8lkqGhmUTLmYGB7rNjgw+PpOceSjqqG4sB77qy3+vJYVNzFCmxWLQS1sBQCzZCvBFhKcZvV2of7Ug0T4sVcv5hmAvqrpqFxTICXxfigQA2NTFdFSQNiARuQGq6CZX9v/nDP5LM0ePy2HOfkmceeXR+XjzJ8cqA+ZMKlBbLDbhMtBlUSfCaDp49KW8dPQSIzXuy+zd+VTbs3SND6OeokmAPSQSSvs2iwzBeQWUjW5oE19iEz1kbaI5GDq3v6vjp5p6eS91NsanHw+2zt/wm3cIT+IW0IFdb77fHhlsvJKbazkyObjszMfaJkXRyhzMaWVtwuJrRzehgvQOBh1oJMneQXd2LoNgU2Rjp1s8/ZF2E9KF81Lejmu+ngFmQDkX5WR2K0Fkkt2MrrAtZJtKRbu7qke/++V/K1NsHUNzslgfuuUcevHefjA8Nybq2Li1a0m5l4aINT47L8Qtn5YOzJyQF1sRHfvs3tLPwxOAFibQ2KTPl9Nws+kxCGaCNR0P50pnOWPTYmo7un63t7u7vaW6aaQ6Hp+9yhX9h3Khryd8dAbnC6hzMTUVHU8nmyUKh7fX3339wrlTeMpfPr89Va10Oj7/d4w+ALAUdjfDZxwElsQqFVuV8fjKUbS10vIGiVCyXSn+yUSvMFLFXwoGiSoHZLtKv2hktCk8F7PRxpHzZ5ESE8tSlAXkH3ZIClHBD31pZ39Oj1kT76WGpkqhqD40D6Aj3qXPnTrnn4QdArId08fhIDX/Ldna158aGR6aaG5suNsbiR5qCvgO713afag76E20NTdN7fC0oAN151K/AHQG5zn64VKv4xlJzbRfGxuIXxkb7RhKz906mknvmcrnW2VK5wd3S1llwucIKL6Ew2G4Yh8kw+C4B3n75w5Ab0KyQ7oFYJ1gjCA05sDjLz4NMlk7HQn2lguYvCgkZFz1AGsfRR3IJ7tbPvv8CoCbo0UihZ6W1WWEghWKx2t7VWdl1z55aU1t7CaTe6UwhMw381NSm9evORn2Bo+5C5fSOjZv6OxuaE62Ngemdbv/HPhO1EpG/IyA3sHr9tbIH1DehsdnZxuHJyfDIXKr16MTEfZmarM0XCz2Ah8RKlUoIhwwjDQzCFVcIyF0fUrpEfpD2xP42a9lrHANQAVQFBUcihYFrUeK1IgGC9tCaZvDkjsFykLKnGe7c5IXBWkskllvT3jE3PDhQQ993NTE7TbzJbGNj4yjqKVOwKFXQCI0hcD/W0tjU39PdmWgIRWbBW5h6srntI4mqvYHbtKpvvSMgK1zOQ7VcYK5aDAFzFZtMzPonp2fwOtOZTKV70fHXgTpIM1R0A+An4VK1Sq42tKVoA4YLguGreB0BkOEpaxB+xyqdOmDMjTEsAYS+hCC8CohLxVWp5JGGBpm7M4m4YypQq17oDPmORz2OsUgoPNcUjaeb4w3peDSWj4bD+R3x7stHbK3wWn8RP35HQG7CXT+Sn/QXqzU/HCjfxMyMr1CuuFPFojedy/syubw/WyoEEOR7wCccAul2Q8lZQzOsdq6SONLioKNwILwASXUKwlBBraMEZvU8GrsK4UAwB/cqH3bVEp9t2wCQ1Z3HzVqBOwJys1Z2icc9WWODKzvl1XJo68kWR8AO45d4kDtvu7MCd1bgzgrcWYE7K3BnBe6swJ0VuLMCd1bgzgrcWYE7K3BnBe6swMd9Bf7/sXyETPFjF4QAAAAASUVORK5CYII=',1,'1987-08-04','198754754561','Wattala','0701485210','0114751233','2022-01-02',1,1,'Star polythene'),(5,'2102','Rukshan Silva','Rukshan',NULL,1,'1995-01-04','199560752114','Ganemulla','0714723014','0214785433','2022-01-02',3,1,'Star polythene'),(6,'2103','Kalum Ranasigha','Kalum',NULL,1,'1999-01-04','996521458V','JaEla','0714587236','0114751233','2022-01-02',1,1,'Star polythene'),(7,'2305','Ashen Fernando','Ashen',_binary 'data:image/jpeg;base64,/9j/4AAQSkZJRgABAQEAYABgAAD/2wBDAAMCAgMCAgMDAwMEAwMEBQgFBQQEBQoHBwYIDAoMDAsKCwsNDhIQDQ4RDgsLEBYQERMUFRUVDA8XGBYUGBIUFRT/2wBDAQMEBAUEBQkFBQkUDQsNFBQUFBQUFBQUFBQUFBQUFBQUFBQUFBQUFBQUFBQUFBQUFBQUFBQUFBQUFBQUFBQUFBT/wAARCAFXAOYDASIAAhEBAxEB/8QAHwAAAQUBAQEBAQEAAAAAAAAAAAECAwQFBgcICQoL/8QAtRAAAgEDAwIEAwUFBAQAAAF9AQIDAAQRBRIhMUEGE1FhByJxFDKBkaEII0KxwRVS0fAkM2JyggkKFhcYGRolJicoKSo0NTY3ODk6Q0RFRkdISUpTVFVWV1hZWmNkZWZnaGlqc3R1dnd4eXqDhIWGh4iJipKTlJWWl5iZmqKjpKWmp6ipqrKztLW2t7i5usLDxMXGx8jJytLT1NXW19jZ2uHi4+Tl5ufo6erx8vP09fb3+Pn6/8QAHwEAAwEBAQEBAQEBAQAAAAAAAAECAwQFBgcICQoL/8QAtREAAgECBAQDBAcFBAQAAQJ3AAECAxEEBSExBhJBUQdhcRMiMoEIFEKRobHBCSMzUvAVYnLRChYkNOEl8RcYGRomJygpKjU2Nzg5OkNERUZHSElKU1RVVldYWVpjZGVmZ2hpanN0dXZ3eHl6goOEhYaHiImKkpOUlZaXmJmaoqOkpaanqKmqsrO0tba3uLm6wsPExcbHyMnK0tPU1dbX2Nna4uPk5ebn6Onq8vP09fb3+Pn6/9oADAMBAAIRAxEAPwD2GOP0q3FGfSljhq1FHXQYjY4j06VZjjB7U5E9anRKAEjiz2q1HGNv3TTVXkYqwufSgCJoz0FCxHNWNtPVMjpQBD5Zo2E8cVY2bc8UeWaBlfyxjpR5f51Y8sd6NhoEVGjz2qNo6vMlRso/GkBRaMc8VBJHg8jmr8kY57moWj55piM94znpUMkIrQaPr1qBovz+lAGbJF1GaryQjnjpWo0eWPFVpIxjFAGRJD8xFVJIfmJrXliCt0qtNHtxxQIxJoScDHHeqVxD1xzW5JDnviqUkPzeooAwpoeD8vPvWfcW/eugmhDZFZ88GM4piOeuITyAM1QmsxjkgA10U1v82azrmDd/DQI5y4tzuwBgCitKaDGOcUU7Br0Pf41H4VZiQCkjhzirEcWKk1Hxx55xU0cdIilcYqZFNAD0jqVI/UcUi/SpVWgAWPPWnqCe2aerBetLuPG0YoARY/Wl2VIq/LzxS7aAItvtSbfapitN2+1AEDL2NNdQKn2+9IU6UCKbJt61CyL9KvMnB7VC0fegCm6VC6ep4q8yjJqCRQfegDPdOTUMik54q80fX1qGSPigRmSw8mqskJOOfatSYben5VWdT6YNAGVNbjcePxqlJCd3PStiWM85qlJHk0AZE0Q5GOaozQjb93P1raljC5qlJEcelMRiTQgk8dKz7iEEHjit6aHHSs+aHrnrTJMGWEentxRWjLDtx2ooCzPbI179qsovpxUca7fcVZjUfjUmo5Ezipljx6ZpFXtU0YC0AKi57Y96lVQvTrSL71Ki7utADY4cnJ5qXZhacqhakVR6UAMCigLUu3rSbcUAMC+opCvtgU/b68CkPA64HqaAI9tN+pryb4pftKeGfhzdHTkkOraz0NnasP3Z/wBtjwv061x/hv8AaJvdebzrhrWwd8+Xas6uD1/iB6/lWE69Om7NmsKM57I+hGXmo3HI7V85ar+1peeGdQe11Twy0iBsedBNgEeo4/rXZ6B8fNJ8VTRXUAmgsliMkisnzH/HHfFJV6b1uN0ai6HqrLUDx1leF/G+ieLLQzafqVvdMGKsqONyn0I6ituRq331RiU2XHGOagkjBq5tzmonjNMRnyx+1VmXjNaMiZ4qoyAg0CKEi/MM1VkUKT3zWlJEe9VZI92QBQBltGeT2qpJH6mtWWHbwBVRoOuaYjImj64FULiM854ramXbwDVGZeDxmgDGlj9s/hRV54z/AHR+IophZHrka+1WY16U2OPiplXOKksVVIqdV70iqB1qZV9qAFVfapF7cURipVXvQAAe1PCmlWnYNADdtLtFEk0cKlmYIo6k14z8e/2hNM+FOlp9nMeo6rL/AKuzD7T6AsewyRSbS1Y0r7HcfEf4maH8L9Bl1TXLnZGo+SGPBkkbsFGetfC/xQ/ay8a/EW6aHRb+Tw9o8rMEt7UKZWj9XfIOfYHHPtVnXJ/FnxQtV1LXv+JhZ3G1vs0yjhXIA8v0KnaQOvIGa4D4geCYvCOpaRc2cRbSLxfkkjyFimXqhDHIJBBAJB688VwVK99InZTo21kXvBsWp2d0susRR3UTkSMzIGdgcHc27sf7wOM173ong211zTmudDuIJJFX5EdyIw46gjGQc547d8Zqt8NdQ0vxJ4VttP1K2h1CNcbWwN8bY4LAgFW56kjPrXK+JtY1P4T679v0mD7XYM37+wnlCKy+gB5XA6HBx7jg+a4xlr1PQu4o9B0OLSvFlxP4e8S6RNaXkZDIrNvimA6ujgcD2BJ9TxV2z+EK+F5EudDuHks1kybWYEvCT1CnuOvy+hPrXA6x8aNB17TYb4RyXloGEk0a4W9sXH/LVcEgkc85Kn16iuv0341aRq+kQ3VtqakqirLIpCiQZADgn7rDjII9jjPOXsnG9iudHH/EbT4vCmoNeWkY024kbzFnjJWN+vUj7vPrjr1Herpf7TfiHQ1jtmu/s1wDtH9qKZ4JOOiyKQf1P41rat8SNA8SXc/h7xKY1E2UiuIhhHz0PX5HxnIztOPXIX5t+LngTV/h1qU1uJGu9NlUzQXMYJBTOMn0x0PHHcV0UKkovlvYyrQjJXsfcXwn/ae0X4gXD6VqRh0jW0OPKMmYpvdGOD+BAP1r2RZkmAMbhxjjBzX4zLr1xDKpM7sF5jdGIdMc8MK+hfhD+2BqnhdbfTtXna+tgVVLyRyskQ9xg7xj8fevajO/xHkShbY/RCRarPjB4NcT8OfjX4a+JEfl6dfrJcqBuRlK5+mRzXdMQelamRTkbiq8inmr7KOeM1WdT3FAGbJGe55qpNETnNakuO9VJFz0FMDLkiAyarSRj0zWnIpzg8VVkTnHagRlSqX6jH0oq3JGB2oplHqEfWrEY9B+NMTHBIqVM56YpDJEWplqJRz3qZQKQEqrUmDmo1FSrQAq9ad95qQCq+oXIs7V3JHCnnPFAHmXxu+J1r8O/Ct7q0swLpmO2i3Y3P6+vr+H1r88rXxwfEXjMazqc0t7c3E5eWO4XMRUjGzGeV9MfMOtdt+018UoPHXiq4s49TJtbRmiVYxlRg4IHOOeua8l0vwjqsapfWarqlmw3PGp+YDPUgDI/lxXmzqKT1+R306dlofUPh3xZpunaZb6JOr3NuyYtQzFmkjZRuQN03gnovcKRnisnx14ZvvE2g/ZLKeHVrOZd8JldYrjIPynd/y07YPv0FeLvrUdrAkkNxIpVcmxu2Iw2cko+RhvTbzXq3w6+IltrNjHNazW8cqy/wCmaVdSoVDd3jJI4x2wGGMYIFYv3feRqtfdZ51ovxC134b3S2uuaPdSC3LbL633LcImejdmUZ/XrXqUfxe8B/ELTFg1S+EssilWUho5Fz2KsAM55zu/GuseDwZ4sYxatZCKYfKGmtpJwhOfl8yN+OnpxiuF8dfAzSII2vdCvrIzsTsM7kkc44QoTgcnk8/ziUoPcuMZrRHnHxD+G2l6fdfbvDfiG3LY3GG9fyzg84DsBuGO2W6968budW1TQ7x3RXSOTl1VtyOO5z+db3iqw1HTbmSBZWZlLKzRr5DD1yoPt6Yrjnh1DzCg3MR/CwzW9Nab3MpX7WNP/hLHu4hHLIzRjhRnLRr6e4xj8h6V09j8Wru80gaNrMz3lshzb3TMd8BxgMD1GB6dQMdhjz2SxuJ3Z/K2SA9hSSWs/ljdCTnjpWjhCS1I5pLU6aS50jzpEntmuDnIeNxEW9zwQfwAzWFeR2jyYSFoR0AaQEj/ABqpH5seFljyuflYg8e30py3Cs/lzKVHZhyp+lXGNjOR7J8G9NivryzYr5EsUvFwgIkBHIO4c4+nPev0e8BXjan4fgmM8k4K7N0rbjkcHnvzX51/BnUtLtLWaO7upI5ePLEQySe2RX358H5JY/D/AJUiYXcXVgu0HPPSuimzmmup3Mi4GTVeTFWWG7rUUi9sVqZlKQDtVSRNpzjir0g9qqyD1pgUpFO41UkTaT3NX5Bu46Cq0ibaAKMi+g/KinTJ82KKYHp8YFSDnpUar3qdVFSUPUH8KmFRrUigDmgCRaeoOfamqKkXFADtucAda8g/aY8Zf8IZ8Ob6TeVkmjZAFOCRjkfjXsAr4/8A29NSuJdNs7G3ZgWjY9cAKCMsaxrO0Ga017yPz51BZLq6kupAftM0rFR1I55NdJ4P8SL4auFkm1KSEBiR94gHuAQCR+Fc7dN5S5B+6Ni+uAMn9c0/w/olzrV2oSMyqx6YPPNc0kuX3tjqhfm03PYrj4s6LdKTdadDrSSDLMsTQzZPO3djbx67Sajs5PDc0gls9N1SznLDMc8SSJ1B9PbpjsD2rsfAf7Ner6/ZxymBoYyAWBzzxX0V4E/Znt9LiRZYVfA5yvevKnWS0gj14Yf+dngelaDqGqRxPZXUtoijaLf7OJY15/h3hSPlwOrEevPHX6X8LfFPiK1a1OpSyWJX5hJZRHntjgc/XOM19aeH/gvbQhF+zqFA/u16Ro/gO2sbcKsKgY6MtZr2kt2aP2UNlc+Bo/2SXmZOXJzkluM5PpTJv2Vhp/iC2VEzG6nccdx0r9BT4ZjWXPlBQPbnrWLfeFopLlX2fMpBzUOM0viNIzi38J8Pat+yukEodYV2t7dK888afs9XWk3JSGLepGcEfyr9GtW0OLYQ0eVX1HWuC1zwxFqFxH+6BCnB4rPmnB6M09ye6Pzq8UfBa60uyE7QsUxnIB4zXjGoWcmk6o1tOuV3fK3IxX6meOPAdtNp7QNGChXAGK+Fvjx4AGj3puo4sBWxXdhsQ+bkkefiqEeXngcv4ReybAmDlwcebG+OvTIFfW37OPxie3uF8P31w18jE+QzN+8Ht/tV8QxyHT5Elif5mHzKD1r0H4ba+0Pi7Qrq3fbOtwoZSe+7A/CvTjeMro8eVnHU/Ua3YTQiQHhhnpg02RaZps5uNPgcjBKD35qV/wBfeu44ypIOp71VkQn/APVVxxntgVXk5pgUpEC1WlUc45q5Iu6q0gHP9aBFFsbumKKfIo6L9aKBnoyA1OuT9KgU4GamjbdigomXipVxUatxUq0gJFqRfrUa+wp/SgCTGR0r4c/b88RQ/wBs6VpttOhnSB/tCDnKsRhSfw6V9x7to4Ffm/8At4aLe6X8VkusmO1vbdXUDozDIJ/lWdRXjYqLsz5Zvl+1X1vaxDLHqvXBPavs/wDZr+Aq3FjbXl3AC7HcFYV8p/DnR01DxtZRMmQ0gJX8a/WT4J+G47bS7VBEBhB29q8fGNu0EezhIpJyZ2Pg3wPBY6dHG0SjCgAYrtrHwrGq5CVsabpiRxqMYA61sxzQW4FckYna3cp6X4djXHyitddDjVdxTPtT7XVLeLgtj3q1/akEzZDjHpmupLQ5Zc19EYlxoqR5wud3OaxL3RTuLAfjXaSXltuB3fhntWdqF9brb4UrgVEolwk+qPP9S0cvGQetc82hxx5BAyOld9dXkGMcZrmr+ZGLYwK45RfQ7IvoeX+MrH/R3JA6HrXxh+0jZpNp86YAyM59xX2348bbp8xXqBnp+dfB/wAfNUaSG655yU46GopRftEOo0qbPkGa6eG4MZONprqfAt4bXxRp8gYlBMhOP7u4E/pXJ6lCPNdsHBPBrb+H/wC/8RaTHuwz3UaE+xYCvpktD5iXU/Ybw627RbL5t48pcP8A3uODVyYdeM1S8Mqq+H7BF6LCowR7Cr8ma6TmKsi/Ke2aruuBgirT96ryDg0AU3WqzIcZq3Jn8Kgdc5pgUJFIaipmXn3opgd2je1TKQzCoFAqRWNIotrhakVqqx5XuSasLjjigCwp9KlXgc9arrUq+9ICYHdxXxB/wUatI47zwdMYyXk89S/sApx+tfb27HPpXyN/wUA8Pzaz4X8PalEA0NnO+89xuXH9KUthpNtWPkb9mzRW8RfFe1RV+SLMh+g/yK/VDwXq0fh3T4gVLybflAHXFfln4Z1XWP2fRoniHSvsNxea5abi1zh/JUsThU3A5wo+YjHOK+ldO8XeOtW0mwv/ABB4mewS6hWYWOl20SSIjDKkuytgnIyMenNeTXp688nZHtYeTa9nFXfU+tPFX7QVp4XgLvIqnB+RuG4BJ4/CvCNc/wCCg2n6fdFFtJJccYU4z9P8/wCFef6t8RvDnhvnUtd1e5utvEFrdssmffYVA/SvM/G3x60a+hSPToLq6ikcqG1a7e6HABIMblvXqRg1jCCl1b+RdSp7PRpfefWHgz9s+x8WMhKm1GDu3EDbjgBue/X8PavYtF+Llvq0QeOUOOOSenGf5Yr8wdP8WDVpgtra6es8Y+ZTaLbt17eTsH/fQbFegeCf2lLf4d3jWfiDRL54iBsks5lk9duA2zI4bnjkdKiVGbdqbubrEU+VOasfohefFFLeHc0+B9fTmvI/iN+1FB4TtRLHIsxZ9vXp7/Svmbxd+2x4UvmNpZaHrJZ1bdJO0UYGFJHAdu9ebal8QdM1aNrvUdGG7YXSO8uXnO7PAYRtDsH4v/SlHD1r+/ohfWKP2dWe3ax/wUCubO8kjewXyv4GjPPTv/nip9D/AG2jq0ixGMq0jYEm7gDGcnJz3FfL1x8TNJ3rDD4X0eBCeZHghcfgZY3b9TWlHd2+oKJLa30slc7lsYoVZWHJyqJGx9OBW8sPHl1ZzLEty0R9mXHx3sdQtxDdvvWZTg5Ix+nSvmX4yQxXi3XlEbWBZTk8jmuNm1TUFVJLO5glj5JjKtGPp1bJ+ormtU+Kz2872Gq2Nx5gBXMbhzk8/THPY1lTw75rp3OipWi4WkrHlF25MlxE3IVsgV1nwL0F/EHxT8PWJP7uS6TPPRQc/wBKoeK/A+paL9n1SVEewvVEkcsZ6bhnawIBBH5ehr1r9jXw4198Sk1No8wWETMSezEYH6Zr2I9jw6nun6T6OqW1nFCG3BFCjNWZDurB0q/D4BPXtW2rbh+FbnMMkA45quzbanl9hzVaSgCvIe9V5GPYVZkzt4qswAz60AV2Y9uKKc+T2OfaimM7ePpUq8VBG20DPNTJQMkVjU6tt5xUStnn+VPViM4oAsKcZ71Krd6rplsVMrbh6fhSAm3cY618qfttTXtrotha228Wd6zwuCAw3FeCPfrX1SrAd+a8m/aW02K88B/a2gMzWEn2obQMjaCc8/jWVX4GdOH/AIiPhHQ/hLN46+FnjiXUZJLjXfClpFPpx3BQsCbnljIx8w2bsd8gc9c/WX/Ct9R8YfD/AMO3+iWttE13pVq/22Z87FMSnIGMZrzb9lmS1vta155UW70+8CwSIw+WRGBG0j0wT+dfR/wM1hPhX4TXwZ44jvLG20JpIrDxDJbyPYXFjuYxM9wqlInVTtKOVPyjGQQa8mtzVNL6o9fD2pvm6M+dtP8A2b9J0jWY5NU1kvfMxy0/3SCT6kdu/vVK7/ZP8FWOL2XW5IpxnKfaldDnABA2ZB/Gvt6Sb4UfEhCtn4m8La4yjkWuo287qP8AgLEisPUfCfwo8CyLd3uqeHNKkZvknvLuCM/RWZutKMa8dEzSf1aVnJa/I+PG/ZntNV1JNVsry8gZcGPNsAJMcBeucH154r0X9n39mPw18QP2gdafxPpq6vonhizgt5LO4Q/Z5r6XMgB7OI4yCV9XXPpXqXin4x+B9C09rvwxIvjq/wB6wwWvh0G8DzMQsayTJmOMFiBlyO+MkYr1T4A+ALvwJ4Ygj1eSOfxJqVzJqus3ERJV7uZtzquSfkRdsa4/hjFTdxd7hyxlpFaHiX7d/wCyh8P9J+E+peIvCXhLTdB1zQgL1JNPhW3WaJTmVHC8MNm4jjOVHPJz8RaX8HrzxlbxSSSvp8br5gLQ78+3X2NfrL+0ssNz4Y1O1uoVns5IfLlikAKupGCpHcHOMe9fFfwr8TeHfBrf8K/8VzW+lalpL+Xp97fERwahascxMkjfL5gUgMmc5BxnkCvaSu4rozNUk4xnLZo8Xuv2arDW/DIsItQgi1GGXeZdhDcr0KkjPP8AL345Cz/ZxvPD9tcPLcs9zsyJmAQA564z7Yr7/wBW+Dui+JLXfJbRyo33ZIflb8HXn9a4bUP2Y9Jk6z6gVDcRvdOy9/U/zpSrVErdDWGGoyd+p8YaX4Q1W1huGmRr1UIBkixx2BPr9RXE654WuvEPxEFnBNJZi1tUeeZAcjJJA4PUhv0r7m1b4W6H8O9Lluru6ttI06Ebpbi8mCDg9SWPJ6Cvn/QvDMkker+KLq1e0k124a4to5QVYWq/LDkHoSMt9GFOjUlFttE1qKdoJ36s+f8A4g+NNW1nytFuHjNpYsIwVUl5NvG5iSefpXsf7IN9/Z2oanEJAFdFLLjnPavE/FUf2jxhqCABY/NJ4A4r1P8AZ/b+yNe1RmOB8qjIx64r04y95HjygnGT7H3JoeqhmU5BH1rvLG4WaIHrXgvh3xAqqgD8eles+HNU+0QrgcV1HEdO3zZ64qGTHbmnLIWXFRysSOe9IZFJjbjvVR/0qxIvSq8vDcGgRC/tRTW+XnFFPUZ2i8VKrVAuOgqZeMZ5oGThsc1JHxUKsAPf6VKvegCdcipVaoAeBipYz0oAlX5Rx+hrD8aaeNT8P3UTLuDIev0rbz2HFJcIskDK/wB0jDGsayvTaOjDy5asWfJHwu+HL/C3x14h05JWewmlhubY85RTuG0/419a+ENemsY8dcnPX2r558YX0ui/FQW1xKrpJafI3T7rA/yzXp+ieLYfLTLLkqOhrw5N7s+mpRSbij2WXxIk8ZMtlazg95og1ZV9rsCMdthYxem2FQcevSuQm8YafawYlvY4ZWGVR225rzzVviONY1QaZpzl53bBO7O1c4zUyqJLc2jh+Z3sdbJrDa346sI0jbUbiFi8FpFyIyARvI9uee2a+gtHtSsUblds20EgEYHqK8I8JTaX8H4rjVdTuFee+jVVkZfmVQcyAH3ypI9q9Z0fx3p91p6X9vdJNbyoGRlbINY0/d+IKmq93ZEHxQ0dfEvnxyhmjyOAcZHT+VfE7eLTY/E+fTbm0+yahp0sltvkXMdxHnhcEcg4yK+wfE3ji0tbOSXzV24JOW9/WvlvxF4w0T4s69Bo9k1vFrVvfDybplAaVDG5kQEdQNufwqalpSdiqacYpW0O9svBfgC+8u4ufA2jxXkh81p7SxjjkLnuWQA5981rN4A8CXEe86Ph+R80svPB7b647SdUn8N3H2K/cMv3VkYda6ibXrZo9quo4zubkfjVRqu1rmboRvsYt38M/h/pdwb2z8LaOt/GfMS5ktEklVgequwJB+hrwL4za8i3cuGUeWrMwGMnA+tep+NvF6Q2UxV1PykcH29K+Rfidr1w2n6pdSSHDL5KDnJJP+Ga1o3qTuzHE8tKnZLc8Ou7p9Q1q6nzkySZHIzXpfga4XTmmkzgyMAPwGK4S30eVYIp5EZXyAkY7+/51u2t59injhV87R8x75r16bvPQ8SouWi13Pofwv4gPyEv7nmvcvA+uCZEAP618j+HdfMe3GCcY3E8V7n8O9dMjIC+eemf8+1d255ex9JWc3mJn1qaRqwNF1ISQrz2rYMm/vikMJMeuarsAxqVzheeTUOe5FMZBMM47jrwaKWRgGJ/rRQB1646mplbd1PFVYyWOMcVYWgZYU/NgVIuO5z61Ch2ipFb3oAnVhj0HvUyt74FV1apUb2pATfyNK3KkHr0qPdt56jrTt3cc5oA+cv2hfD9/o+oWviO3T7RBatmQ45RDww+mD+lcDpPj6c7jFOZArEDb9OlfSnxIs01Tw5qNnKu9J4HjYfUEV8P/D/UNs0lteOAyS7G3MM7skf0rysXRUY3R7WExMpTSZv/ABK+JU0KILoefcE7LeNf9Zux2x3+vpXo/wCzTpOoTGTWdRC/aLjHyuxynt0/zivFfG3hfUNP+IFnqa6e2o2zQkRKQxCtkY7c/h6fhW1oPxTvfCOqW9pd3y2s6MALWYCNe/HcMMcZB5zXl2Vk47nryrVL8vQ9s/bcj1LUPg1B9jkYTWGoRTyBcqwXY68e/Ir41+H/AO054q8E2MmlXeoXd7p7MSqtMTJG2SeGPUexr6f+JXxEHjjwTdwwzJNIYyqw7sNnCtz9CBj6nJr4u8S+C7uOya/jtmjXBOTwCBgEgdfpXXRcJpxkjmqyqxtKHQ7rx3+1d4l17STp+n3Nxbq+BJNI4L/RQBj8T+lYPwJ8e6np/wAUfDt5cahcP5V0ozcSkqA2VI5OBkEivMItNvJpMGGQHrgqfpXS+D9LuNPuGnYNHKBlSOoORyK6nTpwg4xRxKtWlNTZ9+/EvxEdRtblYX3XNuNw2kA/h3Pf8q8r0H42T3E02kXhktr+InIkGMr/AFH+NeLa98QNTa8EJuS7thRBGxZiSoGQOTg4H6U7StL13xB4k0if7HOty06IpkOWAJ+Y57cZ/Aeteb7FJXkeh9alf3Uel+KfF1zcq0bXGE+7x+XrXk/xAv5tS+w6dGNx3mV+c9OBx+NdT8Tpv7M1NrOOQo6Pg7fyrx3Xtcnk1QzQSsu0bQy5yffNdeGhdXR5+JrXlaRt3V8ui2uZfmuiMRxj+HjrWBbXTtM0jnc7dTj2rK8+SZ97szN3YmrNu53An06/5969SEORHmVantH5HdaLqBVo8tjaQwx2r234faofkJOBnaMDivnjR7nMijOSfWvX/BN8yMh6Y4HPX1FbROWR9b+FdSE0MZznIB6YFdzbyb0BHWvFfAurfu1y2Nv516tpt35iDnNUxI2JDu79OtQN7dKduDL6mo2bk/Wgogl/eNyf1opsjcjjH0NFIR18XGamRuMVVWT5anRgSKZRZVsVMrcg9RVeNqmVtvNICZT05qRWGOKgVvSpF9aBkysCOTT84U1AG4x1pfMOOlAjmPGDD7HKp9Mda/P/AMUSP4T8ea3Dbny0S4M67h1Vzu4x9SPwr748ZN/oshAJ4NfCP7QFk8Osf2rEgOMwznP8J6fkf51nVhzwsa0pck7nunw38W2utaTFDeAGWFlYFgAxx7fjXr958I/CHxE0B49Q0q1mZl++YhnB96+PfhN4jH2i2eNgo/diRWPYjHT8B+n0r7X8AXElxYRIWALqGwPpXy0o+zqH00anNFM8B1j9ibTYGnbTtS1C0hJ+UQ3BwgyccHPt+Veca7+zLp2jRz/bfFerWxUOYt1qLpWOMgEKyY5/xr7N8RR6hZrI0bNt9Md6+aPi54x1TS1lN3blY8/M4BBDZ+6B05Hv/KuuNd3SaudkakLe/H7j5nuvhJPvmzrZcKx2rDCQzqM88sfpj3qxofwvE8ghle4kctgsZSMjnPHH8u1bej+I9W8T3DXHlyMXUGOOUEKFzgY+vFdboP26+ZFjtfLLfKy45Un68f5/Ctp1nFGXNQlrGH3nafCX4L+GfDNwbpreK9v5SOJMNsGM5JP5/hTPHPi7S/CevXMti0arHETGFwQGyQT+Fa+pXU3gzwuwDk3tyhyzcFRjnJ7dq+SvHni573UpreKRjHIxO5z83U8H8a46UJVpXbOPEVVTVkWNY8QnxJq91e3DfLvwA355z9a4C8ZXun28rkgH2q5qV81vbrbofnbl2X/PSs1Onv0r3aMOU8KpK7HLnv2qxHhsnnjpUarz0FTKBzxjI/KtzE2NFyZkGcH6V614U2xiPJ47e/evK9Dh8xgcZ5B616t4eiKRx5HC9M4zVxMpbns3g++EciYbgfn0r2TQb0PGvNeAeGZjHsC54z0GCK9b8N6h90Bic+v0qyT0qKXIGfzpzN71m2txuUHOe9W/M3Z49qRQjSHdxz9DRTWJ3HaOaKBnWowPQ4qeL61TRfzqcSbenNIZaVscd6lXHU896qxKetTg0AWVYY/pT161Arbaevzd6Bk+7uMGhpCAcDHFR57dTSSOcH1oEcr4yb/Q5CMdCa+OfiZFHeas9tIgeOQ4ZcfeBOK+xPF3zWcg9Qa+P/iVGYfEcZGOZB8uKHsC3R5Fod5L4K8RfZsMq+YVB/vxg8H6jpxX3D8E/Glpr2lxTQXOcYwu70Az74618ZfErTvOumZWEVzEd8cgOOfSsn4Y/Ga+8B3nlqdsbHa8bOdv+8OfXb9a8SrT9suZbntxn7GXLLY/WrTbe01S2XOw5HO6uc8bfDvQ9esjFcQRNHuzkKD/AENfNfgr9p21uLGJJZpI5OC53fd4BP8AWuk1L9oSOTyfs06Srnadr4zwOn5/r+fErx0aPQjaWqZtXHwm8P6VIhs7CFBEuQqKASOeOf61nJ4b0yzaS4EEKg5JKqOuef1rnPEnxrt9Ow/n7iy7W7/MCOMZ469a8V+IX7QUnkSpauVG795169wP071LjKrokVKpGmveZofGrxZa21tcyrLiaVSkQ3jovYD8TXybfkeTJO7/AL1vm57jtzWr488V3firUUm3yOirnbnjk9QKpaZZnXNUhi/5dYwCy9OcV6lCl7GF2eLVqOtPQibQnj0E6nOWM0jAKpHQf5FZIx1684xivRvF0Q/4Rtto4V14/wA/QV50uMdMelddGXNG7OetHklYmjUMM9frxU6AbgT+OeagToP0NWY8bgOo6da3ObQ6Tw3GNw+bH8q9X8PxhVUAYHsAPxry/wANqAy5IP4e9eq+HYwFB6Z6fnx/n3rRGbO20ZfLxn17V6J4bugvl9R/OuA07G0Hn04rqtEmKyLu6HtVkHrOm3XyjkD2rXSTcM9RXI6Re/Ko/OuhhmG3OetSVcttJk5HBoqs1xt+7n8KKBnZJIOuenap0YZqjE3fNWFfqBQUXY3OMZyKnjmFU42De2KkV/TrSGW1cdjnFPRt2SP51VWUdKfHJ0ANAFsMPxpkkgI54pind3PFMmbg+lAjn/E3zW8vc4r5W+JunGTWom65kUj86+p9eYNC4HpXz/46sPO1iEgEjzAcj603sxx+JHk/xL8PG4keVVJPr6Hg14veaTDZzYnhBeTIMnHHrxX1d4q0dLqNhgtzjkc14z4i8KiO6lblUxnOM444NfP0qtj6SvRvG55dp95eWjtH5zCMZ2s3AHcHr3/pW1Jqt1brbGOXlBtd43Izn69sHGT2Aqlr+ilf9WXkCt8yjIHPTtVFbq4t5NjR7YWX5hnB9/zzXY2nqeYk07G/rHiK+uFBaIJBGCVeRy+7J5Iz1FcrrEkjSOJy8jHlhtwWx7enNUNQ1KeV5EU7os/L/s/So5Jpr0p8zbuM7Rzx36U4x5SZSbepckWI26vEuxmGMAdc10Xh3SxptoZGGXk+bPSs/QdDa9kjYOoVSTiT+f611d1AZJUhXA45x/hWNSenKbUYXdzL16Ey+Gb0bclQG/WvMx7Y969r/skTWM0LDiRCM/WvItY0efSLpkkUlcnDetbYaas4meKi7qRWVjnHOKtW4J/+Kqir7vvGr1mu5lPQV3nnHW+HiN4GQBkc5r1fw2xwpxwQMH1ryrQAGZCBkmvUfD8m1UB6VaM5bne2LBVHQ555FdDp52kE49z6VzumtuCnPFb1vIFzzkjrnrVknZ6PcfKDkbema6m1ut6rx0rgtNuMEc101nfBVXJyaQ1Y6SMqVx6UVQt7kMoBc/hRSLO7Rvep1J4zxVSNxnNWY5MdqRZZU/jUqsSevFV1cH61KG+UjFAiwMMBT1+U/LVZJM8VYjI4GaAJw1MmY7RQGI7VLbafdatMIbSFpZT2UUCOb1gbo3z6V5XrGhvqGqI6ghI23M307V9KyfDltLtRdaookkPCw9s+9eeeMbNIdyxxrGWPIUVw4jEqmnFbnbh8O6jUnseQahY7mbIB+orz3xNoIZjhOufavXdQtCpztwx9a5fVtP8AMyflJPHSvCjufUxs1ZnhuteFUvflXC+vH6/nXOah4GhkhZEVQScHjvXrl9p7LM64OOc+vXtWJeWZjyyjB7nrXTzM4pUYpnis3gUwyNEw2/NuGRmkt/C5jYrggDHGDXqGqR+dkqg3/wCzWOtmzMPl45JAq1UZi6K6GXp2lRWMIKRsrkZO2prWxD3gIB+uO/tWq8BK4znPbHFXNNsQuzgH8CaylI2hDl0G/wBl4jwOAe9ZF14Vh1LzUlhVt3Qkc130NmDH82OnektdPzOw259ax5mtUaSppvU8c1D4Km4l3WsrQqT0IzVpf2cfEkli17pZj1KNPvxoNrj8K+gtN0NZI1zHx16V7L8G/De1LttuUZgMds4rvw+JnKagzy8VhoRi5x0PgG20O+0O6EGoWU1pL02TIV/nXd6CWKpuOPSvu7x98FdC8dacsN/ZqXVvkkQYZT7EV4hr37Jeo6O7TaLeG4jHSKYc/TP+NezGR4kkzzrTTjb/ABfhW9b9Q2cjmqVx4V1jw1MYdRsJbfafvsp2n6HpVm0b5cg4xWpBsWchVgc8ZrobOX92uSSa5WKUqw+uK2bO62hecDr9KAR01vNtjG5ufaiqNvdLjk4HvRQUepwyDI56+9Wlk5HPFZETZ5zV6OTGPSoNDRVi39KkWQ7qppJwealjk9aALqyEkY6damhjluJFjjRpJGOAqjJNaHhnwfqPiSdVt4mWJjgysOPw9a988F/DWw8K26yyIJ7xhy7jOKTaQJXPNPCvwn1HVnSS+BtYj/B/Ef8ACvZPDPg/TvD6GKCFQ6ry2OTW3DGFUsBjsKjMhhuEbsRtNZ3uXY4/4gaSbjS5CoyUHmD39a+Z/F67pjn1r7E1C3S/smxyV/ka+Yfij4Zk0nWJF2/uJPmjb+leZiqevOeng6iXuM8c1NQcjHGK568hDDZ0PYmuw1G1Zc9vrXMzRgu3TIyB6V5h7EZHH6tZ7ZCcZFc1qNqjqB39q7bV4wFYBcnrXI6mrAEqcEe9UmOTOR1CzZuo+VR0J5rOeFI8bVye2fxrc1JSpyDknGTn25rNjiCknbkd8EVXQmXkU/JGQcDOen+NaljbBmAwvpzzUKwjdxxz/nP51uaXZl2QqGyT1PWokKJesdP3Yx/F1rRs9LH2rG3FbGk6SzoNq+/IrpLfQP3ittOeOBWRblYqaXpO1VyMdjxX0F8NvDn9n6FFI64eT94cjnnp+lcN4F8Eya1qkSbcW8ZDytjt6fjXu81qlnarEowSMD2Feng6Vm5s8jGVb+4ZYg3gDHfNXUsAQMrmn20PetWGIFRXqHlnP6h4QsdWhaK5to5Vbg7lFeTeNP2arS88y40Z/skp58sjKflX0FHCM1YW3VuMVSk0S4pnwT4m+HeveE5GF5YyNEp/10Q3L/iKxrS4wf8AH+dfoHqPh+21CFo5oVdSMYYV5P4w/Z40fVt8tpH9knPIaPgZ9xWqn3MnB9D5stpgy88/Q0V0vib4UeIPDN15YtXu4icLLCuc/UUVV0TqdZC3NXI2BrGhnzXo/gn4Y6l4m8u4uA1nZHnc4+ZvoKRojD06xuNSmWC2iaaRuirXrPg34RY2Tap+9fqIR0H19a7zwv4LsNAtUjtoFU93YfMfcmuutreOHkdazcuxooiaDotvpcSiNFXaOABjFau7fMfQcVAjAcgYqSNh61mUWs8YxxUEqh14pyuBSn24poRmR3hsJ23/ADRH7w9B61iePPCFt4o01o+NxG6KQdjW7dw7iT1NZTXUmkA7laWwY5IHLRe49qHFSVmNNxd0fK/jDwnd6DeNBcRlXB4bHDD1Fedaxp7x5cDvnNfbmv6Fp/iix2Tok8TDKSKeR7g1414s+C9zDvex/wBKi7LwGH+NeVVw0o6x1R61HFRlpLRnzPexl4WJXaB1Oa4zVoxHIckjnI54z617Prng24s7h4poJIW5yrKRXEat4NklZigJPQ1xarc9LSSPJ9R27dq7ifZcCqlvbTXZ+QZBI+7jj2/Su+m+H8rT7SuFHtW3ovgEQlWZAR34o5irLc4Kx8OyMELIR2Fd74b8I/dMgPTiuns/CQe4QiLAUZz613eg+GTIyRxQtI/YKuTS5XJmUpcph6X4YEcY+TBrrvD3gefVrkQwxbhxucj5VHvXfeHfhu82yS+Pkx/881PzH6+ld7t0/wAN2SoFWFOixqMs59AOpNd1LDN6y2PMq4lLbVmRo3hyz8MabsUBVUZdz1JqKZXuGMrgru+6voP8avyLLfSLLcr5SDmO3649296jnK84r1ElFWR5jblqytDDtbH9a0IhgetVoh82c1cj5xQBNHge9WYwCfSq6nb359qnVvWgCamvCG7ZFKrGn7t3NBRl3WnRTN86Bvwoq9IvvRQFjyr4ZfB5bYRahrMe+cgMlqeQvufU17bZWqwKoCgY4AA4FR20YUDFW1bb1NU3clRsXIQB9asI3pVFZNuKmWY9qksuq5Ye9PVzj0qms3uDmn+cKBFzzuODilW4U47VRab5ev6VXknxnBoEaszBuRzWfP8ANkGqpvmXPNRSXxI5/wAKdxGZdafJbytLYy/Z2J+aMjMb/Udj7iq39vtbnbfW7Qesq/PH+Y5H4itCa4LL159KptKOcnincCC8t9N1qH5kgu098MK4/VPhnoV0SRaeQSc/uiR+nSuivtNtLlmYwqsh6yR/K35jmsa40+ePiHULuAD/AGw//oQNRKMZboqMpR2Zylx8HdJkfKzzrz6qf6UQ/CHTYzk3Nw4z/s/4Vvta6rg41eU/70Kf4VCbLUm+9rtyPaOKMf8AstZ+xp/ymvt6n8wmn/DvSLIDMLS47yt/+qteO+0jR8RI8Mbf88oF3OfwHNYTaHHK+bm5vLw+k0zBf++QQP0q/ZwQWK7IYI4V9I1AH6VooqOyMnOUt2af9sX92NtpbrZxH/lvdct+CA/zI+lOt7WK1kMzu1zdN1nlOT9B6D6VXjnZu+PwqzGdx5NUSPklLdKh2nqRzVhh68Cm7ePagBkeVq1F696hXjnrUikg/wBaQFlW4qRT39qqq+4EjgCj7RzgnFAGhH09KXdjvmqKXA55GKFug5bHQd6BlhpPQ0VTFxthDscZOBRQO50Ecy1P9oHHIrCW8wevNSR3hJyBQBtrcds5qRZ8cnn61jfbhgHimnVFzjG00AbwuO4pftJPYisGPUS3TFWVui3fPfigDW+0HpzUZcsxzVQSll65pQ/XkUCHyNjjpVaRuORUrFWqu3TpigCtJJt6ZxVaSQ/UVNNgnpg1AWG6gQwuf8iq84LZq0ahfHP65FAGdIvsKjaM/wB0flV1lwc9qgkPzdfoKoCqUYjGcVGYfU1a3Ag8cVGV5GBxQAQxnPLflV+JRjrxVaIGrMbN7fWkBIR2zxSbQOetLz3waa7ds0AJu4o37VzTTTHbsORSAeZAsfWqpuMIzHGTTpn+XmqUjBmAoAnkuhDD15NSWdwMNz0FZGoSBtoBI59afZSbY+TzQAnirWDpmn2pHVmx+hork/ihqDRwWEanGSzUVLGekag3lS5Bypp0dwojHHNc94b15fE3hm1uw25imHx/eHB/WpJL4pat2IOOKsDUk1YLIQCPSrEc/nYIIX8K5qxX7R8xGc1uWMbbtvYUgNWH3YflWhAwGMZz+NUoV+bBGPSr8K7etMCwrfj+AFSB+M5x+NRKyfX8KcW47mkIGk9GqFz6nNK8gXGSPoKikYt0IXH40DIZuOc5qBvvcjHpUjZ9c/WoDk0AO/LH+0aYwyucD8KcueQOaQ56nmmIgYc5zg/SomxzwD9BUzMc8jj8qrsxyew9DTAYzAD0ph2sOtPZqioAdG2w8CrCv8o/pVVSM4xUqOOM8UgJ9/pTWbkU3dluaaz9+KQDmc4xxULueeTQz+9QySD3oASRiQSxzxxVN2O7Oallmzu64qnJcbec+5zQBTvg+5TkYzRDcHac8GoNUvdkaH/ax9aq/ahhjnB780Acj8UrpjdWCjB+RvbuKKx/iddn+0NP2kf6t+3utFIDpPAeqHQfGGraA7f6Jcg3dpzwM8Oo+hx+ddfJMWV0B/ixXiXxA1g6DqFlrtsjpNp8vmSxjnMZ4cDv05+oFeo6PrEesWqXUMgeOUBwV54POeKYzpLOUrhF6/TFdJYuFQE8/jXH2s438Hn61u2N3uGc5P8AtHNMR0kcijB/MVaSfPf+lY0NzuAPWrCzHr1NAGr5231xTwwOMn9azoZvmyTxVgzdQp4+lICwzKOwxUDvg9ePpUUkvbbUXmdeuPegZLI4PWoWbrhqbLMkcZdyFVeSxOKr/aGZdyrsHbf/AIUm7DsTtMFXJOFHJJrmNW+JnhzSNyy6ks0gBPl2qmY8dvlyAfrV6+0W11M/6cWu0B4jkPyD/gI4qS30jT7IDybOCHHGVjAIqfefkGh5/ffHq3aItpnhrXNSYc4FsUB9cHmsDUP2gtes1kdvhxrAjA+Vi+ST6YCHH8q9n3KO238Khkf7wznPrRyvrJ/gK/kfP837V17aSH7Z8P8AV7dAcFg+f0KCt7R/2pfB2pRBrs3mlyg7XjuYD8p453dK9Ymhhk4aKNue6g1k6h4Z0fU4zHd6XaTKeoeFTn9KXLLpId12HeH/ABvoPiyNm0jVrTUMfeWGUFl+o6it5JPQ4FeTTfAXwxa6oNU0WKTw/qaHK3Fg5TB+nQj2PB7g1q3fjDU/A6JN4iKT6TuWKS/hjIMOeBI4H8JOAcDgnPQ/LlUrOirzWndf5AlzbHo+/k9hTWkx3zVC11CG+tYp7eVJ4ZFDpJG2VZSOCCOooeb1ODXQmmroksNKAc5qCScEVVmnHTd71TmuvQ0wLc1wAp71nXlx8pK4/OoJrzjGRyetZt1eDb2zQBU8RX5jtY9rLnzF6cVX02+M3mFm7ZqlrlwlxaqAcMpDfrWZpd/tmZS3OaBGX8RpfMurM4ztVhxz6UVg/FPVmtZrVlBbkg8CilzWGa/jqMS2zqCZ4imSknDKMdmpvwB1Z5dJu9Kdi50+YwoTn7h5X8gcfhRRTK6HpE140V8Y87ehPpzXQaRdEw4zkLmiimQbtrdDoeQKuR3IfgD86KKGMtxzEcZx+FPe6C9Wzg9KKKQyv9tDHAzTpr5LW3knlOI41LMcZwB1oopPRXA5jQfF6+INYKCLbCFLR7uoxjn9a6Vpvm9CaKK1qQUHZGFCpKpG8iNpOp6Comm9DRRWR0DPMA5zmuX8cfETSvAumTXmpyMiRRmVgiMcKCATwD3IHrzRRWdWTjG6Kgk3qcF/w0Zp03w7vPGcem3H9mQyeVGkhAkkIIBOATgcjHfg8DjPkWtftvXglV9N0CGa0bOGknZHXB5VhtIz06Ejkc9QCiuaMpSck3tYr7KdiGz/AG8mWZY7rwsoHVniuySPTgqP512mn/tieA/EVvLZavZ6hp8EyFJDcQCSMgjBHyFm7+lFFNt23BWb2KHwb8UXHhjxrcaRbXcl34evD9otRJnEkLH5JUU8o4JCuCAG+9jPJ+i2uA+CvzZ6dqKKxwt6c3ST0sn6XV/uJfve95sry3GOegqhNdenHrRRXpEGddXXX1NY95eEcn8KKKaEcxrN+Y4GYDGOtYGh64jah5JPzZz0NFFIk5T4v69Hp8lrJKCybio79Rmiiipb1Bux/9k=',1,NULL,'198822501478','Nugegoda','0778445570','0114784755',NULL,3,1,'StoreKeeper');
/*!40000 ALTER TABLE `employee` ENABLE KEYS */;
UNLOCK TABLES;

--
-- Table structure for table `employeestatus`
--

DROP TABLE IF EXISTS `employeestatus`;
/*!40101 SET @saved_cs_client     = @@character_set_client */;
/*!50503 SET character_set_client = utf8mb4 */;
CREATE TABLE `employeestatus` (
  `id` int NOT NULL AUTO_INCREMENT,
  `name` varchar(45) DEFAULT NULL,
  PRIMARY KEY (`id`)
) ENGINE=InnoDB AUTO_INCREMENT=7 DEFAULT CHARSET=utf8mb3;
/*!40101 SET character_set_client = @saved_cs_client */;

--
-- Dumping data for table `employeestatus`
--

LOCK TABLES `employeestatus` WRITE;
/*!40000 ALTER TABLE `employeestatus` DISABLE KEYS */;
INSERT INTO `employeestatus` VALUES (1,'Active'),(2,'Suspended permanently'),(3,'Suspended Temporaly'),(4,'Retired'),(5,'Resignated'),(6,'On leave');
/*!40000 ALTER TABLE `employeestatus` ENABLE KEYS */;
UNLOCK TABLES;

--
-- Table structure for table `gender`
--

DROP TABLE IF EXISTS `gender`;
/*!40101 SET @saved_cs_client     = @@character_set_client */;
/*!50503 SET character_set_client = utf8mb4 */;
CREATE TABLE `gender` (
  `id` int NOT NULL AUTO_INCREMENT,
  `name` varchar(45) DEFAULT NULL,
  PRIMARY KEY (`id`)
) ENGINE=InnoDB AUTO_INCREMENT=4 DEFAULT CHARSET=utf8mb3;
/*!40101 SET character_set_client = @saved_cs_client */;

--
-- Dumping data for table `gender`
--

LOCK TABLES `gender` WRITE;
/*!40000 ALTER TABLE `gender` DISABLE KEYS */;
INSERT INTO `gender` VALUES (1,'Male'),(2,'Female'),(3,'Other');
/*!40000 ALTER TABLE `gender` ENABLE KEYS */;
UNLOCK TABLES;

--
-- Table structure for table `grn`
--

DROP TABLE IF EXISTS `grn`;
/*!40101 SET @saved_cs_client     = @@character_set_client */;
/*!50503 SET character_set_client = utf8mb4 */;
CREATE TABLE `grn` (
  `id` int NOT NULL AUTO_INCREMENT,
  `grnstatus_id` int NOT NULL,
  `purorder_id` int NOT NULL,
  `grandtotal` decimal(10,2) DEFAULT NULL,
  `date` date DEFAULT NULL,
  `time` time DEFAULT NULL,
  `employee_id` int NOT NULL,
  `description` text,
  PRIMARY KEY (`id`),
  KEY `fk_grn_grnstatus1_idx` (`grnstatus_id`),
  KEY `fk_grn_purorder1_idx` (`purorder_id`),
  KEY `fk_grn_employee1_idx` (`employee_id`)
) ENGINE=InnoDB AUTO_INCREMENT=30 DEFAULT CHARSET=utf8mb3;
/*!40101 SET character_set_client = @saved_cs_client */;

--
-- Dumping data for table `grn`
--

LOCK TABLES `grn` WRITE;
/*!40000 ALTER TABLE `grn` DISABLE KEYS */;
INSERT INTO `grn` VALUES (2,2,2,26000.00,'2014-12-22','09:10:20',1,'Sample'),(16,2,3,63000.00,'2021-12-12','10:00:00',5,'Sample2'),(27,1,3,250000.00,'2022-12-04','10:46:00',1,NULL),(28,2,3,63000.00,'2022-12-04','11:29:00',7,NULL),(29,1,9,-100.00,'2022-12-31','13:12:00',1,'abc');
/*!40000 ALTER TABLE `grn` ENABLE KEYS */;
UNLOCK TABLES;

--
-- Table structure for table `grnmaterial`
--

DROP TABLE IF EXISTS `grnmaterial`;
/*!40101 SET @saved_cs_client     = @@character_set_client */;
/*!50503 SET character_set_client = utf8mb4 */;
CREATE TABLE `grnmaterial` (
  `id` int NOT NULL AUTO_INCREMENT,
  `grn_id` int NOT NULL,
  `material_id` int NOT NULL,
  `unitcost` decimal(7,2) DEFAULT NULL,
  `qty` decimal(7,3) DEFAULT NULL,
  `linecost` decimal(10,2) DEFAULT NULL,
  PRIMARY KEY (`id`),
  KEY `fk_grn_has_material_material1_idx` (`material_id`),
  KEY `fk_grn_has_material_grn1_idx` (`grn_id`)
) ENGINE=InnoDB AUTO_INCREMENT=28 DEFAULT CHARSET=utf8mb3;
/*!40101 SET character_set_client = @saved_cs_client */;

--
-- Dumping data for table `grnmaterial`
--

LOCK TABLES `grnmaterial` WRITE;
/*!40000 ALTER TABLE `grnmaterial` DISABLE KEYS */;
INSERT INTO `grnmaterial` VALUES (4,13,1,50.00,30.000,1500.00),(5,14,1,50.00,30.000,1500.00),(9,17,3,123.00,11.000,1353.00),(11,23,2,100.00,5.000,500.00),(16,16,1,200.00,300.000,60000.00),(17,16,4,300.00,10.000,3000.00),(21,2,1,120.00,200.000,24000.00),(22,2,6,200.00,10.000,2000.00),(23,27,1,120.00,1000.000,120000.00),(24,27,2,130.00,1000.000,130000.00),(25,28,1,120.00,200.000,24000.00),(26,28,2,130.00,300.000,39000.00),(27,29,4,-10.00,10.000,-100.00);
/*!40000 ALTER TABLE `grnmaterial` ENABLE KEYS */;
UNLOCK TABLES;

--
-- Table structure for table `grnstatus`
--

DROP TABLE IF EXISTS `grnstatus`;
/*!40101 SET @saved_cs_client     = @@character_set_client */;
/*!50503 SET character_set_client = utf8mb4 */;
CREATE TABLE `grnstatus` (
  `id` int NOT NULL AUTO_INCREMENT,
  `name` varchar(45) DEFAULT NULL,
  PRIMARY KEY (`id`)
) ENGINE=InnoDB AUTO_INCREMENT=4 DEFAULT CHARSET=utf8mb3;
/*!40101 SET character_set_client = @saved_cs_client */;

--
-- Dumping data for table `grnstatus`
--

LOCK TABLES `grnstatus` WRITE;
/*!40000 ALTER TABLE `grnstatus` DISABLE KEYS */;
INSERT INTO `grnstatus` VALUES (1,'Paied'),(2,'Pending'),(3,'Rejected');
/*!40000 ALTER TABLE `grnstatus` ENABLE KEYS */;
UNLOCK TABLES;

--
-- Table structure for table `invoice`
--

DROP TABLE IF EXISTS `invoice`;
/*!40101 SET @saved_cs_client     = @@character_set_client */;
/*!50503 SET character_set_client = utf8mb4 */;
CREATE TABLE `invoice` (
  `id` int NOT NULL AUTO_INCREMENT,
  `name` varchar(45) DEFAULT NULL,
  `date` date DEFAULT NULL,
  `time` time DEFAULT NULL,
  `grandtotal` decimal(7,2) DEFAULT NULL,
  `invoicestatus_id` int NOT NULL,
  `shop_id` int NOT NULL,
  PRIMARY KEY (`id`),
  KEY `fk_invoice_invoicestatus1_idx` (`invoicestatus_id`),
  KEY `fk_invoice_shop1_idx` (`shop_id`)
) ENGINE=InnoDB AUTO_INCREMENT=19 DEFAULT CHARSET=utf8mb3;
/*!40101 SET character_set_client = @saved_cs_client */;

--
-- Dumping data for table `invoice`
--

LOCK TABLES `invoice` WRITE;
/*!40000 ALTER TABLE `invoice` DISABLE KEYS */;
INSERT INTO `invoice` VALUES (1,'I001','2021-04-21','10:50:20',1110.00,1,1),(2,'I002','2021-05-11','09:20:10',2000.00,2,2),(3,'I003','2021-12-25','12:10:05',4000.00,3,3),(4,'I004','2021-12-20','10:22:00',6130.00,1,1),(5,'I005','2022-12-23','10:21:00',11300.00,3,1),(6,'I006','2022-01-22','10:23:00',11300.00,1,1),(7,'I007','2022-03-13','10:23:00',11300.00,1,2),(14,'I008','2022-10-12','10:20:00',12500.00,1,3),(15,'I009','2023-01-22','10:23:00',12300.00,1,1),(16,'I010','2023-03-13','10:23:00',21300.00,1,2),(17,'I011','2023-10-12','10:20:00',15500.00,1,3),(18,'I030','2022-12-31','13:23:00',-11300.00,1,2);
/*!40000 ALTER TABLE `invoice` ENABLE KEYS */;
UNLOCK TABLES;

--
-- Table structure for table `invoiceproduct`
--

DROP TABLE IF EXISTS `invoiceproduct`;
/*!40101 SET @saved_cs_client     = @@character_set_client */;
/*!50503 SET character_set_client = utf8mb4 */;
CREATE TABLE `invoiceproduct` (
  `id` int NOT NULL AUTO_INCREMENT,
  `invoice_id` int NOT NULL,
  `product_id` int NOT NULL,
  `qty` decimal(7,3) DEFAULT NULL,
  `linetotal` decimal(7,2) DEFAULT NULL,
  PRIMARY KEY (`id`),
  KEY `fk_invoice_has_product_product1_idx` (`product_id`),
  KEY `fk_invoice_has_product_invoice1_idx` (`invoice_id`)
) ENGINE=InnoDB AUTO_INCREMENT=25 DEFAULT CHARSET=utf8mb3;
/*!40101 SET character_set_client = @saved_cs_client */;

--
-- Dumping data for table `invoiceproduct`
--

LOCK TABLES `invoiceproduct` WRITE;
/*!40000 ALTER TABLE `invoiceproduct` DISABLE KEYS */;
INSERT INTO `invoiceproduct` VALUES (1,1,1,10.000,100.00),(2,2,2,20.000,200.00),(3,3,3,3.000,10.00),(4,4,1,10.000,1130.00),(11,4,1,10.000,1130.00),(12,4,2,20.000,5000.00),(13,5,1,100.000,11300.00),(14,6,1,100.000,11300.00),(15,7,1,100.000,11300.00),(22,14,2,50.000,12500.00),(24,18,1,-100.000,-11300.00);
/*!40000 ALTER TABLE `invoiceproduct` ENABLE KEYS */;
UNLOCK TABLES;

--
-- Table structure for table `invoicestatus`
--

DROP TABLE IF EXISTS `invoicestatus`;
/*!40101 SET @saved_cs_client     = @@character_set_client */;
/*!50503 SET character_set_client = utf8mb4 */;
CREATE TABLE `invoicestatus` (
  `id` int NOT NULL AUTO_INCREMENT,
  `name` varchar(45) DEFAULT NULL,
  PRIMARY KEY (`id`)
) ENGINE=InnoDB AUTO_INCREMENT=6 DEFAULT CHARSET=utf8mb3;
/*!40101 SET character_set_client = @saved_cs_client */;

--
-- Dumping data for table `invoicestatus`
--

LOCK TABLES `invoicestatus` WRITE;
/*!40000 ALTER TABLE `invoicestatus` DISABLE KEYS */;
INSERT INTO `invoicestatus` VALUES (1,'Paid'),(2,'Pending'),(3,'Cancel'),(4,'Complete'),(5,'Rejected');
/*!40000 ALTER TABLE `invoicestatus` ENABLE KEYS */;
UNLOCK TABLES;

--
-- Table structure for table `material`
--

DROP TABLE IF EXISTS `material`;
/*!40101 SET @saved_cs_client     = @@character_set_client */;
/*!50503 SET character_set_client = utf8mb4 */;
CREATE TABLE `material` (
  `id` int NOT NULL AUTO_INCREMENT,
  `code` char(5) DEFAULT NULL,
  `name` varchar(45) DEFAULT NULL,
  `qty` decimal(10,2) DEFAULT NULL,
  `rop` decimal(10,2) DEFAULT NULL,
  `unitprice` decimal(10,2) DEFAULT NULL,
  `description` text,
  `dointroduced` date DEFAULT NULL,
  `photo` blob,
  `materialcatogary_id` int NOT NULL,
  `materialstatus_id` int NOT NULL,
  PRIMARY KEY (`id`),
  KEY `fk_material_materialcatogary1_idx` (`materialcatogary_id`),
  KEY `fk_material_materialstatus1_idx` (`materialstatus_id`)
) ENGINE=InnoDB AUTO_INCREMENT=14 DEFAULT CHARSET=utf8mb3;
/*!40101 SET character_set_client = @saved_cs_client */;

--
-- Dumping data for table `material`
--

LOCK TABLES `material` WRITE;
/*!40000 ALTER TABLE `material` DISABLE KEYS */;
INSERT INTO `material` VALUES (1,'MATLD','LDPE',3200.00,200.00,120.00,'Low Densi Polythne','2023-01-04',_binary 'data:image/jpeg;base64,/9j/2wBDAAQDAwQDAwQEBAQFBQQFBwsHBwYGBw4KCggLEA4RERAOEA8SFBoWEhMYEw8QFh8XGBsbHR0dERYgIh8cIhocHRz/2wBDAQUFBQcGBw0HBw0cEhASHBwcHBwcHBwcHBwcHBwcHBwcHBwcHBwcHBwcHBwcHBwcHBwcHBwcHBwcHBwcHBwcHBz/wgARCAH0AfQDASIAAhEBAxEB/8QAGwAAAgMBAQEAAAAAAAAAAAAAAAECAwQFBgf/xAAWAQEBAQAAAAAAAAAAAAAAAAAAAQL/2gAMAwEAAhADEAAAAclSqLjOGgzhoKGWlIXFIXlIWlYWlIXvOy9UhaUhcUhe87NMaGWlIXFIXFIXFIWFQXlIWFQXFIWFQXFIXQriXFIXFIWlIXFIXFIeoIBw6b6SIAOEhkQckDcWAA3EJCBtyIIQIYDAAEMEMAAAQyIMQMAEACBiAAAiAIGAIAAAAPSCDi03UgARJAADaYgBiBgwAJOLIqSEAMATTG4gxAACGAMIjBDCJIEMIEwiAJjIKUQUkIYIAaA9ATDi03UgAIAYmDTEwE4skJg0xyJES70h5e/28jxMfVUy+Rj6LhpQThSGCaBgCAAQCJAxDhKIMYmRHFwJwGIAYgAAAPRgHFqtqEwEAAAhgNMQACCUoSJ31e2jf6DrZTj4e3kXkY+xmORl6+Y8nm9Zwq58ZRQTAAAAIsIyAE0NMEAIAIyCAwQwQAAAAejAOLTfUJgIAQAOLBNAAMiE3GRq+8fGftpOjTGXm4u1iOPm62U5WPsZl5VO/PHmuT7fk2ecLq7IACBAIJEWSTiCESAEwHFglJEQBAAMEAejAOPTdSJiAAEwSkhMATREkCmg7H2n4J9mPQzx6ZbKLg5uTs4zkU9LKczL1cpzKuhnjk+Z9xlPELdz9QgA0Ik4MkAAAEQmJjTiNARGyIAACAPRgHIpupCMkAwQ0IYRJBFSZEYRYyXvvAaT7V0vF+nl6lmS4trtDnZOxmOLT0cpz8/RpOXV0c8YPMewgfOV6jzepUp1gAOUAkgGANpgCGhkHKAAAyREkHfIBzaL6REoiAAYJgIAAAjJkXbaZ7dfTMXvPOSl+kaPL+hN9mW4thKSYsXYzrwqOrkOfR0KTn1bazHx+9WvzjP9C8czzScai0xgDEExAmmIAYwg2AAMA7gBzqbqRRkyLJESQQJoiWIjJTIyncsNkbzTvxb41Td5j7nMge40+S9Ib55byyEmmTH18y8ajr4zn0baTFVspM+fdWeG4v1HzB5NWxsrkgACUSQmmAAABGQAMAZ2wDBRozgyZA10lbzSLxWLCcpBJWEokiy+i80bsWqOjoxai6ExcPVyZ091p8d6g3W49BdByMuTqUnGz9XGYadtJkhoqKqtMTzfkfp/PPnC6XPsiAABGQAASQxAA0wGHeGHMrsqOxhqa5q97KLJMgTAEJOdVyqyEidtNpdqx6Ddq5O6Olbi0k67RcmiGZPb6fFerOlbjvLhMoy9Ko4+bqZjnVbs5mhorKxhl8T9CrPksfXeVsrGEWMiANMAAGMQB6AA5ld1aT24bFHZWrjOJGcZkRgSYOaRZOuZbozXF12W01b+RvjpERXXajLcZk9pt8F646t2HQaCEiGLoxONR0c5zq9tBljfAqkBHzfqRfklH0vwlnOVsEiSCLAAAAGJnfAMNdlZEYWTpuEpCqSkIYDdZOddhOcKC+VdhdbnsLrsxHo7eL0y4VhCq+K87RLOnsuh4D1x2bMV5qdViQw9GteVn6eIyVaKzPG6BFjHj2Tt+Zcn6/4Zny5bWVk4CGCABpnfAMEJwEMFOLNDz3kUwcq2IhapYs5O6uZYpWEbKQ2LHbFu7LWd+XG7ZK7CjZXWGeGis9h0fn3rTuXYrjU6rAybInIzdfEYatlRmV0CE4yJCkeV8X9h4h8yr6eGyolEQwTYd0AxV2ViGhADEjQVaEihKXwrVSUiRWxyJGu3jI62R7Tm6t1EGzjWnp7OZabZ1TJRGZsu7Iet63zr153tHN0G4psSWbUl5FHVxGKvTUUK2BGyuReq5mLwX0ypfjkfY+TuaSaIsDtgGGuysQAJgCBygGkix0q5XCywzucAYy6UWVLSjPdosidlcIp6VE62Tpma5ZbS2CZTm25z0nb+deoPR6ubpN0s9hPNpScqnpYjLC6C0xtgRnFls6LSPl/Wh8aq+keCsxKcDtkAxwvoEmCAEADAlOsLE4LYVBqsxQTpS5czZTO5Y6qajWskjVZjnGyFbLtWGR07OZrNTjZEIWMy5Ollru+j+b+hPX38zSdCeW0sz3s5ebsYTDG+BVGxEbLOgUbbAr43ZqPjHL+vfJbOoAZKbqRJgk0CkACBjFJIm42rTYAJyK43yMktCMstUjPbO0jpUhycoCmw17eZCO1HLrpVWKMlG7PXY9P837h7O/n3nQnk0FlVjjFl62WufO+wusr4sd3P8kql+vw4Hc1Lfj31341ZqGJiqtrWKcRDAAAAbQOJILaWTLIKmA2ol08om2eWxdVcJDlGJqszWROLtK786LbUzeYJG2mMzLl6OU6nrfm/XPcaMF50LcGg1VKgUqOScr4r1eVm4p6OlL9Y9Vxevc4fknufDbnSAM1VtYq7IkGAAAMEADTEgLZ0WjaapygWSrgXRpC6Nch2ES3RgsjdbzpnZfFtOxLl2HReO4vCUV1aIVizb85t9p806Z9Bu5uo20QgWeD9x5DN8Nj9aS+R9/1fUWUwu8fqeT584WbyYZ67KiKaEmERobAQAMQIBgJeV2LC6ESKtClXwXMdCBjnqRVZOBXDcjK9LKbZTJ25bou002miVMx12hhz9DOXe4+caz6GZNhZVZuzeD1t1dhXl8udz5dtxamaF0TaRCiq2oUZRBxkOLCIAgBggAGADiy4qsJKM1LIItuxo11xvIuMRx0hnlGQ7K5lk6yL7c0zXbmtL3TYFV4c/L1sxD6B88mfTrvnqPb+d4CsKZwiGfRTWau6BrAMMLIEIyQmmIAipITGJNDTQMQhgMEugSWM41rbUWEC9JXroRcnGXWsNxZMlQ3IkOUS1Ypm559JKRaVOzGWU0xRuEasrUBwIDgRFXOBeAZ6bIEI2QE2hJoiEwREYBFNEgBADAGISbUVulU1jOYVV6EV66tBCKRZbSjS8rNU8t47NOmMm6jIdXNzppaQCcYKpRhAsjWFkCJAENNGsAwwtrIwmiCnEUJoGmQAJpoSYKM4gAMABoLKwthfBa7rWUxtrJ6abCsaE43kb9emMeyjnJ1MeGypuAXSqZcUTJKARREYAJoAiNNF4wywlWERCTgEoyASAAYmESQlNESUQAAATTJ3UNJ3USW4z2LfCnaUaN9Zonw851ubW5HOMrHOuSzIhYVyJuCJEUSEDTiAmEXEYBqAMlVsClTQlIIkgiphBsIqQQmSENCjIIkwgCAETcJEt/OkdG0xL0c+CCTVSLZVzLXCQwYhokgAAYmEosJQYIATQ2mEZRNYwwwcSIgkiIxoYAmmNOIOLBNBJA0IAQRmhEgTGTdcgjNEFYiMwGILJU2EkpDQwEDIsmosGmNIBDBgSTDSAYo2VEAAQwAAAQAm0KUWAgYpERhGM0DTAQDTBxZIgEiMhgEgQThIm4slGURgCGAwEAOMojUkAA00ahBnqspERRMiwaRIIkiLGhDcZCABxAExxbEIESQAA0wACUZAAMALK7CTQMAQmAwAZEYJxY05CZIgpo0DCtAEwEAFYFjAiwISAhYAAFYBYAJgVMAmBFAMAkgGwAAcQLYAAA0BEAYA0AgBgDtAkARQDAP/xAArEAACAQMDAwUAAwEBAQEAAAAAAQIDBBEQEhMgMjMFITAxQBQiUEEjBkL/2gAIAQEAAQUCqVJ8nLM5ZnLM5ZnLM5JnJM5ZnLM5ZnLM5ZnLM5ZnLM5ZnLM5ZnLM5ZnLM5ZnLM5ZnLM5ZnLM5ZnLM5ZnLM5ZnLM5ZnLM5ZnLM5ZnLM5ZnLM5ZnLM5ahy1DlqHLUOWZy1DmqHNUOaoc1Q5qhzVDmqHNUOaoc1Q5qhzVCx/wDSlV8n+76f4avl/wBHJn4/T/DV8n+76f4avk/3bHxVfJ/u+n+Gr5PyYFHJ/GqH8SoStpxWP8T0/wANXyfhzpGOXb+lSko2sKRKJKOlW3UyUHB/4Xp/hq+T8SR6b6YoQlAlAlEcSUBxKtFVFVpOm/8AB9P8NXyfhiejenc8tpKJKJKA4jiSiNE6amq1u6f+D6f4avk/DRjvnaUFb27HElAlEcSUCUBxGhxLi1wY/f6f4avk/D6XHfep6YHElAlEaJRJQHEaGiva7iUXF/t9P8NXyfh9Oqcd1GQnrKJOBKA4jiSiOI0bStbqqqtJ05a50z+f0/w1fJ+GDw7SrvpQkZ1aHElEaJIcRxNo0VKKqKvQdKQ/1en+Gr5PxekXmacJEWLTA4koDiNDQ4jgSiYJQUi5tHBtfq9P8NXyfipVHSnYX8biMJiYpatEok4jiNGBoaMDRdWSGsfpsvFV8nz4MGCMGUYThKxvlVIy9kxauJKJKJKI0NDiNDRgurRVIzpypv8APZeKr5PnwKJGmU6JxHHtdpd7iLE+mUScBxGiURxHEaMFe1jXjcWk6D/NZeKr5PkwexlMjFshAiREjabcFrdPKYn0NEokojiNDGNGNJ01UjdWMqT/AC2Xiq+TTHTgwYPoybHIVJGyMTJFESAjBgwW157xeSMjJnTA0SRKI4jQ0YMGBxyrywJRcX+Oy8dTydftpjIoxR7CPY+2hESmRFpIcS1u9jjLckzOuCUSURxGhoaMaYGi7sVVU6bg/wAVl46nk0UcioTZPbTHUEpSONnGzbgxotEIRERFiemBocS2uXTcZppMT6GiURxGhoaMH/BxK9pCtG5tZ27/AA2XjqeRYzKlSgOpglOdQjRYqaWvuZM6LoQmKeSJFmdWjaW906coTTSYn0OJKI4jWmBrXbkqUVON5Yui/wAFl46nkJJyXD7fKhCMYISHIi/YYxxLe4lRlTmpJMT6JRJRGiURox0ypqavfThrHz2XjqeQUnE7ofAhi6EJmRM3FJ+2rRJFC4dF0aqmkxPocckoYJRGhowY6HHJe+nbydOUG/lsvHU8mkZ7epaoSz0LoRkovoZglEo1+B0qynFMT6Gsko4HElEaMGOm7sY1417eVGWPksvHU8msXjRvr3C1zg3CZkTMlKeJJ5WmdGiUShWdF0aynFMTM6tZTQ0MaMGOm4toXELqxnbywY+Ky8c/J0J+21m34EN4PsWq1o1cNieTBgwSQ0U606Lt66qxUhMT1aySiSQ0YMdU6aqxvfTpUZNfFZeOp5OmMj6Ny1wSfvo3hZyIxqhMa0o19p9G+SI1k9MDiVGUZzoTt7iNWKYmJ64JwHEaGjHU1kvfS1NTpuD+Cy8dTydSe5bT20b9lp9LuEtEzGuRVUf1ksFOrKBB7lKmKpNHKzOTaSRSlKjK3uY1UmJierJRJR0aMdd3YQrxuLadCeDHVZeOp5OrJ96vRexJ7mkfRkciNbBGrTa41MdGSHE/tAjWNyZTm4lOqpjiY0wOI0KcqU7S6VaKYmZ1ZKJKI0PpWtxbRrwvLCdv12XiqeTrTP8AmkUVJiM6qMWcWR08CbiRuZxFdwmYozU7QdKcCFaUJR2VxTnTammfRkbGiUSO6m7W6VaKYpCZnWUBxGjBjrlT3xvvTNo446bLx1PJ8Clg/wCEp4SRjXOi3HIbVI2nEcbRGdSArlnFSqqVB03TruJJe0anQ0SWBScJWl4qomRkJmdGSgNDGYMdTRfemxmSg4vGtl459/wxZnaP3aMm1M2GDBu2mY1EqUjE0ZE9Nm5cDFywMEYwR7CmjkRyI3ZGhwMSg7O85UmRkJmdZQJRGutaYL705VlVpSpSxpbeOfk+JMfs8vTcKqhVKcjZTZwIdA45IjVqRI16dQ46ZwSYreqKFaJvqI3sUmRkmI2vXB7kke8XZ3u8jIUhMWs4EojXUiFJs4kccS89MpXULq0na1Giz8c+740864bMaZFNoVc5Ez7HCJsifRyCmb1pkyKbRGUhSz0MkjGC0vcikRkJmdZRySiNa4I02yNNLVmT1O0/l0JLDtPHPu+R+4mkNswbTBtRsONm5o3szIyIyJIS9hND9j3RCsiMl0NDiNFneikKQmJ6tEkhxNooEY40ckcqORMyL79Rio3tp4593ypZemdcGGjGTYcaOM42RjjRaTimosX9W45MuJCsn0MaJIs77BGQpCkJ6tZJQNpFaXnqVK1hc/8A1ClKj6vC9dpcOov+btpcVOWraeOfd8qPbq34OSJyo3xP6G1DjomZIsa0zgjJTJQIVtopqWjGiSGWd9tcZZEyLEzOktM4PWPWFZxuLirdVMFNuM/Tmz/l9U4rVlt4593zI/8Az04NrNptFmIqh7PRPX7GmJEZmBLBlikzI0SQ0Wd9xuE8mSMjJklIyX92relcVJ3FVQNpYW3LXtKGyOff1u50t+yXdo/li8NoXQkZMoye45M5EcsRVYiqwN1NicBKBtRtRsNjMGDGjQ0SiWd5xOFRSQpGRsR6tmpOpR2wVD+qt90vTPTOOKjhSahG5q81co9su78EZDWBM9jJ7j1yKozcmceTakLBvgbsnJgVdnOc5/IRGrFm7XA0SQ0Wd66DhVUxMyZ9oF2sXNajvl/G3P0/0pRezYSltXqt5/5S0t+2fd+GLJLDTcTuQ9H7mGbZG1i9jcz3Y5acjN4hCSOMUtgpikZ0aGhlreO3lSqqoj/lIr2Ubhx9Jhmna06R9DL6aoUq1R1ZmCh2z7vxZytpuwZUj2HTZGDzsM6YNpjD9mexhGEbUbDaRbE8mELoaJIaLW6dtKlWVSJHIpGRsq3lKiXHq8mVJSqOS1o9s+78WTdk+tfo5BTMRmOlJa7Rxx050QmJmRa4JIcRotbqVvKhWhWghZK15Toqt6pKZNuTGSRgaLftn3fkX9tM6swKbgckZjhIzOJCUZE6eNFouhCWu0wYHEcDjIclNq8uYjua0j3Zkb1etHtn3Y638q12s2sy0bmz3MCk4iqZJQ3CqygKdOoSp40WuNExGBaYMG0wiUkZ0yZMmdHrT+pd3W/n3Rgc45uRjIkjC0wKOBDNpGcom9MWnue57mJCcxTkJ7jAkxuMFKtkyZ0yZM9dP6l3fmybTaYGtXIyyEsSa9zOuZmJC3H9j+wkxZKeWSqRgpXEmZ6M6ZMmeqj2y7vzp6bmZ0xkawbmfZL6a09z3P7GWYIiNm4zTpOVdyeuTOmTPQ+mj2y7v07WbTaJGdIi+tMmREYojTTFSSJVadMlXnPpz81Ptfd+lPKUWzbjRoyJaMy9Iwbcbc44wJXNOJOtKfVkyZM/JT7Zd36lU9uVMWDKYkhmdIUpScLXaSq0qRUvJMcnL8D66XbLuemfjYvljT3SlJRe5yFiC+ynbzqHHSoqV5gnWlP5Mmflpdsu5/rTw47ZrilIVkbqFEndzkZM/rpdsu5/ixq+uEnCSvHtlUnP99Ltl3GTP68mdcfsh9T7vzZ/EvyZIfUu5/lf+RT7Zd3+7T7Zdz/2sa0+2Xc/xZ/xcGDHRD6lTW7iRwxZwROCJwROCJwROCJwROCJwROCJwROCJwROCJwROCJwROCJwROCJwROCJwROCJwRHQicERUInFE4In8eJwROCJwROCJwRONHDE40caONHGjjRsRsRsRsRsRtRsRsRsNhsRtRgwOKHFCR//xAAZEQACAwEAAAAAAAAAAAAAAAABEUBQYID/2gAIAQMBAT8B6BdwcGdAqEzRgTAfCv8A/8QAGREAAgMBAAAAAAAAAAAAAAAAAUAQEYBw/9oACAECAQE/AdmXxC3yXzAXOTf/xAAxEAABAgIIBQQCAwADAAAAAAABAAIRIRAgMTJAQXKREiIwUXEDM1BhE4EjQmJSocH/2gAIAQEABj8CfzG8c1fdur7t1fdur7t1fdur7t1fdur7t1fdur7t1fdur7t1fdur7t1fdur7t1fdur7t1fdur7t1fdur7t1fdur7t1fdur7t1fdur53V47q8d1fdur7t1fdur7t1fdur7t1fdur7t1fdur7t1fdur7t1fdur7t17jt17jt17jt1fdur7t17jt17jt17jt17jt17jt17jt17jt17jt17jt17jt17jt17jt0S5xt7p+o/PHUn6j88dSfqPzx1J+o/PO1J+o/PHUn6jhoCaumjv8KdSfqOEgLVxeoYDspCpKRUD8GdSfqOE/L6g5jZX+/gzqT9Rwf5Xj+NtnRgVEWfAnUn6jggBmmemMumXNs+AOpP1HBekD36sRaoHHHUn6jgvSd/rrfagcadSfqODY7uOtAr6xh1J+o4P8RM29eYUW2Ys6k/UcGHNtCh/btgC5lvbFO1J+o4TiElwOPOMBEWqDhiHak/UcLHNcDr2AgbVOzvh3ak/UevKidWIUH4Dhcotm3DO1J+o9SQUzTKQ6H4374CBXF6eygcI7Un6j0rako9PhfYo4DibJyg7Bu1J/mp2H2puBP1hYGxRwEDI91Ozvgnak7yhGxWxXLAK09efQ4XXVEWYCDhFq4mzZgXak7zREKJwMoqdfhNxRGBLvT2wDtSd5okojBwrzu4LiZeUHCB6ztSd5x3+VEYGIvKBHVdqT/OP+lEWYHhcF/nv1Hak/wA1YYOaiLK/LZ2wXCbEXNm3pu1J/mtBTwXCbFxNMWqNoU6kAuIKIwM0Xenb2UDaOi7Un+a/2p9fmUqIZUSUFZU4gvvBdj3UCP30Hak/z0I9OdHKRTJTphnXi1f6wUCFG1td2pP89GNSArSolRzNCtUWzoiosPC9QfvX4mmBC7O7YKBRf6Ql2rO1J/npRogK8iVzBSqSX8jIhchgVGf6Qb6k2f8AJRaRBTrcTTNQMnYMvZJygbajtSd568qklzSK5XhczatqvAhc0Ar7d1a0+HLNZ7LPamS4hIrhdewfE2Tlwm2n9p3npwNWamr5UlapLuoPECuX1Apes1e6F7gX9Nlc9IqfpbQWX/q7V4iRXC6TsHCx3dFj6D5R89SBqTqTrWq1W1IRVsVOtKRXC+3BmA/kbMKCPlO89WVEpDqTVilRzL6UWFc0jX+1wPt74IeV64bZxFHyj5xMq0QvqiSs6HA/fqEk2I8DXEbL8TgWuNnEYhTHMLaImwJ7+5R8o+cRPpwNtEDX4PUMu/S4WzcbAnO9R5M7KGwkYp0aPUd9UftHzgI9OfRgbejweoZd1Ku4m1O9R9pUaG9hNA0N9EeTR+07zgPpRFnSmDTarwXuK+VI0y6PC88td4TigoATKnaoIuMgE95zoPlHzgYZL66WSsViuKwUWGjPp8LolilVcHJoyUl+R48KAU1+If2pPlO84KFNnQtI8K9uFJTAKlEV5xVteBuKIsNSJtUyVygU8TyPCLjSfKd5wcKZyolCFElOpJR6E+jA3FEWGiIqczgIKHoCH+ioucSfuofKd5wkKswKJGa74aH9VFpBp5nRPYKDBAfaiSSax8p3nF5qRKg6RXKRBTU1LBRY6BUPyf8ASn6jlE29F3nES6EWlTmF2OBl1HecPYpCpbX7hTBBqWKypNtMyuXrHziJCtmrDWkrB+qLVaaZUThH6UBIYA+cRDJSU6JFWioKlqk5XlaVbTOZXLIYJ3nEwwPcrsMIfOKhnRM9PmcAFBjYqZwzvOMmpUW1JBRdALufpcsAFMxxDvOMkoBdqcwFzGJXIILmccWfOMiohoipBReQApcxUBIY4+cbEK6IqZ+APz5+fPz5+fPz5+fNqzWazWazWazWazWazWazWazWazWazWazWazWazWazWazWdGatKtKtKtKtKzoz62az6H/xAAqEAACAQMBCAMBAAMBAAAAAAAAAREQITFBIDBRYXGhsfGBkfDRQFDB4f/aAAgBAQABPyFKzqwk3E9jPcz3M9jPYz3M9zPYz2M9jPYz2M9jPYz2M9jPYz2M9jPYD3M9jPYz2M9jPYz2M9iH/wCgPZD2c9jPYz2M9jPYz2M9jPYz2M9jPYz2Mix989+Pcz349jIMffPez3o9uPbj249uPbj249uPbj249uJNy5qW/BH5nHfQR/pI3ffvCLPyXrBOxP8AopJ2JpMUdG7794R+ZxrNJrG6S3Eb343kEVxt928I/M4/4SyN/wChjcydw8I/M4/6HOytxJO3O06d28I/M41ZBFHfeQRS10htyQv/ABhcBIlkfAcKxvJ2Z2ZJMk7ju3hH5nGskSRWas12VkQVxkRcJUgxqIiP6JBibsRArlFxYGFF6xvn/hd28I/E40exNIpM0e0rk4gIaDgIWhyqMtCAYLdQ2SrcSN0/8fu3hH4nHY+T52MkRsMVMiSNyw+TLbf8JxtKIn1ISEcUFgJEbc7uSKRu+7eEfmcd3JJOyzJmhCFlbfqJIhkUkpntQm0IDkiHMpDInoHDT/Gnc928I/M47lUkgjYWROCGWDI5EyuiDYEkTIyAlEzakGJEMeNqRbK/we7eEfucdt3o7GausyxHIxKcyo7kioSERyTliSMY4N0MZvso7DdE0Tu8UwPcd28I/c47l7GSCCy0pA3GcNCVK4hMkSTScqg1FmlNIxyB3QN1nwP/AATvu+7eEfucf8GBWEctXQ1pJUMK5cTDk8GaxnEsVe1JioWtIZCpvhqLY+dhip87LFsLBBB3bwj8jiRvIpjYZE0CQzhciAki9KSCTQk0IZilLIxmEIYQ8pDXywe8NXo80gkmrFuJiq2O8eEfmcau29uLqWHgVGT4yIEl5lQSDCMkxySObEFDKcoStDkjDclLjHFxOr2cmNl1ZBGxk7x4R+5xpA7buBKRT0oKehFDhCkKAlk1RmvI+JIqSZJkaTEXJcEWwBBRYYIFoYxwnSII2cGazRirja7x4R+RxpOxkxsxTZliwDoiU5CJRBpEqLFxckusDCOU6MnignIqSEFLOQiCUXEgfEJpjARBFVjanaxs948I/I40g6NiG9Kl441Cd5SwkjgjUz9i/jEzsqBi1NJeXxQ+UcBamdBCRoMQQzRG2IeUhRBRuDF9KIBMS219SwIaao9udxmvfPCF/JrTBmqpPEWeLdSUJt5USdIgml7nFkKRoRKKMBoRdcaSJEmxBfUYhnIxUBqggqOZboOIdiEDEmg7QAzqaY1Gy973zwi+xq80gZgLU4XEaBLfMQ4KoN2hLQQsWWiJMeglTRYaC0qaLifQkproSOxzBDRNGTmew4jEFgYagQnQckrRDTnpSj3GNx3zwjuXkmkRK4vm1pxM205GSZ8jGTQEYIb1ZZqT1RBlmIRIhUMWGaQk+IxJAsBEScqj4/xCZcRMkE6zHIpQyNQOgiKQyGxR2kDlL0bojYwZ3ffPCO9eRCMzkxQmC6JLoYrasSJYMIyIVDCToKRNkfUvrvEKLklFwuSQkS34CUyVQmJMmhIcgh0JBqHIaIMGS+EhKSb4v+RrNNOSCB7jGx3zwjvXkVIf9xEQZIo76VwXMuaLCzosUQClSwTXQ5jFIkhJNBykyntNEBKKqhMGIayAYfIQYEKQuVLi5jG4gTe988I7l5EqMe2NRpNSsEXpMYQpZlOg8mSyRrXQ7bBClcPsTGon2LhiSSHu+QRnymTE4mTRaQOZqlIQjoNGKQOEAbGuW9d88I7h5o80vlpRCcIQjFqobIuorkNZJjE05FMgguoV2QrmKJJkNTLPvrQhPuoyaiE0WV9oziZoMPkpgzRoQnRwMlm+UOhFI2++eEd487CGNByiSpbiTR2RkVCFLvJahXo0UmGcmDNXgtEQcDNxIQElu1hMaaEIkoZpw1daNhwpBikj4lSEgvokTwYoxD2e+eEd081kRMDXDPoSDboOGZEEuCoqFKhIwSNAhkAmSkJpx4pICRhgBMjkJGIJAW1QjM6qnJSzRoxbViIgLI4EbCsIRqDLA2b0fAyJjIqPYVe+eEd087bIpUCCyRZhInpSXUsxslsQUiIPQwTA3UGOErgPIeJghTTUcC9IwCSSJuOaXEokt6otd8ypSakwqLKJdCCbDUUGGtnKGBwtFEMTUaaGOJJEViSDvnhHdPNMbDdyzGR4fbYKwmTOgEA2Lhi1LGM0Ek8rhItxPQbcUgl5hYJrA2uCJEq0Lci4gTdCXcchKvZlUcdxU5EknICAQaIirXVMjYsSy9WkbPePCO6ea4pNYDPC1JgSkleMEjFYRBGdSyMgxoDtIzlmiMvJBpZ8kQERGPAnIZ3TMWPjJaIL7kXn8DUS4mSEhKQohAm0nI5tZVESTaVFhiKYExGRTEJp6MZJOL+RjQ0NEV754R3TzuMDOnUiU0Cud6ycspgu0RxIcQUrIZDs+BlI9TQEFJjijmCHJcgZ3IlM7wodmIch0Q2NUJfkzFIJKJOYSCfrpBsgSaUQkUOVSEJmSSbCjoWLMYUtJlFmhinfPCLuu87GNhiyaGhBr/A0jLEJVEmgDaSwlwJwQ0RxBCJ3KSCpesCR6dhBjQgqGNcQ6LBcgYmei1UowHYE6OgGJafQ5JS6BATcKSIbDhiVMhSShgFKmSYYiAaHYzXA1IPI+LXRGhLSDGCMh3rzsZMFyKqwh87DFeJCcSWDUQLGzTP/AGBxT+6R5Ig7tCwniIkbhdTgOIYHJN+BZrbqX/HJeTghcVdDG8/iBe7Mdcuh3HAaYbcyh8Qi43uIZESDTBJkkuMWlBqkVWSAEqJGxRCG6zSgKI6PiQH5OSO5edxkxXMOjHaaLARFZFtEWGPb+x+gXBjS1DGqkSNUWKTRjmBN0jWthQ1oaKyI/wBhOAjgy9Emi2ubgMXF8LqTRcgeaKnTIlMEJAQQXDnFIVosWfESBxE38vqcUPZqR+zkjuHkke7lgucyGrQ6BeQhESbiNdGyLDMKWSLB1CTi7pSINaBKu4yhXEbIR0y+ovERywGNV9mTA7k1LA5hMMkaalolkU7khJGwTaDGUIRcRPJ9gUIQm40ENwy4eOgESQkS+T9vJHdvJ8DHusDkQhpIwSdbjJHoiR5TIdSA6IlrkJlmMmbr5VATlZ/A+KKeYSWEoZKxmjEmjAWD+gQ0mnQUSVSEKSw5BgSrWttwc2NT/JmgZZB9eJCtA/omwhyQ39nMCfc/ZyR3LyRR7jNZJ2ZdDWSKfJjVl+ImMF4uJgnBNtWS4b+xC4/YraUEJJTEJ2Lp3J4MtAgxTC7jIJMVBkSoJA5XLP7oJCNkgpGS1DIJkkloh5f8NJ1JWQwwmgRpnOUmERea9iozDuXmi13thCaITsRJeL4hKJHgbVEPBobwNCsSQIyyEgkMZN3w0ehoBIeXRXHKOQTLAxTj0f0IWWQoUFMtJpLhmWFkM5nsLREk8TdNzK6mEoVnJeIp9zY8OO8eapu2SXRqdSONTLiNgtINS/BfgQ/4BJ4/RLq/oRDqVj4YtI+mIvJ0TGIlJBPzBdkhcgtIPQsGiSjJNhqnuF8BSaaa0YnSxJGXNF2W1KERmkDFZ0GId0CBaXOWxa00HLq4bHuWRkt/TB3rzWKYqr7GTA71iuzyjQBA1CUpLsHMMZMFghqLRyIyY4OQZZrkiDQ6onCOxP8AkEFkSvQJbZFwn9kKQJT1Pkch0mSxyxF544CqWtUuDFwjBXhiUaV0skhJPJIgLurBIsCgRJgJ4nLoXS6fk5I7h5GMZimKrUYxWpNM0j5CQTtwYysy72kT5GJvRMCcSIMEhxl3EfkhxHfyC4AZj4wmL/YFqsuyho1IMfORDcIW0hJQ5ZJTUTJW/YTWJ4GNyMXOCAAUl94QfagWmB5GZU9J3YzPOB3o/ZyR3DzV0yRFdHtwZFYyvwJ1kk1pLDNxITLH7u3UcGLNAmcoZLiD0JKYnTSXaI5COUqEBsohiOoyxExQ4RYImSDlUZ0xEY34iM6cDERNIJtC5DdCY+YXJdHlpf1oMryy2oNEQJ+HA7h5rgyJwZ2sE7MwIJoyIEpaEN6r6FMYZd3SELKZBwdBgkgnGU0xYLhmwyTUCuWaCEIFzFwoWo4ZAlTsWiQRLnrXAQvkhaMmo2AEl0cHN4ZlkCXEDoP3ckdw81xXBmR53eRODIpuhISImRQSWjE1sD/vI0pxYE8jqNCLDkZGBijAp8iniJsuJiWRORIWFxaGwSFlrtfQosfQWZHX/hLJG+KRwJBsbLxmSx+p3DyXDtIxW1oxF29ZpynclNTHUd9US5Ih0Y8JL7HqGJBtwMczXQI1LgQcGCK7QNxwO2h0lhKdGWiszALJFYGXFISksLhyGrIhgSbbbJGGHQyWGSIMvU4DV5oxszRi3LOyhGsUuwJGpMWtIikmS4ovOIL8jyJHoYFvgMsfgYklpwxYWZLcZfrXwQaiWEi1shGmfQtwxrmLUU8EPsSENnkuJoYchjMEyMnJl6nevNYrwHgd6QTsq47bOCDyiDyx0E3AUHgRGCCyyyDRhvKEmRCFkcgm3kxlAmS5FxEuoiORd/YafV/YpmRFyX2Mu8F2G4AgshcSSTROwG5JJGMy9S3qvO1wHgWSLEwO5GwrGdlkE1wursxaRCUzEBLL7hEIdBJaUQb1nDIBTpAuIuChMC+SUS/9hG2LSWixpTgJjpAk5EyaGJoYlkk0QKkMy9S7qPJA0QYo6LZZmmNiSKTRX0fY0xYbCgQpuJLtKai4OU2fB0FxcagZKxBOCzKe2TiXRRmi0JFUxszWSZHcVqM8h3rzTFHR3II2XTJnYgmsUbPfI6AlwCU7IhoipYzgIyIVhzizI09ZGdRasZ3OghVVFhdRI9iaYG5JJPIWdR5HsYJ2mIxsPbkQ1aBtKDGS4ixcT0N8BkjpJky4EQ+UYy0JLJBPbnyEKirNZrnYTSZ2PKd080TU71wTNfgxrUwJSRuERI28S4llzgwoSDWCvxE2Iy3ECml8CRiQvmaHUsfJMkSRBgxRMmqZZRJiKSTA71nY8p37zQ71idiCCCB0WCDA2SQRTFEKjESOqIsaB+iZ/LBio+wYo4aHNzeRzJkWRb13MbORUwYPKd6879FMGdkxsSZkmiWNI4iYnHYbJMiELTZe3gmmNjBgyZMnkO9Gxw20k7c1wSZInZQlAoFw7kSdBFcEiZJNFRbWa42YtS35ncMeB3Ijd67fyYoyQRsTvz2JgnZztr/mJ9rojZgjbzTGzcYFsTBncq46LcZ2dHR7XkO5Y7f4SriipJJnd5otvO0sbStTyHcs0EkkbMk7Mmd00Y3C3ON9BgRTzHcvbSTuMmKpJM0wTFMbhbGazsRusjoLTiJEFvzM8yeouL9jUdwveP2Z+zH7xd/o/Zn7M/Zlv+h+0fsz8mfsz9mP3j8mXf6P2Z+zP2Z+zH7Q/aPyZ+zPZH5M9kchj41ArYmZmDUdc5w6/wBnX+zr/Z1/s6/2Pni551jrET1Hzibic5/ZDj9iHH7CRxEUSNAkhSUI/9oADAMBAAIAAwAAABCgAAzDADABxAABxwAAADADADQBzDAAAAxyhgRSTywTTzwBRwDwAzzBzzwwyAAAAAAAzDwDwDgAgDwDywzzwDTzADDygAADwAACgAgATQACBhj56RCwDzzDRBCSRgADwDygDBwhADCw43gCkQBAAByDxDyBggAAADxiAACCgABgQAzRBKjTwDgRTgDQCwgADzwCzwBCARDRBDSwSzZKRhDTAABwAygAADwhQACDygiwyRwDiRDo7lTiQACxACQAAAzTzzyAABTxwwwwtjhAlT0QgBwBQCyQBTzxQSDzhCSRLjwADfBBgRFRygAAgDxThTwyARzTBhjyBSwDiQSBTBS2rgAgwAACgDwRRTTxAxBCSwVhyCCLghDAFBwCjxjyDzyWSBSyzCQQgSg3FgixaCzhwGDDTyAAAjwBDwwjFxQBwB7k1AzRQGRBzgHmCSRAADyiwBBUljTTCTYwgiQhBDRBDxCA0RkSzDwDThhE0xDTRxDwLBAiSChUoDigxVTTCjwTwjjARAxSRyzZ7ACTTADxSWmzywUwwADzgAiTAyhFhCjjThRy4pARSxhxRyjRjjzxDxAQBRACiiQzQQAQLzoCxzgoARpeRHECxQwBRgzDwSUCTxrjDBQzSQShjSkMPjBBCgBgAgDgwxjgSgLjTASKC0wwgsEmFkACgSDQABwGV22TTCwxwCzhxgCjweDZxDwBggwAATwDggCwQQBTTQLCzgQTygQpQDwwgAAgAQCzyHShTXELwBBKAzCyvRzyRjwhTQCAQjzwAyEwiTDQyRzTKTO4oyQTSjyQSRhDygBTwCRQTjABjDLWyzQigwBTyDyhCyChAghBQBQAEChiSTsvjDAyTDRCTzyjTDCgxwhxDwggigx2xC4BBDyyAgxShTzgAxAjwTCyzgBCBChTCDwhhhzgThzxAgCgAAACxQywjxQCSgABxQyDzwCRDBxTzQyAQiwATwhAzBgBAADyhTzxCBDBiTxQhTDwAAByAAAAACCByDxzzxwAADzyDwCBzzz/xAAfEQEAAgMAAwEBAQAAAAAAAAABABEQMEAgITFgQVD/2gAIAQMBAT8Q/WJXcwYkIneSvwld4yri1yBrGot8Ieder0jHYGX3l8DUutYbToGJqrXcuLoupd4F61qOi71hcTFaVg3yhEgvqDw+RJW2/wDADiC8Ki1L1Vit4XD1hfyVsvYPi9RaixNSQKwFcCs+z7tvzdSrf8hbwCtS1iuD5BvWtYrrWs1zLBvxWot9VYWs121+w//EACARAQACAQQCAwAAAAAAAAAAAAEAEUAQIDBQITFBYHD/2gAIAQIBAT8Q+2LUC8xZdx8dGsvoEg9AkHoK0G8Za4vUG+hWsu999AGIkDjMRYW5hvCCPjPWLetdCsDgrHTR4LntWGtS+Ja0FuDWEFxNi7rfGggXjKBe7xKJUrEvROAnvESBqkDYF5iQNFuXlLXQBcTPv8N//8QAKRAAAgEEAQMEAgMBAQAAAAAAAAERECExQVEgYXGBkaHwscEw0fHhQP/aAAgBAQABPxBbJahOSSa2f/Fpxxpp55pppppooppojS2J23wr99SmmmmiNEed18u/Z9ffkf3b8/zLeeeeeeKKeeKKaj+nJzfW7nGn6cnN9bucrw1H9ORx/c9z69+z7t+z7t+z7t+z7t+z6t+z6t+z6t+z6t+z6t+z6t+x1i6khCgHXVCSf4xC60aEN/8AiisE+P42RBNPj8guRXmqvEyaSQLoSIGMQuiRsmqHVsTJJJJpjskkmlsdJAP+JiCMwLDd6ZrVEDQiCRk0VNqwxiF0IIIqh0bGmJMkvuqCCCCSBoaGS6DfWdJDyAz6INCRBFYIqiK5jWqyTVCJ6EhogiqGIYxVggYyD0IdSFVKxioIJEDYmSTWSaroXRBFUIkkkkTGxJPQYh9YxkdEOhCqVNjzUEF0talNELpSYijMbzOFMP6g5nzD15sx7w87RBFUk9EkjGS9UoVG6JJo2Ok30jH1AEF0K0+lgLIXSOi4oT5GBGc/EaC5EI3kJSMcNCqfqG/aRMLCZeSKsvyRYiqCawQMdEqOmH0SNjYupj6AH1HLoJjdED4iYimpiFRZES+x+khN+vcwEELkX2Rrl9jDM0NAhuxoNrisdSiVJJpBBJerX8gD6jl0NBIQSIaXWuRMJYbbI3Y/5jVYWSslIR2Exp24Zvgli7gujTsJwxSAf8FI6wRWSCMxRFD/AIwCMgkQNdKpPX0XaF0d2I/EnybLMIziLRrRhEbRhGYEIwprovhCjSemN+YMOsd2yCBDqh9DEOsCrH8FjoAVUg2N9LVE9XVDP8SV4v8AoWUQuOwLSDmaNbzpmtnYFaz5MbMUUKGpQ+bHKeGQlixiNjqmOkqNj6arJA+pC6AAEUkii0OwnU9EIjl1Ygt9m4f5HjpRChDBsSMD81YVlDehxrk7sW73Iw7AqjssaMgfpaSiY2J9SGh0Nhf4wAEEEE/wGqtIiY15Qaunw0SvlSvMFlB4icBDQfLGRNHhB5vYFA6LUU19Pe14F62ODQnSmNifShDYoQyf5ACDfS6QQSS+KwI3i27M57d68DbLlkztWaYHlDjkhXCNmyUa+KY4Dwo3F0jhj00LtMoZMNDRgxokkjqaHOqLfx5ukh5AWuEdSRBBFMDEkCL18lG+xGZXensMRNXQ9GWRcEsdCInMvlDomDyA4VKPA8sKE8MLh3Fq0Z6n4HuMuU60VJdOhdTdoqvQ7SFgBSEECiSCCCOuBMEwT+pZwiBt4QfwLqkXWtTT55HQU2LSm40kFIWZ9h25wOuQ0vhW6MWbDW0JAm6S0+Rbsb0/A1f+AXyq2TSmIURjshaVUqoACI8kxJAkNfwHsPwCdl9U4IUJPIrsFt8iVbYpFHXNjt8i5PdC8OmtWSFkEOaPGj3hqiyJQzgYmDs01EeoExRcQfsZZjpT4dGa6GNiehOsAh0zSGQxAggggnyK2RJ8+gW6d3FdkTml8C1FsLYJGEEuhsuA6WWmaZry+RZYyMONCEuegL8wPmHsNobdF+Q7TnUgejL5Qyy0b6hLoIVEmEOkVgEMnyQCV7kEcG5AYnsU2DfGvmm7ESCDOiVi8P8AsWkjHPqQjchQqU9oK3BzDNXuLcJ7vwxbycn6N9FGkXuLhH4BWZeRXLdB0wxk3GZEeUyGw3dGPQsMAaZBl1JX6DHSBDoQjIPvm1Ewg1UxbhP5Iy0i3W41mJ8mloE5wuTOArva4LYRihljR3hQkC0jnZOt8ji2n/hi40T4MM0Xosp7hvBMsNyFFjwMNaa8hEIPZi3J+aaP5S6ERA/0O4hzTg8+CdtaifLHnrDIa3j4IpxCERQm6FmXFu7TRsY0aqOhiiFmxhqmLHtUzhCy+Wsm9Fz+FhZuIoUeM5XbJgu6ibcOM4K1aEvHse1pExPJc4LQ1aqKJEdZdKB/s7DophU6u0uUZfymWa7pWHz4lFxOxD1gMZF9kaFZA8BXilUUTCsmoIxXLJeFWBRiCsCn8JbLKhz4oCg9hkuNBoZ6vZuCZTgdMsqbY0OaTPRP7BjUrFKbjTtM68GkTup2/J7DMVkMQRSBDFRiogX7+wvuX5ihBnf2HWEpwkHYKZLHdYgaEV8Sl9xUFGey4haKZHxbkLiaG7LRvuXUEKYhA+IG3cSmDjky31FqmRTEIJSUZx3wRgodEdRsy8KIo8tp7FvQCcxHDTynTAW80kkmjEJ0MVECv7eQrHk4bXI4lrPyJomIESBZBIihGmBoQmwtDuKZHGYxLOktQ7rgfpke0KCehsJjJKSNTbsKx5sraGryalOmXY/QcTGLe46NiCUvQQEiHWjcYVwRN7EqualZd77jXYQ06MCRBBHQ0JdCBfu7V5pnx5Rne+KUWG9nrjZBcvnSgJe7E5sGoSFIjk4iqlyXaTF0Wo9onBJcTEospgdfTO+b9CDSPYXcLsdNUzt6Maz0ZvEeQ0dodGqMb4Ys5Ew9ikRTdyMQQR0tiZNUH1HKosQPR12/JHs9k7ZHodiTGWQQKy1SNKWIWQ0eRJ7CuhbEANw9fGxavXHSjnAWw+0ta2XRfgl9x9USacnZ8MeZyG4SxYbI0/Rj5mUPkXQgWKEVEJEnw3Jjx4jEvNNtQ1U+pB9xy6enCwXp3oEifNQncdTl2l0I6bzwuQZBKiUijvaFx5bDRTnyh/DQZUnAShWaFK++Lyhts9rafccCaBNJNFtOWzO0hPrRRIGBqoncSxA8WRDTGyxeFKBsbgMNfwxB9BypNRPgXdmreA3sWHwd6DYBJBWWZUQJC3ET7JKkjYeRITbdxGcKo2ZlPKhrC+QMHeBzYOGi0wM7FLClmg27sXb142iBc9mUy/mmiGxBqCcrcd5DGG4DgyxUcI6Q8p3QqOHuQ3jUEWMqxRAlRB9BypBHQgviFOWhNu64RavPIr8IuxmCyliVyHlEYH2nikgfkNGcuUOXgngW4Rl7xPLxeR+49r/gkiK9A6dgVysYYlLHcn3hs0tDRDxXoMU3begxdhOFw4PS2ka/gyVKrHa6NMRFmCIMubt6ih6dj4XTPIpgSYiVKD6HlRsSSSYYmusXA65rw7iEh7xShm2BY0lvSwUCWkLsSZ2Y9viWE/cXrJdnuPLa3Al4tLmHujH2mHSq65Hpq3KHWzFZZDsC5T0EGEs5ejE84K71G+y8qSdCUhi0/DGNDGWOrugmW4lEC7KYfDN6LDK8jQ1IIIrA+h5dCaEhoZj7CjhrdjGD7nsu7C/WMsXK8jxLkN5YTsNwMTW2T3H7E1ILpQbTvIpaHLiYrmncRNjWGZmskLUEaX2FzEDWEZjC5M17ocRkJsscxANQew8/1KWn2aE6wLFfldi/bAf/AMoqGNUgiPhgdtD9D6TME2um5AzTSuoWOSNtWV/Qc4zWU9D6Iqg+h5UkmqHFD22WHJFRZsLYshW42N8mvYaRItEgzJSLgekoW8Mcre2Fu0Qd5C55DZIy0Kk+ttL+0cmJYwchVSapRPyLZKLLtMFPoolKycqkRIQg9o0poS7Dhy+TOEzDtxQQTEpA6JRMokuKalpzS4uxgLVHKTnf3mf0OulDLXGB0I13mBe+fyiCSRuiegbuWRwOLv4CViyccfIGnmZmlA3aGcIiXDWWRy7GsMJVyuG/RuEh5Fj7wLJckoJBl0Pm8BYWAi4d83oadz4bF9r2a/scTrTH2H8W407/AAf6sWpetfo0PmwjccQeagIMNoObSLxHxD1VRMaSRTsIehrXrzSECE6KBowso+fQHkeLCL7HbGg9zmf4Qr7H7RBBNDEaUN0cP8uTsJkOg7rY+ibEN3FnTgQZKGHADE7eDgWpeXNw/QvMrXGRNNDp3LgFZ2xybtF+jM9gsGE7hzEsc1M/w0OX76fyEfJPmM0p4gS1E1/zQTh8Z5fiLG52CVhioRLGOfoQZDtGHMCLbot68iRXueciyIVFiBAvGgym1RBA9rD13hiwZiYWgG68GRG2p4F5QoJ70EX3chkdEl6iY0LjH5ueGPNBtm8hqbSJ0BfELgR4xbMvBvaFtrBpcu4CfGYk45YhVDQ+4nGS00RIsFdd3LbB4bvA5TUHNyLbF3Q1zItD5D7Eam7UJujsL8ek2x0ikh0LsOFm9YTLCy7h7uwpxqQFoInYtsU2QqVFAext5F3D8BrSi7ar5WsD1ZIaPkwT7exOhkEUjqipSLldjNBb6IuJwlyK2WHHCXrs7Z4I9s+40Zm7ISeoWXLlZL1oIV8DuLQkm0k+SGy5bUKwxve6yi3b4xeBV3a5GvSzGiVp4YsMhEFJSvokJRlMamgoxPPuLErlD6MsidH3KRZI2MLDRoFJbEWXbgRLkOYfQ8cjXrowe1x8jgjKp0JSsj5IPp+RNRJPRHQm8RCeYyzholNY2HIppDI72hd6X2WpJ0DzmXtF3JfcxXiFlNvMaTYWCVYmzXDHc8vZh1KszzoZJ1iREq93HCSbHIw8kWtF0OfFWdxwyVknXyFsJ0S3Qwgi5gXkTC9ka+ouHicvsLiXRBZ/J/ApWcZR4SSI4CRFSuB9hGVbOEN8BIMa59/Zr8iv1YN9/YgQPSOlMiiB5MDHGnG9MEPUCHhITmx3nsK4R3pXHjHq8EWXkOeB9RrpLbBdI2mUuMCCLOwFyN2hgLpRLYolxbC9G0dse0qzWzikXfhiyaunQNoJTCaQh3R1JHzCcGYrqCdq74XbJyi2h8JHbIjQhpp2ZcL3dSNLZpESw96bhGbEXq/whPv7DTgQOkEEVSJN0Q0pZMOU8raIEEUYPUcbuZv3E2rQ0m5bQ2juhvUXiwDiV0cGnca8oaSrPki6GG2OrmS3bJOkG10MC2IPEFw7XlwI7JPDVM9OGTBRXHSP2FMR4kmrNiXq7cLweCPj/CcEeBN0+nWF7nLSSFIT0RPsxJfk3In3fhC/Z2IqrpjqK8X8UBisOi3p8CCVEjYyCQ8DIjlG7zyYCd5v8Dm8H5CsIheGZymc/wBBrbx/QKMIfZgRM95ExYfTcHBNho4ojlcSga4E4tLi8CuQPmJQ/Pn2HCypRhpix1JzOEOuETLAy7JRYtEuaeolnOF9xggyERj0v6RbcSC0JtjhE+BtieNDuFgfVh97y6MDqXoJB1SHvlsM/Ix5v1aNimsmaEuT4achwJ4PA+4Gfd+Y305aVzHTH3J08wmgViuBaI2nRXPuRKHbxgXKWPsTmTSnCWDh8MUc0poKSmN/Ia2JDS7ZFTlOpT7UnTObFnBl3EkLRn6haH2kzTfsi5Quup21yL8Q4G6wL4R62LwvI08M3E6MfU8uht0NhMTMKidSSRceksszyNzFfQ15NJnkUE1l2sUtK7uSptXF5GxdLPKEeu8/TBY/CLe+Rds1rBL9YCbTsWFgc0Ej4DKVhNvgt6yLabwWeHodSt4ZC5J6QrJZGH3LMDR2F3sr/hKCdYdzRBr50W7GUNk/1cKAspZrye4qWIm9y7SmZwwi9YaU4XAoVBH1PKjrSgN2uJUfSQRRIcN1XOXAseosGFsThTY7WNcs9PYuIRuEZTGyNxNDpDBAW4SEOgkk0yTFkUJkUuCC1ZwP8nkgpnAliHeiSLBDigGVBOULSasPwh3Tv5mS2EcCWk9f5DwhKbSFsT88J3fTYlXLthPbDyll9gUg30PfVcD6nlRye4Toz6k0JJ6J03N2tCmuLEuN9nkI9oH2GyQw9WWPLRHz2wE885BKhRymRCQ+FEIRLCUTJzEMJGUsbTOIWjcgPiY9lxcIZ5GLhG5drtosLy6Vy8ixtTblgO82I5q3cMlUkw6V7wUcAhT6nlRjTuEhIbEw6hJJNXRMkWyspjshuSyOwlwoSLO8Elk/AOJYe5kJfsLYPJ0BqQr6VdjS3ccmLeByJG/2E3Nw+kDeuTDsBY0JeY8Q4BxQY6NSPXYWVVmMvOBaq22TypLLUV6JZDm2MtJ9UnykBkh3/o+r5CD2hjA6y6HcnqSGhUYhiXCTY1aXaEQWEhdriRU+sfn8jLbB8I84zmH6tpaHrMy2hpY5N7P0Gad15Im5aY3m7R6EbdlLsRNgEyS7D6hsha3RmIYT8g50jiE4ckQZ3HYaRc5L2DZGK04YbDBwlL502v8AWJUClqSLC+v4NAmTcVhAxVPf8jUlyeR4NZgsTQhaFq72RMXZjSx8jUMaUX7jWIHNBcGXUeUY4TgDs9ydycDvA37IUL+wSAHfIZWQTXma0WjlWEr6Hrgh4sJ0T90W94svryMGWFdE26J+CcI9nzp97yGhqmBDzQPQljoySKF6SYdhIjO4B2E45gXNB34E9EJsXEgzKEMdmWGiQrDuhwE8WHO0RCZHJHuwy+wri3sQ/eNkH6hwT4i9PLlDPw+QADwMayNml3dLLLDLoNKZ3ipx0fO/oX63KjZNGPNQRDJxKkEDhupEi0OTf3wOeKSN4ImZsWRkOZEUsin2O6X9zciY9L2BgXW3kXs8DWKBF+ABMQypMgXY9wqi3cSFpc2NoyssJHSyPaXd817SkyxxHNWa0Uvcjkeo+d/Qv1OQ6/g3wXHFSxiEl0TCIJqRRNx1Gw3twR8Ym9Yc2RuMhggzCpqe8F5FthgmCI62TAgT2Hdk+tDKX7E45uyzk7vkUD2qzY2PYfIn0koUN0ZvI+95EDCIliNFFpDELomhBJHQRQktlltM2uxj7tZFspPhiv6yIsiGY6hxRYE291cWmI8uhLVhmbvRHwgWxraS42RkPYkmomCBh046EDYbhYZZzeQ/1OQ9qMY2JUVUOxdlkrPtuhOqY3U7jvyJydyy+RXNPlCbVwybXyY+zOEElKeomKNskx3Ikiw2nrD3JfliM+5LXj25Cik0piYi6mxsbEECEhmijYkZPI+x5D1Gy9VsN6pEAwg6MzHQ+ipjOM20hp7o5Eg1c5a3RDPSfLmdiJ5ayZ2WkTvMNYDBOE7CQQmuUDbptKDLdBFqOKjaiiCFsTMnkfc8qqCCORBBFdFlWJOaDMUaMiVG+kpxchZTbXJo1BxEBy1zlKHuTYYw1cKG1jssfLbNlu/RqVDXQqSSSSybEiZCdDb6lhDJ5H1nISw0R0wJDRAlcYqYGxbATZRA0hBzkhUVMwC1Ee1prueC0Dlmp1qrt5GxjQ9g2J9SSRCGEWJhiqkJhhDP5j3u/wDJHTIJjdJrgISGhGiaE7iY3RYZXjBA1XMpHUpgu0SEhMT6MljrZIz2SSKqYmjYY6KkkPKu4T723QWAigSrNEhDZNUELRBAxqonqSKdIHEQJCQkQQSMMSIpQyayBUQ2JFRRIoiwrhZX3H3LbEtU0JDQq0jVIokhA6oIEWA1Uikch9JMVEKFEKIQxVgtkhIkkk3CFEQNXgQkO5eR9hyz5KtiY0JVgkSIIENjYqJJGGqnTldRCohMboUQhDrIjqlSCCBoCM3kfYcsfoBskT6RjqYdWOjXRpdKCBVIQxCEhIboTIIFRIdEJUihtctUIl7xP6WWI6JECYxdFAxk0YYmhllOhsOk30pJFUhEBJiHdAn0E6wJOkECTEwwEshpx4lsiOmruPoCN0CTCkw5Z98++fPNGFynbyb5z5xzsh3zRi5T75880YjHfN8prnPv02coEYufo2Iz/cHdfhr+j/UX9H/eL+j/AHF/R/uL+j/cX9CRt67X9C/1n+wv6O+XfLvl3y7hf6h/qH1M+plkTj5Od7hZT9/QJjIiH7xDl+Wds7I4sR4LJT9yNlpP/9k=',1,1),(2,'MATLL','LLDPE',3805.00,150.00,130.00,'Linner Low Densi Polythene','2023-01-04',NULL,1,1),(3,'MATHD','HDPE',2110.00,250.00,100.00,'High Densi Polythene','2023-01-04',NULL,1,1),(4,'MATRD','Red Masterbadge',260.00,50.00,-10.00,'Red Masterbadge','2023-01-04',NULL,3,2),(5,'MATBL','Blue Masterbadge',250.00,50.00,500.00,'Blue Masterbadge','2023-01-04',_binary '?',3,1),(6,'MATGR','Green masterbadge',175.00,75.00,220.00,'Colour Masterbadge','2016-02-02',_binary 'data:image/jpeg;base64,UklGRkqpAABXRUJQVlA4ID6pAADwqwKdASr0AfQBPkUcjEOioaGYGf88KAREsQQ4AMbBTH9NzqWF/Z/4793P8d7m3HPW376+3/5H1VdG3XnlrdQeaX/c/tp7z/5V/rfYp/Zr9r/NV+Ff/D9O3+a/837l8Cppo3/i9qL+R/8z2hf3IwRfzf+Q/4f5feb/5f9i/wv8N/pvVyx3+y/5XmZ/PPzb/e/yfs//x/DX9B/rPQj/MP7T/z/VMkVPgvhbUq86PND/rf971oP9p6sf+56FPsP1Pv8WOr4rQDIVJp4d5ACJi2y3fe65DdobzKX/m/5zJQCZTyURAEZ0WrYsz+p8yJnpMWgGOGEGIHtGLLUMChbaKtmQ/KtBg82ngR7Fd+DuTnZNLeGpBmJjpPdEprWWm1SItEu9ZD3pqzSfvr9EdJ7slX5lK7GGtOH8PD7zZ4WF7sKms66A0/BPSTlfpYnOaakRi+wWJ8pQLxEcnuMZANsUJ4xznb4RzpoyQCowL5I3rEPWzwyiniSrJZ0Qa2YE3Fw12n3zdLL0uMuhnh7sbK3NExnStJUQ8vE2hGOiQl4IX8W+Tx/VC2lwmv7MB9VyXsF4teuvpR29sZc3DFZrvn+mcZRYE2X3fIMvQwBxbSThwLhyjIinw7itwXu+hyb8W7zaQpiSJS7VNIGf4T3J5orMBO5plD+3b9c3ttKXJgMA/NjkKVf6ksWeyZmV3t3qWcjS0MmMDJgu9uR/vZg9BgBgc1zDAPd6cSmYuE4F0bBEVhmHcl0J7mAo5LKYyOohbM6zUG4bKOptWx2Vl5xCksavOVFAK7LyFSrOwTm5H2L7ur0Zghkqrggym1rhOBweTI3CjzrHmTzHjFSQ++KBJMtBYtNH85ds7X6MTppkLE91ZSMVjExCFmXWllJ8CcAKpTtDxaKuhSyUgo9FODdZ+6N3ynKM2xqxRSQcYyLQm0cWTjtxuHBeAAdeBT1bTfXENE3MS3VB2Uh4Y1Ld0trmK/aYRdjSw4D/adzpo4amKCIXOEgSKnSukhzZ+adgusDLf6cIWxBUKouQZ47VJrnGTm9twSzbH02odvSk5DOJSDo58Z7uPid9yCC7COJn3YDvnf2KTCoUv9dQFbIHekv0FutoZeC2/Uac91SBzimi4bPXhCrbb2i+XC83T092nIGg6y9sX343UIIdSFCdcymokU6nKDmvKqJuufwg5N3Ol8ogdCZWcob3ydXy8Pym2ftHBIIDPN/brKMSEArwkAqvrBtVJoZ4C5O0i11YMedxvLsYLkalHWBDMeMWDF4c0DfRLgGFJojIWiV2lmI6IxUJmfGEkazdjWi0m6xD8DFCkeQBhXdMnLDmyDrvjXXsrX+yKxC6xkuEO1OG6tbj4na4Owkp5YmKHgDgMSml51wBq6AornqbFSP+kZuivXUjwO6B/jIchJUO9dPjPbNtwqLHeWgAOWEdw3JcN6bDPvhsqTxXeRrVQFlpusk6P/e/k7awg3eO4xX4wcKdDFtvumWme+6Q3dBzTQNiOHZeHlGDDlGx6AyTsjvM8ekRJkJeMLNgYN0yaPy6DKVixk/NV/4sCjP+YPXDGyhmTqCEr60c2Mgs++SUD+P1FRS0PLBLpiq6JwadbAMN4u9bnOJCehng1uriHwrY7Huuve59XOwLbWAJh+/mbdMuIdL4L2WFz8ZZRV1v6ka11AHGiJCPcI8nZ1LeagtT3FJmVOsAIpXUB7Y562yn+kKAZI5kc0+9fKmYdGJ4dJsGzUyam+ZdQ1NZp/EVa9/hRbMgAAt5QrRx3ywJ1vM+3/sZZNB5eClbpDAgBP6sIWrUKdsGlQB1UWAMkzFeYLskqNP3EnPq3T0KRxQfq7JwwUG+woUxdRyFCpMdEhyg6OEDfNRCySk0rscgWlfaj8+IYsvcZGzoHte+it6rNR6n3ejDpKWfpHD9qP/4EBkR3tvoITVUf1WsnOw0/GSXeMgsBNoa5psXYSxA19nsLxn77glVcNBOPszvXVhcua5kvHfyNfZkyVMT2L/a7b2RY53wiFtaaNpwcuCaRRt8tQwurq2Ec+Ao9GuSudZc5Ea2nQIpJ7e7jX5aDkkhNCv9cJLAdwhkYoquU1511bHERTlk+Hlt3sfQXJ3LE4Q83zO/VbdRostpzFyuxrlA8GErvbN8f/mlW69BRvTettvHXiaxg0YdWvTjFXj31mFuzjd3XPx2vZ8DlXZeqtlhaEdVBGGkV7bwbxSvD/shYIGAeSOHkiGfuLBh2N075Vn15NgII2SRAgxDjLaJmH4mGxYh7UOByJYaDJ15DNYr+Mpvt6fOpUsQIWqpMxuJ9i+hdAujgzyZJ2u7OO5Po7RJF3hOVw2+u6uOLCYtok11u1s44gpDsIrVKm2/iFODw31RJJfDHx2EyY7y0MP8AJ4XW2ghNWFl2eJ6ObBdRj7PSVsVft5aPz19WKjrwHoBrb0zUzEUU+Vcw6otQsdyb9bz9356d810l0qcVKfzop5yqjfYDdWP8a52jL+Zs+we43m85XrfKlZzKiWHWBHqtVa8+X5dozYk+pCyadeqFXTdtljlehUWuVGID4Ibgwec1b5d/M6xEAQwMCB0w+0rP2vpoOpKAwMJ4AnKU9jxCKpiO3Yp/wZqsWYFB5Aumc3nc/7n5KEpJW51OYMU4/MNimh6aeOrMwHKX7dpyxxxJjoG2SgftCgJpIfXtCBl4I9JnSGYa7m6RQG6r0bjfLeIDxaqjt1Z/Fv68lb9NA4i4klM483sC/PAN/pzyiEULml4f7kAFzl/Wa8FM7xwcyedqk0EfeDGc17MYMoYrSz39fqcmiX1FrDwsIqRNZYoSCyEfk1zXh1cpcPELFHoxAhMYlW2GjL+sfdMOpSRGg0gEMY4wv6yTJ/COLAypDm3dpc2dJaWTFiTOdeHkIAQSTNiF5mMgr9cQrHfctu+UcZ1qIWr+sge3SWSOHE1jtckl2Ron/VWIv3Bpu4GkqvSEea8ZgJSuZl4+8wAazT5bbMkI5PhaWfA+r6L4TLgkWB/hhNh0FJNMYQQXdQnv901ght99EYOacbYqa/w9zeSdp9rREaX4eIQHtATVmFpTsF3WmcNZ+o9nE/7bCSLmubyz1xov2bcNjeFIvzCTmYLmXSb7KG8vq5AIuI9KRGvrH8wRqfiMJrd5LkheP/cS7b2IhGIYtJv6wIJACZ/Fdu7EItuM/72hRXAivaTXklfPOU3F/iQ+UI/4jjOWHp3gUaTqQh99Wj0+tCYNwqtbtiFYbmAXis9gvXB9WFoKjGJNOXkmQuTT7rLcy0wApMRkU4KQ8gSeVG1LK+B6ZgSzyUXRdYKqBeQFu4qSY3kDMuLF/u/Xx8W7T2Nj8WjEMfrVdstnYiRkCTZXRP1Vw8BhuWIMrqiqkLQsjQQmi8BACa+/Ks/cJP59+O1CXokMc9MoOovSWAsFY0mz7pv99ss20431NkdWm7HnsYOk26R3JCR0DKs5z7FSkhbPFahJbkcPJB64GWLh7mL0tWFfyq5s0DmHDoFu9DJ4Cg5aX/124bD1oZ0o69Q6dRTc6qkxYtaktdE13jOjZdGshwibr2MTx1ywPq6UX6/ZkRhfQ+z3Y2ndag2WXyJS7BcHR/MtGv5Tc6m06+lwc53tNFuLwJLWv3UF6ldEGVDnPM9iabwpOGHO3u7nrzFoYmKHZ1lPY1Og+l2GTbY8ZzMNDKyYXczoBcc2hmDKWBztPdk9gfNKHnYXjZCTdQZDjfiTNdC4VxgvIAC56Us3eoTaCtYjUePsyR06dkNEsnM+JymKsf+AJofkZMqy3bwSkM+c/tM9nKA+gEGndxm7uTmM+IFHasBG9qLRjzJCwB4rxIn9jjobcGkUTBz0McYlW1H7KWNmYjmOP6bNvSEtqPa5cmlxUCG7Yt3cxuLP1JoorKSrT3COvRt63o0p035FU1KN0465R7zKQDjDipD0Y+dAhvJ623sRdeR9aDa9nuL2so67b7pSMh6l51y12/JKwoB7WUPaAgXS0Mjw24chtDsNKuMlKk5DbE8BdjMIJjpz9Gt4eHVEnRulykrz/5/2pXYBSIWALzzSmcUXb6L/9Sk4wUC72trU2UvPgwSOzndvIZFV3vx1mulNHPu6qs2BXSuXvUhOtnXtWqAPVZ07oHtrBR2xaIxF6saWTe5BrUe72DCWJWLcKc6BF6mwlRATpcYmCqabZqgn1Yoaivv4cbojzSCH/49luVlwfCfA+YRaHH80wGYppp6qX6g8+V8e3jwpYBl3kfPn2PAwpXPK28i6zoi5XcqvJ/jgWmf1vbct+2txxDEMUOpFJTcBSNw+Y1P0WbafhG1khbSrAX3qrLGLjNfXJse48fCPSZneC93CxduZurdzOz/ohWSGWUtj6JD46OxPWCrkW2eYqxuNzjRbaTKttcTv4+i2VroXYjULCPT1ILm/nax/6w4pZ9F72CIzjoYa/JmmBlv3MXbnev89emE9bdmc4+ElLvNew8WPVE4UjRVYLOGzUegOFKFJ9CzV6wLR4vfl/CVUxtQ61XFDgP8psyglBrMhP+eqs1zyBBIfLm9AHv+3hLHxT0gG54s7j9/W6wF6WNo+que3/F4kg1DTl/LQWe8m4T80P9pDnh3R8rF7/rLk70lOCYKB8ptbjXnhrnSFkuarEQtQUELkMTFICpvPLvM1P16nFMq/r21v/sqDOPf9pYEZv0mn1SlT4nhTNvz8c5raanYjXP/BfPBF3mTIC8FJ9RSUzjjRY9y5ktnc9r9v0SUXEXMJScGIwgqm/0aRVF3r31FR9T95j21OOUGKWWkrovXEltBNaX7byO9VNh815i2T6VdD3sjmUFlWwJtjqPUyhRiLCCccEm4BqP87RvmhuoV/JfqW+Qce8S+9n9Fm8OgiXhzvNfe5wNdVwsFreIFy95WLxM+b9tA4MRG10I/YjM22u5utd1URHN0g5WgGJPa2ZAv8WQYJpUBT/QYbwyBh6VoC0NirceJ2j+q34EjDW9oI04e6gM4UeckE5dhBWwIl6RTkv+as743EmIimjGcZO9bVrYI2P0tdDyET3PscifqvntmEQ3Wc4bxTlZz0HMxKIxBoDiAHarXcb8ZqFVhomXI3+vudB7KplgWPv7Bb3vuq9dcjledi/YqHgtfKrL7wn/Fe2rJ0PrbPqT58sBcpqH69zUf/eKVkDEWymdurg/7sXDFF7I7KDTuZmdF6f60rrgExQeLrsQmI/tqI+4yf5wBJ8RwdSiePYA1QJlC/ewSQhRKoKsyFONTVgEY88cjQkgCNY5eRKPBH9TMDgTN96he1RkTs7DjJ/Bk3upmb4trurkMGQFqu6MKqrE9XZy22/z8eNGD6ZrUQTeYEYA0yPIrdccGsf+DX+xxD/Xw/63iQuwCIADHc/wM5xTRAHed47YK8FcNLP3f0i2YmBFqXzqqFVKpIFwQ/00mYITTX9fD9Y5jSf+HKysdeK67S9KhT76xbWD229ATtPXhln3a3HzTv00XcfH+ArLCaaTX4vbUBZq2CVi+FjVm1w09BaBDFc+6aEGmyDAwNVKVZ5Dw7nFiE68514dN0JvBZSh/rqjG6gAo+Dv9JIGwPrhprjF+nvIxeaO9/OySiH/BuENHjaVxulSLWzr/B1hN0FNs6rFDd9oRTIQ+Vv/T92D1PhlWCh8aq2OfDfBTrGz4ZBHHasNhWqQh1jfC6q+naMJL22ZIvB/N9vpcJcUJhP65rxOSyNSxLMoTlBC/atkeVxayefMvih8PpSpzX4kKeN1tYbaOybwrH3csXtW5E7Nph1Vt+C0n/4DM4ywspZNOqvMCz9Uvsk9LV8e916emOx37fu0+nr1SOtoo7I5kitnTygwSaHiuypEBkoUkDFdGmEkEqexuZOOq5q+Zer5BEMz5gIUzG3EbcQ4Oa6Me5iiiu0BHCpm1+xnFgnRaEmAnA5gmPsM8mY19ta+EKvlAj8GghvaUH/rfTF9CUxt/JCKVWG7il0o4sECgXbUZUag32wOYCrFPCzN2mAarGw1ap2lFAHL8pmtZ6BE2d56vRZMOBbdw4v6QtAYbEVsGazs8qn3DM4UXB+HSP1ymDLRjgFygE6HtwDhy2e2GIxxTlJ8GPxjEwmUbJp1w/XBa1OA1JG1RDU8u/nrv7qQpvt5tB51Z+5eWZ0Zz58nbuUaF1aXrfj2OstrJ2dGJOtWKRYBDJJYI2fSBMNtohame9s3kb/C2hB72qTtioqlXZuKp2PA1opFmP7g/URbM6y3rUPJFs3I59j2SakYCaMhFKHjPVxtxVIfhVH8611f2fbEL8FDk1bswW8X/IhZmOxW9su+7CivdLNdodco2f/979tgtIlw9CXR3IsWGTB9JKda2C8aUFXOdjGiV784v4/7uOxuanBRyMn/kq/Rf6X8+Io9Hsyhy0+TvvATwfN1US8+XpsrjjhKYDa7YtVwMiGtt8xRpaNiKmNmqsw2mmUUBReYNQROWgRLl6vI2jK7z47MJ0XdhuGnAvv71LS0cUUDtiXuCqCvukfE2BCLPhLgjUi1fefBDXoxZ6Eyazruisx2Fzu0WcwZ54rvgOGL8owZeYmVfVth68Fl8WSd6Fg0mLYcVTRxBYAWVE+B7LSoQFz0LN33dE9lqYIuU07+tEyKXjcnB9gUorqNGCA4z5c+eyUH2hvubwdlLx+YChaACxiN7ekmAhSbu+EHq69ru0TZ2+3EYWs67ibWWPND1EJH4HRQ5spitQ8a2iw0BXR+iBr4/TIB9xM2pK9HbCCccMgksQ5V11DQqprQ5WRlbcnaejfuzloEfi4BDk5bBcifFMzo0YKHthLeHNROT4Rw3lamKaMBhN/IhGlpsZHx/5IHODMYNkA8Foq6JKynli9a+JF7AC8KGT8gqsX4hK6h+NM6IvTiG0+sXMbecsw/gdtamoaRZ85VTK0O19AjeU71xqSaPCBE4fBXxNL97aizI0VC2Z1LIGMxV3Mysix10UH2duA1KDu5pucVFQxug+mAEVXp6wH6zvbS7+jdNLtpYzhvmJLpLQ3BJykovEVOxct/uIEHl83pdkAf7s89kaMr9hcjhOGgzMFx5jIAXfcisDhu5PfMUGxvr1pTbKVZYf9lkY24tHmG93k5lQDX77EqSZekwCdVivEszmG+WHS8KC2eviz+UzmKxyR3dsvwoy1hs6hXzQSJ/aVNKCXUIJHkfW3hQF6koi32I8BA2DdGJAgDjA1XEhP14ToDqKRWRnB2pqY3LemBB60AUKxuKpEY24qkRja1RBotIGdwf1mXaqBWNgoH7m4Bn9y0k0M0Fl7wD3OQpxF3Rz/DOuKQNlbNvzDRgaDWsFN25YbDKLF5ObEC/Hcovf1xtxVIgwAD+/GZGDLTrsST+fDSwHuaBhVxlaZaRJH2F8m/2yvdnZm/8u2v93NJBUEWrWZ/+dEGYbjdL8u2UTzxATa5nqD4DsohwkrXiSi0xFfznTOm8RQfodOed4Ny2HzOqAsG8Par3lakYMjxpEY70fLBWM+5OSUYpVgXfX0K+5ML5oOswXrGRDlAPPJRXQf3gjUy4ixKpWGpn0eGWHdhaQeHK3vFlaYV+PGLl2yYMzwG6UqlTfMU7R48tdfp8mfnmb1zGNB+SU+S6GtSf0F5YgJZDyHngE6B4habZMu6OgVPdKbuK5oRIaVzQfFOXdRtaE9oFhauVKuZhinTrG3ivuSHhUfpQ6+4H+HjZiW6gvOfvBUgKRCLhfp9mmCI1g2nI+Sc0wtkYeH5Fy7Ro6enFU64+ObvzeQX3Na8yL+t9Zp7zk/M6CaL7bhQfqqUqC8hTCsYnX2Gn3Qs0cMjROduv11PhwgaZ7v6rScjVnBM3xSYoWNkMX0EREwAHbDg2tr9cS0yLpNTpWqOoR8fDzGC3qfiQTt+NXOsdz9eB4CUPGSUwO7Z+NdrwjL0yHwnqMSFOlPBkckCSgAJaB9Wpwt84XCpbThDREJd3r0V5VhW95sg869+7n52UdTeH28iw3DuP3VDLUVTh+qL5KSQ91IwgDhGbe/lLd3FdUFfRxDV/CzHdWF+hinRlO8Cffc8Q26Z4e2/7wQReyEU0cJ1I1npJDfeLOYE5E599maoxKfLvLdTtdhDSULvpPZVDPXwrO+Dx55H1YKBzpoEEBISwxqQRWhRSnxyW+ixMK9N6qguja84+BcKrkTce3AFYXheQR7lc6UMU9virN2Vyh56RGhDtaT0fZBZaoFCwOCPVbYMuErE5XL6MpeuOr7ImjRUInY5lwUQxJPHVQ3CX6KQ793aRQkVcz+fTO65xwAOntHRZNBJlxyTpxF7SX8mKT4ddkAuf9dyu5g5xsO7lmbPaDbkO0gkxtvgE3reOE3J0reYl9IiiTUYS5lZcCEvKC5kq8dKL6P087/hJiGbwzg2f6Pe6fEHlQKfYAPmwDnQjGh/XgehOYhKfHSBriYaOdNFthzEWP34KGnv4OKFNsguq3SWga9PKhEtGpIPUXm1zcM51d2ompVcG+eyzkLYv8+mQtV4YQcTdmY7CNBFfhzg6jGObqJlL5LrDdcLKHxxHzwESIjfNllm8DP3iyyH6jQymLxQNR41IGqqJ4RyXn7hn4YYSX+maJk5qcpy3bqr1mrOd2APZp0sgqXlLKLvcaptMeyowCgY+KQWAmTEEVQj7ypQCn9TKlUFUyLMI+ZO3+4mawoa4cgvHR6sF/tHxEvwUlLYDzea+6bS8PgYROJ5G5y8XKB5jQjVr9pyYL/CxoBQDidU8PxVU1LumpWYTzNdtKvePUHiCXDWm/X/Y8QD7iD6NtLPkFCcqx5SciYZ8cW9rtw4OdM8270whUh563SR/tLmK2/7IwdNmRbkPVX8ysbGaaIWAwRPDBb9JBVPaykK5QjFzg8K34hiFOwMEBIYnlGqjJ3jN/ZwuzVDvgFRf7KBSk5ojQreJ5TISYNVZkP5Z9K1Kepekj0OARSemY7HyYEABQXejlJXYTiNphQzAJ06BSQMABr23v5rPCuS9rSmzPhkj+BGnmSFpTr8dfM3Z5WlPrj4DPGvVFLP+CzCVM2Q8El3OogZSrHYmt76aYNLZN7vyYFUCWRhd6O5SHtX/MPv8g3XzTH+Or241HOnmSdcf+F4SRjgO7eBq7dwTiDe5UXlahfvuzCHwB/oV0P0CfYo6zAlmkiXRJLNtIrOc4+QT54CmakVk+m7igIFysWGZPCBpsqIvRnQz99puE7/xP7pmMcD4sfs+iHTiF2+E1q+bMn0V9DlFQoO8R+wcvwj8/2XahoatgubluaUFFcuSsMUDpw6smmI8VdjuJ2a2QY+xR1JV9GDVtxl007TRq/2f6oECLRX7iAMI9/Qbp+7In6KXb57zA4h5ivBkQQbT3PO4phNHaVgfhZp8HNhjcG6LrHNTflJ/Ii8b2E1uetVa/94PTgv+Ws/sJN45HBi3cs8f7bouwE41o8ZG8VcSNWzHyBO2EQJIieBOTgXrJkWvm+D/2tItv4kiZsJeb5++kUe8TcUrGf9r3XPfYg5PZRc8NtKxS8eoHkU0tSngfbSazsXoK8wEReuZLLt6DHHNhUNs6R9AKpb+jncd1lOTuNsFlz6ZFoJnWrDtplCYnZN5pF7sUlPKSTkivSU6jksDIJZKdQoWO2jf5ubZOJUU6rUN4KpwVlM7KKR8zw+EIZpruQtksKkLbeUGegModwkFQ3tWQTf80JxGHKmJZ21cN1JJkk2tjiXFnaJjB1Ix3g0MSb5ZXUgQBNwDatbpjiaIsc/TT0CRFjrlZM0nfhCB61jNN1HxAUKN0cS4zvOGtQxETsH8zAUPCo/gSjeU344kreIUXG6fpP6wIXiIhubivB7NZ6snjfvT6Lva7qe4ASH34KKj/ix3LaiImP6+kepgcU9lX2dJtiuAcbdF23b4t+XEox8rP8S2FsSIoJiebubxGHLua1KzBm+WvasETtPSDsFbbaNjOFNgPV3Y0adtrcZSknWb/ZrVRkpLnrj6apbOGVDuzjqX062H5Y1JEGfrBcusnDva+cyOuO2y134f9RHZFoGwXpkIeS2VhTw3eUgmc7Pmb/KVuNLM4QfRtVPZvA7yO9w88fGNAy3VHzRUiFZJ77GoCdUEG4l6IFQTKcPJ2hyk5XYV/pT+NCubncEmN104emEZgVhBBewELmxKdAblOgRVKI931QAeVl0WCDTM45YPLWFuO3txK+/t9gCaYItxJrfi5eJ5K2p/io4YQ9YNjy9N3X/UHqlLZ9Wev9VtJTMBIliCU2C6RowfrXiijE7QYJY4h0bYW1LpbhA4kCw4Cu4UPrD31PHflcipQNFNdGvTL3tRlH0iYorB5Q84+VAG39izocl0kfae3F4fFkNnkqNn5nmFChwWy16eINp66d5seSySuPcwX6Gx6ArDyehkxCBYreNC1YgLAhSA0ykU7gie+73LGTLINjrXwnShdBDczIH/bnuFS45k5iZ4PrSo0C4Sk6BGuu4m00hjT9YtnoaW6gQ9cxhf5o9JUv6iePd5OaOB3ajk9Uxz8wZoHzjX7H06kv5FEIfZKEDAuGQ8wAYKU83QAF2zs9AZ+iQmrWTvNzMqbUcTNMrQbH7d1ehhnqvUXWWi2wGbboRPiUJCBGBIKmF0+s3UDRwV8sjh0reubi+PXEPd+LFaz6ZMT0J9iDvNfxaElDRvG2vINR1e8TSOnVWZ6GYd5U/H9RcZfaDZdg9WZf2ZnoXX2hxLAOf/46IMVykw4s7v5hHkYyY/Cgio1qqkk3I36FmVIdf+bTFBxhcBMCHSoKs2wr1q6miJHY0rTVOCxh8O49rbH9XOUSYarBpDkc7w/GdP8C7hQi17eSE2J1097kE/AGghfN3hTlArBKqP+PZ35evPWVmuT2bskB8UGX3CaOZmowhAnJ1b5q9/Kd15N681zJoPrPFsnlzFRjbLRS8pc3ay0yTZihdLys0+La3aHoS/n0jJiz9ZzNP52Xs4XV2klI10D3pJkOe6EUtCzz6LgWNEnXFcwGDBsL6nCmSw0AJXCDeqcXPF7MijUOOFb30J6wBcXTgF/SnBoLDK0Tx0h9P/4K9/kL2AeYeuKdW166p63rnnlR15kjBEZVfbL3ceMykY3EEgPVdGYTik1DzSo9YtmkU9mCQs0gi9yGWKvRXmP0B+V8n7ub7788OAeqo3hUqzt2ZgPVpRnFr/DaB7IXjuRG0Qmt+tzq4Jz3TMZb2aCzYVxzKlpTAHKjzawkM8rzOZ8VAQDiTJy9L9B/xVQX7KFASG9Sf5v5zuwtQ3qPIbyewDOsWXzuATry002yWtHUDDm0HlICKV0gpbvCOcK05umabQeqeMHMSo+oiB3rrmk27nIz01V42If+lP0J53QXfrA/QMDMgC2HarvkyFN0ysNB5RqyiNN7ubR0FsBra/362CVlEWPAuO/4Ck8W3TG5kJbVR6/SiTZJE08mGvDMRt2IAC9fPLgoaEnvqkKCo4ufuFugaVtPhMYbgb+vX62drufFmf8LZ0tYrOLRDChrQwp9uLEUQ975AUr5ohYzQFW546wayL4N+chmb6XTtLP0/DwzXd5VaViWgp/gPTPvlG2vEPqcPwojMtBBpuM4gy0UmICD1bDLWkfsfGkUcJtoWCWnwiNDHnvgq3fscpzjjyfY3OzmTIiOVfmJbITuAShKlx9xbKgw/SpZCQPCCfL/ShrP5qRXb2m4IwooxsJRYjAmnNVTwB7YjSfOHNy/Q12HXAE5HHHlK6y6YcQvw2f2PzYrXzo5k7OT3nOCHUtWaZkEPciILS6Sd7tuu3tvTpEuHruB4LrXMEibrhLuAebZs8yF4M7WvBAdblr7paKwrqjtIHAlfYD2XnaDa4jEjmq5yGNMrFpE/0okVHLP6G0lEvnSfMqTUcbkMvb2VY8syJhgDGEGKvd54Sde1IjyR70RlM08nZCa9Kb2kMF3wQ9BZcazSK2Q4IlAR6PteARNxNOorjsQpAYEaAC36WpRDGUyWHB90f1wI1tGOVSNjR9U/YpUj4U0uQsxiTP407wyGhnfpNzH1KKcFMyZcibaT/XiJssta2TUhUQyBlzoEI9Ig/8vwyVTWR7xs75RkkeL6AbMjG6+G11WzgbSSl3be52V1qhP65h6Dy5kadJ2BfuL+n/uATn+AQdjIECVv1HX5PGm6w4ptoE7mWuFmw7R0Za3T9DIIXelx63tk8VkRW5twxiKSgrsuv+WCiFaPritmvUPYB5ouuA0ZarTbsACEz2PgYim/7Fi6Vr9r+hJFwfLu/v0+FbU7hY70OMGyjAL0uyxi1oxdKnKlVhnIdn0Yrv2Yj8DkEn0OkaOy7XaeGOMco9YYlnBA8qsv2h9/K/gp1CxG69koYOEH4A3Al0zPvB1xVD2AWGSAI2Xw5x//B13SnCXniQAwnQXjBU194iUBoSZ7TZ0KQp8UuBujelpga0CyO90/EDqmFMNNxtMd4wu4EX2TCCwWE9SyhXwTrzKfPo0eqh3Nf+0lmpeYTpBKViH6OhvOBFeZwRW9qP/Pszvt/L/TMpsWQIzwaOBFUNK52YOMJq1PEwog6Pd9J9JU3uZsFT1LRMV9YJExaMoPZ/Mgo5qS28q8lL3b2ELS/TrOQgv+I2I8slQLIekGmy/hW6x4TE29vBPAtIENWEWet5xtHPQybIwO/r+DnK2vsl7D0rAbJHVIoO/ELy451Xkh1gUYYeoLUxlbbGjlukBfiBe1H6bc6I7ZFQZ3OWLdK3ZTAGAE4mnrOoaLn9Bdxe+lNBYMmI0rtO4kxvRaK7QjSEnut0LUn56v9BDUJXF0WsduUHztahyzmn54L+48do77/ErHxjWN4mfMLKSaAddDjHyVgHkx0JrKdxLmrUiiKcaftnY+KF5GQb423MSV9oTEtgBFT6My52GiV+rjf1uee16MpALbxrSk7ydQQ82W6rcWqCryVEcaiJ/fEJrFGFmxYMjblW04SnjWYdyRt0iQaEtCDeY+5i8/U0+CrlF/S0CO+OFq9+EYCj7L/B8bbhYI2mVUYgoR7AjHU+TsKyo+0Mn9ud5SudzeC1MMQBoRagycNpfPqTK1lgcum7ZiWoiC1hkW+eP1LskCeRX1v56KT9P7F85DrCt68/Llsc0DDoESTsdHDgm9JOChoho+PW7b5UGQUUujhE7ir7o7ouAApsAj4uS60MWCxnDFkPTjSrAQeFEqBJpAiiXcxzojziX2Y0mmoLgBhEMs2HaIFdr1wedQ0RQH+hsG738pzJPnE/9cqJxW+ImymnvFK4KWpxABeP+9hX9B12FE49Uir8ZE2R5tkhNkFeeUpHbuhs10IWx8DN0WSNDRXBZ+BEn7RJZTcky+31gy/Beo1OwxwB9Adiu1bvp13RkKSgJi7TYuRz+IvJqIQ7Yf8dNiyPLUR2jTVUXM3ndOX5uskrfBOKaZLe2cX5SUUZo0dD7N6aNY8fOEBwijfW+cXtWabYyIX/1UL3at2V1OpnUVLuKin32Av2foKcRhZzRCfYpfr7n49dV25TnF8lVLLd90TT7HhDWeM2g9AFWX/PsavGNPXKKrKCdeFbrG6ZiJ8u9kzgZ5wVrETMN0HjfbbPttsBaMIOY9Ns26yTatf/7g2XbuG3b2eg2kc/YmYwHxoLT+HGLoN8jSFFCWEPDHzHhnNU4XIhUJLXcVTar+rJG7r93eyQfS6oA0oZYEOkyNmGGx3wr+YpYLrOPL9RZduPbVg/0ZCabnwAUTu5aKDKLtpGStCLEW3+SSV7dlfVCLDz4nfCzRySBDWGS5HDhkngJFhuDi+IdvNd+pi8PypUlCUm6gih7N4yRqA1wlX3DTIU+zhIPyvsGPdOEBGbizRVP33QzUK3asDkWJlaumBbPhfCeI3fwzvTjLGnD0UIwV8dIKZ0lp7uwjmgSoa2mgDXSXgojk0MyUVq2Kz3u7KjUrjts6wWXzXgM9GVpXYqdaLLhGD1k1R2XLeekeS6s61PXfDr9q5IlGwQDu61ODkTy2TFpGygYA82f80dOgKsSud2Y4s7kF5oU7CuI7X2zymTh18alN/7vEc1ZWb13H/iTfEXXZSyhoTisTfAflW4KmorqDjo6xra9m3bm4qZ3G/p+34VJdhGhlhLCJKY0ZUV5RcVR1l1c64o+lWQkPbns7LfqDV15oxEYq5f5ByXOBC/bT5jWiYptF2ExZe/Nbx0QhTIhw1Vq+TPnFZnsSKjR+jK5hol4Ly7E+4r9VlnWoCQId0ESMQhaGU3u2jzDyBG1Kzp75ra0kuvexHdcOLxkipaSew/Zi+v4p6BOuNXV7jz8GpabH0RfMmEhM+InKzn4Vy6aVRx3X1bDnhHOjjBxuuK+9mhtKIwU8lAfgLnf1jQkqrKcFAZ4ZQC/D91YxDrSrDEbJRVfr29I8f87T4Ula1134tY/LqssesyXN2ks7kXPbE2tWdmJzQwXZpSv4uttq4SGHFMHW4HPmHPWmULkf5+zNWsV+S7n5b7y54+cDnnYvG2fG+K/g6NZW2j3ZwjQ7ygOW6+f3ffhQUXiJL4zHD+osNV2Q6raSddJYQ+lr3CQzixV6Hlvu4RdO979SOU/ieifbn0Jlv6yAg0wQpcyR8wLii20cee8WLoZn7lypDE4trWScvQVxsHuXML6QgfyrUrsi4BXTgLh+Umq+MdG0N9zYS2bHVBkgkA6EYCAh9tjKShsmlg1u6k7hc4UKx7H3ffNf6KvbYA9fIXr+g8TeRN4vwP5Sj3kPFKZNvTKrkpSWVsem6bQnk3sGsswn8f4+5tu14Tnsc/9HrZI2YiqCqylqBaJi6TkHPvsqv6j2jkPHe5N/9Bw7u7JzjT6JjlvlIP1tJaz/bY2tDeF76/YN8HZtf1HseCkgBNVO0MUp9Pe63TM1tIJ+mmp9I7w1Pvm99RTCx52mqsidi5KCZp4lT1OoPLhMQa7lZjWqHsAupQs4+j8Sqx8Yg/SegGO1be4WvAmrF+M/ypdMlHVkDZiwAizg9nkShcrVmAApPAoQ2QaXSItq2mL693kQnyRR7C/UmvFgW/DD7/UaoSoMf8MIuB6xTUpUA9nJjI8spgPSdJ9kWd5QDyMVVtyJWyAaH9bGYheLcqsSATTUB24ivxIEfXBXvJE6x1jwgw/pa/Y4UPmJnC/Cw0yrQISS4yxrKRM6TX9YAxZ3zVqnaYHMSpRNTL9sCbxHnSrSiWno19g3cmMz8DRgnO+6StwJxYDYlP59wmM7tzYI92eI2nFxhUsj1X7fZxJEZ47NCSYLXnwDYtjZirRymO8rL27ax22mjdxQdJ71MB5htwVR3Z3PkiM8fZgYhwAxjDa7hmAfRP8dGwnJ2Si4n2tI/evgjmu6NFJ2GtkgBDjKgW6NvOsPSzwe9KNf0vdQNwxXeMbq0NdNDl+0w+wiHW0FtcUAINYPRPC4BgaDtp+vkeTv5LO/9xjaO0jMU3BnP/LrY5v6S71EDNIixBI3J19mMiYfDgOVe58In2DesvxjKv+npmy7cGjwEbraD8ZHlcWt+3tIFl4zDAyE1KL/fPt8J2J00VputGHiS9/T7xNqGInAe11dGBrbowfqLEuHC6sXm0c025IsC0tgjpREQnJf3eliTyJwvzEQCoPXrfE2XMybSyI9Vi8R2YBMGMj4AHy1zLTUPk16Ykoj+w98lwEZtZMXXnN+w6h7UdmmExwwC9ZihQ+ZisY9zMrXFFbvDdqxSJp3224imbRt0RDTL+9G4x58wi1oaVzX72Me/KJnX7gaz6s+WkoWSCC0BYcsP3u/jmr1o5ZR+i1isXF2pZ+23czjKKwGlIPfnUx7NRgqASl8MRT4klgrPEqIduDN8/gP2BYkdbfAsjUAaRaEIlLk7wprHmrM8MZUwszER/b7njhqoweurnPCZFmF7hekeU1spaWfzixUawCxGNDLOoxMnAjVblNjiSppVNRxzwkyh3yDBtBw4zQfDM+bc6SqsmfFFcDIQmvvrlzMKKp9C9C1fEJKWY4ungWvAN4vS9qEqfr7cRQ5l+jqoE1q3N9fbLA/VtIAd8e+5+A43QJeWWBzZKnyjmizWIIpXL8bIrTsWDxwr21TjLpP+vW4FwfkDglS1E0nPI8YvNmz1OaK9AeQB772F4p6uopTnKhVvLEguAOTbHij+unfRyFU31i8B+wf9ViO68Gf3oWJ5mOCyB+IxqYskzP8xkCVAoKqrmHwoOqSHunu1zH6aM4+/fgY/kV91G6X8e3/8ofuTHY/WwU3ebLV1yJhdjgug0dhMmi1ObKgjVkT3RjDcT6b6LcztARzKS7QnCoYyxoKSy+5Xy+j0qwrrEoTg7YZr12GZbpmhgwvdLRzraOj9jUYefNr5/Lc3X7i8D6V9Wu8qOG6/0dNezb1L4sCzyVZKmbKBvp/g4R2R5filClhCqBVKN9z5gO6Rkt89GRjW0xaw+cf0bNFXY3MKsBT6cVafirORYYKxch8LYOBMrxQbhU00UhmJQuTZPbGuroXDhyZA6Pr24Gde5ciimPv3l2jA/+MV4kOWD4fOO4tf6OXdpn+d1aC9DuW8DAu+LqOmFpHOWgocNWsh8/M0Ww0K9VYXXzBFkPbzNFUqjtcpyWRye0SSIOMibYIC0d4lJkRjzkDJn4gEK5bSAZE/2fom5cAMcfau9PijKgdOam8Q/ru9g4B6UKTV38nkkM3iWGr22R2JrOcKMzXpw/lOcK8KqXqnpBHeIbuT0E2KD64Z3QvCzqmChcteGwxiiO0voZSMVKEF83xMRORSw/ylhDPCMmiHsUVPjwK4l+s3683h4bmQ7mgPieCu4g6EzALCNP0WrhVKcpp6kzV20LFoUSwqwxOCeLudPba4mUi05KvHmzzeSHfiV6kZ7CE7tqw8wAGJUvEZRsmGKh7dlZ4ZMq4ED8br1LiM8sGBVdPiUYaBlu4pcpW8diq4LWF1A5Iu6OUQ8+UUSXpH3Z0BOYY6wke2Vl2Bz0kglqY/bn+E3g2weZAMcd+TgljTe8OrCgTrfk4KwD4VDF+Myn8MwgHbym7PD/qLq+d+f87Xt7tJMqVvjuoIkmptwL7KtregTXqAKsk/OCx+qbLuidWSyCrV1T3oUWcno3suqFjXJhlThaNvA2HL3lT2Rao2IKcpp4yfD/32gwjXitZZY9+1LnCp+2daIQbddSxGRc+5SfT5+IuQsuPx+QE9Qy5xFgsLzMZciwZ1VszwQvq+dXz7/onVWtlImPBvV4Xo4fdvMxTwwDTuvX5nX1lIhXFTTzrxfVWmfbiSfG7y+ft3lSdRr48ejW3qdnpZZMRZVj8PFz4lYN8zpbSqL47FarH2Yv5xne+F7CiaBBrCcEQrxu4/ORa9rmGKSiutxIzwpdwqgTwq6h2m+iv6KXX6e9EqnrVInr005xw3e8qU5zTvtaWGyJTtuUUGg/n2ks69xOP1H/3vq9BWWNWTXJkuk9QjkXLHYRYxR8bITkc/teI+1DnBK2G7M4QwTCIrmyWfGNVd1rV0v+qS77u96rlkw8i3TsqyEBUNUawPAICNCK1Ohsk6S6gLJmY4SiwhqY5pGUNsr5kUmQEuCrvLcbLIpmwGEojPRAip++wk4geJZmuwZP+dm1+2qI9R7GTlZRYKksJAqmNFSi+522Cb4bWFlojNfjTRGuWjjMpszXFfGyT7nnfwV625dikAKx2TckMM9IV1pPn7ozX/vzr85vQsbHUrROZpZxhNgOY+UqePb1RKHmVzk8ctkt1jshBye8ERW+9xwLl+h5x1YUn/213rScJGPw3N41VTWb2l0R49FB9BkLWjzSthiiEeLx33AtK800tzZsd7co06pLwpLCxqL1GWXyttZIm2AqKIeiChV912awHvu5rEq6sNuHvBjkDFKRIHwIN7OKiWxPX4mHILmp360jIS+eFQi+LWnb+OcZNHxuT3JkZd3Icikm6H66GGoxKIJYVXm2M2Wi15xxh1FCbpG0p6JxBDKyWbLcFdv1YbUyxM1uqPkfxH3Dmy6EDf0UDHOEMf+ZSUunQP5crBg9wChrPdDaIdCUShkuyjBt9mKZE4ypLCCv7wCeo9PreXuxvpFvuCGAMgA3I56q4C25E6ORzf02gopdjfSSllJFzAb0tV9zdrxDHpAQzoRuQTXWgmzKtSqIjHNLf2iSGYNb9l8LLBBTKA6qKD9Omyiv+mxXGfRNHIGJCIl81nldWtgB4Vipgr56mvGlGNPbQRTUYFkwT6XA6bse0LRpVdJOfPAMXVEe069pB71nsUrp+QcFuNMrRATBjil3w60GMvY8B2MqZ16lapy4wOwChmnAOG6vPxpgpt9qgtGJVb8PAQY2h5ISMoOYA7XwbUkrmc+86egqepHlEb1lICc2/2AFoEWLeKUclKP7R3/4w2ptHjfOYwGLvp7BJxxW+xC1W4dpkaGPlsrqIH0NV/5+pbjX5wromkk/ZvSm8Pf1cDZFuuXPQaMZQ1KjWJovoBBYRY+FTHVv2BISNJVS6YA0R2Ec1+G/hKceCtdOXUplJgKLOnocdkEYmrj6g3cRta89DYdn+fSRJsyHqEU6BI0/19n0C1wfUR1UDSqW5QTtLRThsOFa444i0uMid0mO51XcrSQl1q0kbxDwQgAWx4kvxPAeVbvWjLwuW65ZfZpHfEqXQE46bX1YNJWxBwOmdO03RyUEcsPzT1RjWoAuHjfum7SDwiRPEGhzIHfjF93EFvPP3H2UsaS8edG+n5qt9I2kV44DWQsZ7NW26H7LtdrH9CDJcsy+ftqn8u73dzXk2i0d2DGDxlhexklmqJi6RLE8gUVxf782eF1v19EQCqu/u6ehmNpYcr+0KCWck6hVYfZQr9i5Wa2OlkOW4Z2ITikUswl0T6rk8pS2bLeYKuS45f9G3cALocE3IKeVgpS6bwNCFHRNj/tt2sl9Rf9qroUoEkhMKTQ/64HzyRTa8P7/n2VNj6iTMTTkHNMhow1je3rWaj/8/LRXAjLvP5r1zQAJbTOc9JF2CsogHOpHNgNOUs14loGS0B4nsTaxFXoWd7hq740g//DoQMz/i8IwbOlNdhSEUUTIRtu37BSQygKhJ648h2ZYbclHxAmOXmgpPyMfFYwldjYMTdSmJmK25IdtbbHPUJlhAeuT6claG8tyEPwmzBtlVvwEuYKrGLkERq8WE8AeKwZ1SUE/701VHSBF+IXjECfOzriOoZ5vQ4kIpXZU8LmDPKizrzHz5npp7bWZccBIDNOfgwAJ3v7yfji964pB9wzGx2INvhjKvh4Ag8mxBiI8JX4s2jYd9nkQ4udPLk7xcm5ynceQASAqVRir0K2v5U+2QxHOo+6U61Yj0BPMK6OOBEbrXEant8aNflUjm9PcxyrmLBxlQBEC9m0FxLzG32+pvL52RCSlD9mTP/ioARS6w0Odjtf4r6HQtflUrbwZMgTLBXE9pxNsVFnYLU+MJJkR0XVq33AfS+OMpaPflNp09sLMQq0hpoTZcDS9HfjYP6bh1ouHqKqD6/aQIUicoLBwNog3nnqICjPYDJcEJb2Tnc9k0FykjJGZmwi0pyLbBGiNcvnAWmXqsTPE7byOK4KBLVx8GR9W6Os56lrHD6acKfcfry12GA4jSDrysPhKDVg9vFylKO9Se/E0a+WjCJxqQScT+yUX41SzE3hWYZT60Av4uaVH+z/BiI3dsC0Flg6G9B8Wpgqk5q+2VLjtTHdOYpbHnfQ/Fnbn3RlDuE3a3U18wwiMiveQ9I/6oKYfM4H/LMAT8DMbLSR8MdtHIq5+SL5kQg8FjG0jYPysnJJytaPM1XUL34uhcoJHQb2c7/ChFlWCZychpM1/gkZK3aLN0GdVzcN8WndWlPJ7wj5pX069Bmnwk+btKh4OVZtbMsrMB7qWHetaQmu2j/ucw5sbBWrUH6Uuk5Btbhq6rL1AbTP6Os3Bw5CmDMOENOfZFOSsapRIh0QkriOA6qZv9NkcQ2mhCzpw1wkjgEawpz73Nyw1xXvHccEOJGh4HDAATqn8bP6FlMCCVOXAZMlslRUWrCwntQXsXno7l4yccS58bcvpEY9Bi9u9jL08epz+s75t0kCWa/ag3NNRQckLW6kpqQbisXUiOdZXbW6ISOKpB500vTT/QxvizU8F70b6XUwF74XuvbtzwFmPjFjBVXefn95eIS+33gjQxIKwnQ++xSBUoEvw85q28oaMk0n7AMTX+zXYtLeZhEtTq8+EwvzkDltpQ6EDoCEOxYQNGG+5KVffx26+EmY0qwTTxJZvLy98OyIhOjegvangrhLxkNkhU59qRpxLR/qomcCKznnWSdQKmkL/dAoVj4Mo1L7TAz64AAPzd5r4/VPq6TXbQvGrEur3K1hS0/NDjo8qoIuKByYC2g7iOwiYtqQiTiCMGKu6k8INYqdoL6lepvTPtpTbyh6Wza+hNhTcjO83+JNIWOm177/F2/2NT25iBB104PeVdy71uSP3TcxfKMPeSF1YbkP6gGkBUHEHLxWFVEoXkBvGkQAoq3FJ/e969vcElsCK3+rVwsBeCzJXkGcyzw4ueJ/nIxD01LinIpwuY1vPvh/IxCzeAuWUeI2qVpW9rY1YI45NG6+2+HDzKGhmGU8yLncSGBJzy0sW6k+Dntw2PBNCB8na3jGomXEwCtgAtxNphSHKfbAY5rd2cCqPHTB9+87SDIaW33eLPeidmQ6Qb43jAlga7iZMhwTbJWvrHmQf21NDf8mF7ujRwClTQdeD+FS/Qoa8P3f6PE3SyJR0+yeypM1lEr0pqSFlig11nIyvU/L4BPN0tzVCKVRnfOYeTWxdcKg/EyWT+hS2pn09SoHWvoTd1z78j+UC/kzgtnlyYd3zCAMwUvx2NkENIPI04zpvS5kjb06smXF1Q+54beDI2DlJHg0kFzwnhoE0DePTXBRzgDGtOOKP7Qb1tx74Nkknl5J/ZBQsg2huQZuORiyFR00iFVBnCrEuamVdm3xFXvRS6aGptGGooNqiqCur/lXeaW/LkNfQ/+RuhoUjGJasJw9l1FDHmvSMCzi1hsjm3Gsog3k7sc3JYTg45cFvxBAHyHNzeoQbkM+MnXlBeaw1DybNyXj81tyIFC3he3vRCdiLhro8ONGUgFNpItCRSejtzyzBzL/aPtm15SyK4dLGNxaUsKsIa9Afj/1IBwOzbKNkUfyVubM1TOHEWJkbRi5KP/ovc6l4vOGj0ZFUVsWbYXK7ObUvvmAdZ6zu6OtPZMHLXuGWeDzyYrLe82hnSVSUMP6m+8pPubd/MC+l41+HyZZ5xdM8mmIb5gtfiIKx/vBZA0Z8LKEaZWWhrc/Mj1v0U5c/kAB1keuxW4xUvVzvspmf2OiHjCQ17uBCIHHcuObaAkaSEcslrmoyryeeTkqw/RuwEnyXbugjKM9N2m96PJsEbSbac47oUlDEHdvBMSQuaYTywYtJ20p+7ztWFNc+CGwTVs6E61ZXlUHiA6AyA4DxPdXvFZpdWTgW8ZxoLMEbJEkmRsoW+v6r7iC0ltg4/NbGudAlAs4+sTn1j4m8KL0DmvruEWaSfH8S3TbxMxOxGMzL9PnRIGSBC3RZzb8agIz/ffnihG5+LV8FwzNK7FBxFwEgU68DzcQ/wHnBhqh6rkTorOsCtMlva3o1fmPgQA1PZWQiHiGL+sHiIcxVUUz/cLHQ86o04Qmx0jncyctirGjqaSeHWYhjImveRMcBqumFO41qOf/5diak0nKGoofd8JlL3YQ4rjZETAPw9cH+QyHPiVhnosDjs9ScdSI5/buMQrX8Q78pOejz/OFh4iio9Dvxb83NM168qYKvARaVoj0wpkeiekuQng804R2eLr0b7A9BnsGeiye2nA0t2lAVQRKxhf2oOK0DHTYRpWv6AVWP0Z3O/CSR9wsA4g5ZSJj9tNAYeIhCAYyo5uuSO09H0JfTYvhSLjW4nq3BlKPmddg8DboLIM79yBNYGbOEwl7FmRi+hl1snln8I0Tiq592Sn13aHD3qk6CJ3tB7uTdcizgA/VLQz5PWkNjs8Qxjsc2RaTmrZxzDozeimOZtSQ/hnKu4OZ6JmeZbLOZaK4RG9cmBm6gBcGAB7CyZ6TVFnaBMfR060Z3t9D0Xkhxfy4HPxyfgCpeYs4ubV2wFmfLgXGvwRnb7jyRfmw8+02pOwYIjvx0FBKyk8FSAb5iqpBYh0uxN85oQpLQyJfKGdePZ3tN/SM7J7c4NxEwXm+37wao6friCayXt4DVk9tklnm70MYJ/qQG1BvO2+ya+I7xHXM3TzXLB1EA82JM8LPBvXohcqxQnNIDXrHCsmljrR8JGLnBzMx3/hZj+ZfQRCIT19tGjFpjCZnVkWxgqYcKMnAspa8ov3gm0f+OOGfVisZN6Q3AX5/GVXTSEpuEU/O15epHXkUqmr+QirYwNC8o9VzZxvKwbFhUMYPR15S2oIczLZ35Q26MHz2fG84cVj+n7MkzJWvOdgPXgS+Kt4YFvlEkst4CpGUzoDYEbQix+1XB9/q1Kd4p8/Fh0DH/KxKVKilJko/L1bXtetsOMRJeYon3G3W+/z7uq4wreWwiuXzQC4nslQIzwSAVfqFFUt1kgKXPexZC6vQAwGYfGBfR5qBh/M35ARTPfjpHZEmq2HoBQ6QEPanUCoY05SbHmVjv+HJX+eszNKIaHK1CF1vGNm47kzDt9YozhcZCa31sNCz1vQdOGIhjgGWZ1i6TYw9L81BsKgcwOtwhY8/oMGIyQRsbXBn/erGlr5OxOKbTM2l/ekxNP+qpdJrtJA7MkqrThCpn5Txlccm/Bfy/4t5ZBt03GmKbPyWN3NfU0Ka1ANpa0APTZ6i/N/1G4v5WKGVg0uUP1QU/lrqBYGcQTxgqoQmo7YcIlLOqa10ueQoKkDk+KL5H4jXdisDduZzNQGh+zxnekALuHS0fh2I4z4jX0IG0pbuPk6q1VtS8cwJ+QzZqfmckCZpbp+g9wZafN32vjP3kcE+RPoQqZ+IJvOOqv2+0tf5SThX8vmmqqznDgur2xt2KMM4YMm5JsgD8A1vSVShQIK3iGLI9+eI9Qr2y3I/ep6jCySxSXnstqJz/KgjB0tHDohwisA3frunxrE3VK8gQryrjEs5LPXxvkQDsj3TlaCQ/1MHnaNHkqPdb1gJQAOKp1C1+zmrKmDGFUee9DzMIPEximnR6uJf5157SI8Y9VDffuFjOlOt7Cbrvpli3w9Y2wmZRMdqfkrig5/WpsR2P+Rfg3D7e5qJ+bYkT2CZ/bq0s+6aEA+pEx+eI30WlDHl68DYbt6cofjilcurR4Cct0FhFnBQBNxWLDW7EGsCcdI+1J+8tFhiXq89I2pHMma5eSkWEnzyrJASDb3AkprL/mYBdsW1OzjRnkgulWM1b8bp/lOExs39powBM2AKjLS+fHJJc5oLkunvH6P//ovF03YCeBVL61kcwFMLE3UkRTcXOnONIqShOszsO1v7AL3LtvGLT23Vf74euH32zYU97T/oj5IXTt1H559hEMxJhwjQRucZxVoLqYOJB5IUwvHDxhOO5mWsOmBauGrv6RSOFOWzOH7wF6RGUL97oYeOiC5I6p3ClM26CzkKFhWuNlA2cvwIiqLVLmzDbr7yBDHijJodA5QDRuZk/GTGeZfmA3rOMT2kP/8FqnDMvDWcB6jYLa7nRi7JWUpG7M/4Rdj29yyEAMs9Yob4og7JqdK/mk2xQvZm/KQ5HX34ShMD3M2YigsWQPDpuTLPzVW5NwwkX4MAu2fHHmX/hlH8z3Nfx8dKhx3Evidzud9RsITK1LkQfbyhyIGeWYzgm8ef9DtIlt1Xh+t4VXw3Ep+bk+9ZJIIHBY87GH5VCX3HHDXaOFHkRTJGWmPM/t0F7eDt7d9irEJDSMA948SwXqUL380kTpC6jJ6RuBcFVKgJiPvao1HcWmPcVnp/bbZavW2HmQkrNbMz3jTh1c1fKJN55cL+TmDfl2ZKEvlSe4bXMZzCvo3rkWxjfizgKgLaK5A6oRUbFokSG91bIilG1N1ImWu3d2F62r12lWbjWdVeK4+SRjkbcKUIL5JeovRA98Xs7ozL6A70ucYz/QwSFstcaJ+06E+253qG8yxob4KP/DNQyBIaDfJNk8E+IX1Psh5dP9yAntFvyOoGXGDoTny64etjBCXBXzVLCbR64sExN1/AgmLsUu9wdm7slu4kINUF92z6D3QPBqrKUdeVRTEy0GMw3JvxiSy4g+3734p4ypyuGGAekv4vKZrX4JxbE0wZwm4hFQ9t5kVlXwoFh8Ec67a5zSFpVTrF6f4ZvtEtvdpfTK/bEU72O8pBmEIHV65umujyD/tWm+xXrgA33eHdjlN9Q0hoMx0sPP+thQqieqWkFjA52U0ELYZ5SLZvxb0IwlLSsbuL3kDfTBqGO50qwkW5EJQ2CcVmDZ3zUt5NoC3bn6jfU3cJRRnz+evQWr/fKYSHub+yOrPta6VI4O2G+mZhrUaeuVB1AlYowk4WvYxsoTjvP46f0c0P3ulAEflTN5jrkHJfFPvGeLQoqaVn+BjeEe/G6oXj7xfQCimCAp+fXS5fFSu/VYviwwaHBmuGfus0O6iRYYr3c6G252wh7cjU2fUrR4b/m7UiTK3niaeA0CtGE6TW6gV8bAFhBX6X4k28qVSjxNrvZxoUh5lbTrrH2mxR3lRiw9INd40p270BDQ8O4Bg6Qn92fQTowY+p7QPAPPkBwmNHdfI7Vwv6B6KF/S6A8hFJ3yMasE+cMTpHJznu13pzJcR6lX/4JriDCMsMxFUxrnKusnvYBTt8bzwTHl32HxHJDg9jyvP1cZHnIDKGSwunGKFL056flLAPHmYgP8KhzISX7pSIIOie11FoqiZHrpG5XYpPDRDrIs2dImh0toYuzYZMUw6/zCKQ9v7w9xTU9G9V1Q7gSUoBWLZbIYrar8zV2SpVxL9kJD3c4LhC8Zhdx5OvpOD+oqVQLeTe6mtjXAgXnbqi/wNPzq3v1H6mzvAx7KoRzfXza05gMm/v/G4rfI6jo3q5ugZjJ5MBKmBYvqASNgois7Q3Sf7fkPp0teatrijAyvp5xZ3pn/UkdZXj0Bg3DjhVMmFx3mam6ZW6jyStcKsLALDoqvuMxg49XzWXbDQQrDvhq7P86FVsXqofgYy9WxmI7VHfxeU8E/lWiE/WqRdmtr9PRzPvAG93SMMzWV7cMrG52l2Nzdq2nzHJVPZRtAIBjpOAP1q5E4PVSq0x6+IHerdMZGV12CHYxT2fiPaz/h2vfxqmqfUonJ+ciLzz+yksTtCTSyKU3lCpDBN8YBEMzlnQ64Op8jSMP6B6ABkLmzmB2caIiDU7JWZ1HisZNbohl5y4nwRWH8TfnXFGlypayhxMMfX6ZSrjLD3E7gHDycw5XXvAIQhGGhxm4wgGj8gpARpwmqXQSPQVIOzTMVNGhgmAY+MOtljWH/rM+RXM6/WRhdc9RhKbts8xFaSGTsrNXd+hOjBPYWUKZ4LD0JkFKFE+XFM5iZhwGktyi4f9pNolYsIgTz9D8ny4hWqUA4V/umx+XUonrlxcPYmNseW0pTDuDR1l0t84cwL9jTJb0DAiKvBa+/JrPYMeumticC46vRmAyMFkdpiVUqQAStsmS4ofuLPcP0Kugq6YNV+/JQsPX5K3BrrF9QNufO3HONGH2mvWWrr1zNaAV5m43o4ZCsODa1hdyG8S3KnRGmHOpGEaQLls6rFAMVps7JL2X6Nfyf95uBxd1INQu1XBOcAHB8XCDFoVX9c6cA0A93nuXtTXPLaIXcYlbm+37JZwZJBFaTOnMCSYy4KF+MZ5ssmTvPbHyNd1TmDXOxv9EERgZ3+Ai4Yl4dyJ3dn0uvc5LDBawNLhlW1RZr02UhtoRrE3es0DCQCZ6fK0bVCuAWJUwtwEZqBH4juqAIEOnXyo4KzrwkFkotCL3IvIJkXV7iI1oEKFLL5T8jfXuZo5PyVtbq6hmUeyAP6KpA4jrdZDK8r/axoMVAy/M9p7/vsLsVdn0cT0IICSGWCt+vYhcoEVT+J4iFN4FbCmcsEjN9TAODY2bQAJEuBAkktxkoOzsOifWJGazleMwhZc5/S3aXWpDwpNvWvaW4fCNM0JZx+vZ7KVdYSsSZFQtnv6cnH93jdwzh5vX5cmqfT9f1cDXxinvcyGKwG9OpRYhRJNqJppEJ1LVnmGtwak8LijdPThNw5xyWfI8QOS5OUa3QWGjyZclADQZR7RErbwN3E6anP27XktI0caGe5uC0yUYj8E/TiyJq3mN0WKCpFoc9MF4uNLwshJX1VyH/DIpAeudI+IiRvYp50lpc7ArSOlBP7stc//vBy1ArfBLR4DdLpqNhmLAXMug3p2Z8Ufzwy2ktjHCfVbTz/TY2w2ZGxJG7iOYPkYkUke55TBm24c7C+WTlphexImvyGz+GMy31rgi9kL5JWty7boYSL6TMm0QsKvPxmbTpXIy20S5BSq+LmXEs20aJeuXfaWKUO4sChSuHljSdxku4zHJVB8TA0BsuksMhxwGYX7uBfNQJKGETZdOEu97vjbePPcHoBWO+lCQEs9pKtmL5oVfrYx4v7RlBlXm2JUAxzZyLYMITVJK5kJTthk0VXujXedR4nrC3u0seoDfEkHGpl2Ebdty+5VZkoLnBuPqGJM3pMngzNguKoZzmHONisc7zO6bgL/ZLvA2owMrQ0BR9pgBYR+1xQq4S3N7kdk5YnbZELmnHz/ChSfLuoBjJJeSOFqefRxaQBR4K4uOLVWbxbLwnmVdppGc0EaY4COt6LITpHHauGmfZGw9ylUxln4a2j7MsFR6B5Fbn49csOxr/kwmqM47qcDKL1vTWAL0R8YMO0wpv/oQmoE0IfGd7kQ8vWrTYLqSfPY+7nOlYGtsLp4m9Sta5MLFRvK+qVZPd/5bxdaz/4nzYpxqyd7Iy2WuAVhB2zkg+7LmjsgrPiIolca2i9FV1mYmxTAVlMNz22fEBzrSyvUhmNeQyhAXYo39nrRg0t7QEw+j/ZmQzUPRJGcvE/yqNuz6S2R33Im24olIqXKmAlobkS7TZ4X/hrFO5Re4D0sxPsSVzN/i9ksetH/qq+9K/pvr6/OZwJ2+wiUVYyCEpi0FxWySjMigETIxlLnoDpiYJTfHFHbdMXsqUqM1L0s7FaiQeRjYmNISb9GbA9v6i4pQVKQJvjoaKg0khHQ8cyX6tCh9EMJTMyezaICDI4Cy3Ew7ybfUi7UvJwCNDioixSo7CiZwYsQeEJkLBIzVgtswYhtTT3sM9hf+wO/XNQW74+dvfGNj9IzX/bO4uh1LEZBjFZShDx+5c/bu4i5qEZ2XbQvZGX1zQOA6VKcJbznaiRESScZN9ZaPENqUxfPnlB2AO5j1UgXvUS1OS49zDusjmT3xPSnp0v2NY+8PzSOsBd4DD3ouF8VZUzbcJgm8vfqRh7tCQt3n4Z79uZ2ReeEXdaCd32mg+8uROC3m7mk2PiTuc1DscnPSR9WvvhSt/GfAjzVHeFaXEX5OyikMm+FproxOE1dLwW4QBuAbNldmMMHpBehy+u1AtIOGd5xMnogfg4MTOjNkE2TZcf62WknrG6XPIId9eU1DxzaYOR5v1Iy3vAO0hpn+LgQ7xGl6/tQgBoUWiXDAHPZoaZdnm6k6e8M5Hwyz4I5IvsAjKc3R8QMsoNbxgXqNUK8N+6mjZw2BgyV6D2UQig2ASqLmaTiwXD2F/+uT2S7xrZUDWDtiqI5M4TaQul7b0neU7FdIIGBB+G86v/szwl0z8MsmrKaIz0fouEmDqy6ksTS/Z40ioEazEBVWJW/afPDuld/FcisWqV2Nah3s6rXmM76aRN7SyFALpO8TldfVq+34hd0uJ0n2yAT3J9ocyArQJIa01Uj7tB20mQSRDUZZ8TJ56gLrC7kTIswgGptZZ48Nd50myBoE9JYYdUmZty5GLLwy8cspzq0QF86bRgfj5le2GWxjHqGTEo5Mkdj9b5KpnGAfFnnqt4tL6dDhggzrcJYw/xKZ3oUd8u7V4jVai3AglIpHvXhS7+KI/Yii5lNAF9RXtUd1RoV5aOmzGjPw6PCES16ljEh9SlN2joaWtMAJF/llb7vyMK7EFqrvm2uUzfumn3LmeLlQtbKSJEaR3bIu3iqVRJKve2u4iq2465bsHG8sobXRZFsOmEJQUUpeeK9e59qBjWIGMuU8Ys2yFAoKkY53zZqKARGVIeHTgcJ6wy6QrFAdmDwWunzMs+f7PoLy5BOSzMv2ki9tfVu3Ji6ATTZgP/HSNbsLHGhqhnilvUDOm/1jQAd1pawISbzamRg/XnkfkezLKFQpYsSfqHV75whX3rXKkVS4yuzGTEH3wfY6wG0sdW/1wzfXTvwdhlFCf5464hIx7GtuAlmx0IoP1lrgdDJY9AgkdQOfDtP1oJK0JYywkc/lgZe260JTEuqSL4CPtu6hvclWr3AfzSZcRxvPQW7/a8x9uNxFHSqB9sPQpu1EQdiR8oMSHCjbFS6NcmWJSzX8itIfdjhO/WFtNMZgFJYrwMAIdx5rQp8d+jtIofP4vI1t5Vjc0zKBHFGoECvrziLqUiqrStrzCfpLmmvs4CUSEe6BHXx15t/R7mGViilgODIqFUCq5waK0CYrnK0LDYTAelihEl4UL6xMWgv4JctVwaMFqmTbPLBLi4WQVUxXIxEdIUK1y+wu80QavXkZL6vyf67QI/heZUdjbwI7lCuXrcW+ev/0qLhuOR1Xm2wNhkN9W6zfXrfu3N9G4Vq2Jpd3tKb+5AN/9eHVc7fAf3EtXBs4DsaykZOHwOYmhvMWcyN5h0+5wZeRwln1ZUt4yZ0igbs84SzQjDFjXLQdG9DUGgkPnn3ve/97VTVLVMX0DyOFVaVwvrsde4bf4prRqLiruHt/wm8b8aREIv1e14bur5JKShgxPeIPb+c4AwYP7Q6ZRhGI/F89Y4kM/C63pzZY1JHri2/vtBY/iATylVt3Hgv+3f3urLTrXzqh5eIZAbgJ90U1KkJdN3B97ETqv1Piazq9uyerpDlwWSQg4+/laHaUj/+uj9/ilC/4t9aU8uiEcfXU3xBCaLS/S9TButIVRkAAkaubQpLiRJEXAZXHLs+VrZPfUNxXB5jyj+LosK9/2blqCg20xRyISeMPDYHSrdk2r6m8JEkPRzL/YqLXGL9Pj9KrO54cMg5NSD8JtcHuxs6ddymaB52IxMRAfd+A/EKB8qxbMLWdQbgWPeWRBgOLgZxP3+qrL9Iu0aLiSUjgnF3EOMxqdlKxZ1LFkth5Okv7lmDRjKRZm7bVcNuS0ImTyv4FlfGe8DRx0XkAehWqQ8jzGIli7+kNEYegSGhRDkpMM/4GRrbYW/Vx5IF1i8gMBNzzywM7daJQaPjcXEjuYbmiP9GpoJI8qLeXVOxLueBk8llUw7mxbFJS3rvS+N4N8Qp1kAzASC3dPu25qu0ctrEsi4Cr28k+/8yDOJI5FpBO7GmQox2/ezwkZPRVHPBojmxqMgy3LM6dHpT5iRGLWXP6YurBZS8dFTDzINgGKiD9DuTZ5NR6shGCSQ0a55IsPJ6ujbMqF7iYS8TB1FO3HwF7TPeRlBfyKn1AA2r9pbN5VbswWJyDvXlYOLW8i258TqX48WnrIk0xeFR+/rYOP5zSaq2b3iOizH3OVZqx0n2cKuR+Fr+ama7qWz5RM+KNo6d3bmnwmiFB9CyC6iuFbw6u0TbqIKrDRkLh2XnC3wTQcbyvwkegTKsrMZ+3HuH1NZfLmYuqKzHzVbuwdmGHd0tnHKeBG/f5nBfBCsGhEisanO2paxbxWz9/oobjfhZDdHiosKVY+1+a0yMpLHSjC9FB8Hp5vPvQ35X8+3i0n5AFOZIgm+5PFYg2jt0u/ffNi/q78HSOsJw+8s2KsJ7XvZkPdQ2xS5Psn4t12TX0NL9QJ7FbbX/6rdf3M/1+AjCRlzu5R6nx4y2Zuquy+27NaRNEJyS/JWnCdt7mVu8zlZ2kMLJ8hZVivzcD5vtp9yT0Sb46hZUCWsGOfa53XAXfhRwElyemlgNrBAsZSElWEWQxoKYMzLLLCTQrA3rCJQL1w0tt6YH1XmOI3npM99MdMPtzQfTAr3SHi/FMHYi372lahPHoGJFT5NysWGJYNZQHLAsUiu41PFkQDV5wVQQrD9E38ICFmqT2qrqmlcVzvU79TQmnJl9zwYhF5RkaMnoPyfDfWaESyltymcyvzPuEvIXXd+JPCOrAC964LjkioKB3DMLxqdBS23I2DRnEbrQoct2G0jDTn/xNPya57Fx7KetMCnJEZ97yuEZphHibwIMhMlXT6FgMV78DAqXRDTNl6mL/hJSEHaFDNCRw5FPKW30X5nJuuSbwhnR53x68aOmVejGximTpxp/kuf5ZMg9qO+9RW7Z9+K/0KBtg9Ugt1MeqWSTxFGMUdnNgcf7aRW0NKom6G3bALH4fCLrlYvhcnU7RMyHsouX/ODkynmGiBzk/uMR/8KWRBgXqDaE2cSGXy9imSG6VaBbBBjkBLRHTUVNH6tbFR5PstMHG/PMBkoye55I+qJUSwUb+BbgC+ueltTpVobLrXCiECJ+WV0wd3m5PnWh7vBgWzNfdQ+cBeIbEdfpFZyVvSsm4eSqB2fG9zJLGdHz9oKpjrKxw0pfPGDcgtAdlHWZe7sHuus3FyhUKx5sdtJ382i6jENhf65fG3O6aOp2RHnq/7DJe7xtt3mtB8I+f4BnZ7v4bKgmkNh6rsesDL+sWuMfr87+p6FpWDerKq5VMEkZKVIZC2IH8v1JGQzbHkudHzhHReY2LOL2rPMowuq8Rqj6/nupv6dc2QI46alYCue/P3czLr/6bmgB9E8miUnu6ZbueCsyypBIrXQXzIYQN5rxxjt57zUUl94nWa+bxE/4v5pUiVNkINy5d6Rvqqf6xWZQR6qEjgZ7UB9LBbw+WjU6v2j7b/LgWVNPw1eGncw5R4k2D1s0w1apGaP6R2Lz2A35cD2E2C1OlasZQ5cjvHrv6YXRyVepM4WU590f1sKRy0NrqJQsDT4NVo5sgkfeDnh/n2K9Ghg0l/4yRUGQLMg31kNZZzL20euVir39Cch8A2PAp3n2C9pZLmiU4JDcTXD0Jo2v21vgolYLLuLabd97DqjY9kHoWEqKSFEA8RD5Q8yRrJVNo/ATUU6VW9zRcgC3jvdUiHQXe181dJph+UT9zAVJg5O2X7ND0SZrzgDBQ26bKksprXr2E0cjv/iManjawNc7n9q7wicmk9r9hcDpVPhznPHMsppRKbdikbFDcQYdtUVtsOCsDXKLvfLZK7MsqNbyOWqdt9riWzaDivyAYAlFASjH4psdE9Acga4UFONzu62rdDDlbhL8SmdHs2HrvjnqjSUdS2lCsZHdbg4wGbCRiBqZAa83kURhSNyWhGqhA86xPUv3nxD9k6dstBDwqn8pT7hMeFf3LQ15saVzRj30fLwe+PCPGt6JmNgqvBKAZMeRbQMn1fAFl6slesCuch/FZa51++t/GLKGK7QbUvwvnQ8ns1FaQBxu1UPFNo+aF2EGbgv3lAOmxAkHel+N1XCiKeze1Ote6A+/1eZpIY4wklcWqeAVZ0Wyl9a4tAg7qJKrLVjQk/fM5BUfLxzvM3u596bf37ICgJWCZA2JpAByKcfcIlZgqKCvipqc4MC/9tfxsQ+qzy7y19ZW0bjAYtemfrueyKIsjfwsn71KvV/eiZj7WOESEx/k2A4XEUF/DX5sl6a3h/IocZ/bmA2kj/4QZGzDK/ptW5IZNMB6EYyEMBIoTDc9PNDwNdPlO0TWV5jusOcGu1bpSliBTN8+2lqxHLYqrr5QWZ32kl0ojziFIkWz9398gaGBzhxh5+4CNX/x7O5AFvAz0wizklIgOmC5QEh2gJZVuSmUyTT3puRzd6Or0snmwYJt0GbE4Jk2BcggDEDEG4RpO3+KnZNuUiNcwxbdt6EQjBY1YKknShEJm4GAm8cWo2p51T9AoHzDUzh9V6WKdaX5Yna+TLWpe2YAAPrfpP/YL5oEfdgEebYPxX24nF1a25mOpiVJ5xycMOTNCSuNbVmLy8/yJbzBplQa9I5v5wYg2E4NFbb2970OcSJxzEuNwx/nOfbxSx/QXql3FrQukO765uWdmIR1rV6CUYM1wO8i0pdaw3z5msZLo9+2xw3Z/74nNpVsBjO704OzvkbNdLp+STpvNTAkbkObSZ9LmTZ2uWJNqpm2MsV5fCvFd0PVmUwq9mJiu7wSpalScUjVq6mEJwDLmJYfAyUJaFtIge/y6xMophxujy7Nq4uOuXkbhPqdsJqkwPBSWvxLjpjLaGpCNDmh7yFk7uGSwC0JE3Pvyop+TnyUjLDquo4bkNdfFP2/QqngbNDZrE1+XaBMsY1OK1drwQsx0Drv1Da1mFa7Wi09qKG7myBcd7U4mXOtEZubPdUHzOC/ESRAkWtbqDWS6or2Wft5K6L5rH+2Kpei95xQnzoU5GeySTyIfsOblpdwid3eGnDcZWiLR0YlM1FqrUn0Op1VfgXWzH0xi7R7yZJZvFLp7+2HtHWsl58sMIvCrm14/lTzKiZH0PqgZOInxRQlcZeM+d4byzgpQiKEZEMqBapI0O4M/6Xn6/OdFryOPxTMgkpRx4giwqi3tb7TAmwOjZklh9+DcJ2VKZzYtWBaxkWK3eJFH6l9qkrUu6DrNg7O1F2taaHKhIbs4UrDfHpxrd6/TSdu6EjFWhXh+9h3EyOuuwVYNzCwOStQ5RhVzmlC/8CUKbExOGpKR5tcMNau717gEgcbf87qrSJuCkApYhZJ9sKSgScgP1oKCM0MVOgvFV6MEmk1Q7RSvIwKVIAJDmpeyRs80Qgn2viLas78XaLXeQIom/e+ylTITiMhXu3EXvmKq2rn5wOwi0ZRjSjmowCwgozQYCp1CaZwSugEhAZkXHhgURE6Ee46Y7wY+U1iqFFSR2+6BF7MrlN8Gy8oC9nzeuYVWMxWFQEeOlJHmizDrRBRVHdjbRoeOptRfAAnfva1wmP6tcTMgwBqVjLfmkqFs7alU5N8DB64SZZsJYWMuBkyVtmG74zl41gMd7MsN7/U+bneNWT26eFRzoCFaVM+2X9pQPrE8vyF4X44ab1H/ru4L41w5Wdlf8CiW0pGZxjIVydu7dpaOxPttWuJ6f176SBbc2I5XrEP4MabpSVB27XrU5XD4Coh8H2hwGChVDWCKzVK1M66pPLfn0MPktsKyD83hryqrWtvInm4P90y5fPUvAywvmjjl41VgueelPpQyzX2WTF2C96qESbeWnACr3umB7e0eakw6cuL0FLr1OiGgfgB6NXTtAUcObIKwqYm5Lnn2aM0GC/u/U9tZav+/zGRcqsAjKJlx+XQsAPnSpn1cDFUlmOD0nokGcpBHykURlDtU0JljELhwnuW6VtLW8jHnKrlbHapksfwCJAgmyYPN7CLa1YQWXwVgqlzdcPUYN5RT+0Bc5pKR/Qhqit1b7eYEHuC2/fbSUXgkNXkEA3kBMH+EfTt09vDfwL9lf54cNHxME8aRhQrT7ymHGLGmQJBOeaY+ZjEEcPWchx6R07GtvfA2sKrveEOBp7QYgsjsIeu1xQvLQQaJEhZlJLXtxsYtgA9KIxZRhXWizmtg/gBP5ZMnYGwEBt1ZUVaflr7Xcf36VxAO3VuvYhqP4LJBRBLqs3DDkyNniyC6Xd8yRABCcaoLcLmH1bgH+ch3PlTjpf+029QqSRiBXkLij7rBta1jj2YQ44/j058EQzL1ePgJ8n1aRzTBb+B6Hh3Zxt3oQb2ECrh8CYk2MFKjXapxpCnw55BHPIlia4LYiOQu5J6sRfbug6r6kfrZiUPN1XC31dyXki78geAx0GzZHl96md28Ey7grL3sPOyfVtejjyewh+goxHmuatSrOCdnK+5mVsynhLaQoDRrB2LYnmWx2T5knPi2HByo3shYLV2PBuuYf91RLaMWoNjsVMUPnxyRymIyAXQ2yTw7TEl6gpoUlLFjNwyH+AKohTzGYtB6GLFjVcvBcEG/Ef8aq9jxAYrmDcXMVOEHvVF8dfY/CexOezRkI/az8p0I7xQ/KG+KxtBweplatfC6IZc2O0VV+hhZ3+0f22Jyn3NSuaqchXH9ZcuO8obMgVZualy9FE44FxNcVY9Gs6SS7iCgQyBz2rkMZzSEehuzwv4f983a1dB6NzZtZ+jI36X73E22q0isYg1Jo2GhxACP4ENSaDaLbIxZOxBOyb1yHauJAZCdsYQ7XsAyq0q0ky1wB3s2mTaEn4sc7FHsRl1wESiVpqzJJ/jyM2rcBiW5KzU3BkCRBnA8N7LlRH9XPl1kRlRnlOr7W0OYGTnixiLKkaBG4RpfVUlSU8iMvVstUOwkA7K7dki+2fd0RiBtAnEOo3i7WoLvtwcqDNVnTNsetI3gupL/7nl/qx4DsP2N9bL5I3UKKJw23yFkh2mDEK+qnZxQz8pJzMoeswvsDnfAsgY6AGTePGfDDThwpv37yVp8gYoBX4QqcsdcWqxqT6iOyH36DxJswSiN60i6oD5m8LmJn4uhT1zdJEcajyrB1qjBoVj4Z3WpZN3R2+VRx4GrquclNXV9wzaWndWQrmFYzyGj7gfFrda/3j36o/N8esCtIDt98lWeZ1s22zoE3duclIekc27hyB7OKbhKQiMG6pcF0HLbWXIhPHDROrqR51pDG2dQL6FCZBnmy5hZFL8yvav/nw/5WJa71nGZKzf8WVzjgg3GMvSyRT3w3AwMBXT0JNKtPYEXmMBRiNMy9+lFJuy+p9dQX9VSsPc5aXISTPBdqPqfhEgyPUJ2juKW3wDguTbxj0s4YMQGd2hz0S1w3JkJITz3UoXb/K4DSzlccLz/nfa/OkexwNfY2fgzNvpx5gohUGQJH4cEAIFHQM9sFOobDzykdKeCWFrr2FhOIDg2LsQh5Urx0GC6UEwlvIIuRfAkrtGEKp00vMKffUZwzHISZFRnxfN0eq/kkwSLbC6PzPJ0lzdysT/MTCqCGBVBczyB8Nwp8gppn+36WsJt2vLYvwTVA2dZJLHSWaK5G6QsEOIG2MP2iZhgIzuDoAg0KgFTsW033cTz2GpZTjyQa/1xCiRPxHwV4jFfU31b1C7iX/PKirBw5UTjrFbnPfCehf9JSeJgVDnYlwPpqbFIG4bfnMhsoxGMUi4tJVkIKqfbMBH77XrR1B+a0YQ3o7H7bttnZL9tgsG2UBDVikDqY9GC1uvlmGGERFihBkY5Os96qls4FatLupHL8QNklMNyD9DNZohF3c91tSb5hlYQp8nK+lNWdxl2tShookeEVyUTw8L4p4BzomjD6rgHTpZkJflIMN/bgqsE3HSu7XX5g5Djfc5DhaAzx61N5jQBPY0iwh2pofjNy/sgPTmQAd3GUnvu1mCMA5xCE/n2UwIoLzOn5cnlti44t71TAJP6dB3PUHhcxt9zB3dP5EbGObm//WjXduQDZ+LgiyvRrIF/rajbmEUTEpfxGl7c7leX31Yfp7KoXL5roWvDg1Yd7G4a15B8Aua40Noz4iqrzcIPikOIFVwlP9thGna9l4Z3iDJTHIZZ+U4pvHOt6VOmsxLLnnWQi1Io4qEdxeHZjm/RkfRnMJXWSZrfHT0ZiLwjhfjyF7hqmp80j9zUdHz52sSeLVjMhHMOYqluEMwnyd7/yZG6oRpCKVut67BuWbCEr4VsmP4CW+KpEPXdNASiEW9vnTrfdLnq+72zLan/rqyO2COePJnau0yyWzeFtGbakZ3CkU+g2BWHVj1nQ+eFf8FsPJX6a7i779F6Dlh+IcQbgXz9957IgoK51eXw/5+4Kiul3o+sjPc93ffpnZGXBmLWyI6xd0vbxeU7gLoDpwhw/tddTaPO5BxHhlluAVZBparAJeFZzPh2aXX3eV1tnon3RHQxpIG7lqVK9Lb/pA/SoG+oO+o1d0LiSiBvJipSRDurDDmzFk+rMiKWtkykNfpNjU/+z5oJAp6P3FmZZOuhIyCz0tuHj+7kzaS41bb/FucV2GbPrw9iZZDSq7dmposOlTJNQzGNFv3gKhmH26T8yXn3GgIdTHZvm1LIrp01JuwKcKhLKW8/2ChuP6LkOFnHUAO0xjDop6E55QWXPmoHfhzXTQ1oEpiMps/HNbib741zAiYvVvpEnv8NasdRdrUn6aGes85F9E91mrY0ehy5o6xAYwXMEWDS10JiSqd4NPeU266oozGUrhOwyfYEdql/RiWr/Z0FczN7wl1JMoRZFP4FQXKOuY+QutsRWdN40GnXOIGASKqdeq2LA+YIb6QZwyuvndIsRYZy3Zqz99SbRsiPbiQejVLzBsXDt3ZH/EGW+996ob2zPE77Qm1euWvtI2Jhp9GduMvPguGBD+do2oks6RD1l4l+lw67xUMAfHf8r7+wzlFHAWqXD8WDwUe/DySEcfqO9zZ10+HFOOVmC0rAgaYosonVlXXH/ONngIBKLtMF1F5hJ0banAgiE7aQ/zcWpuWB/trXLz/XIIkSahku0S7Yvu7lqHPsNWpOcG/qDffim0/RW21+ZkcTD1vMo/FKDw8yGdORJ/1JYapNAocV7Z4KVKDUkzvUEUDK2+fxwqXevwWdMWJLlCbA80v9j2pO+yzDxvgJtzkK2EGHw2U5sxA6GIEKQu9pHZKJNFbt1NcPeiXN0+X0d4xkqwb5TFuK/9VV7HlogvSd77r0eq090GHEMOAc/YZjiSWZa4ORYW329apkwR4vrMJ9XWsXjlE/LBbvYtch6UZVEK7GbXCDPwjizeLLTeXumE+iX0w0c8B7JGKNRWHk5fa/z2GpNg5FMkPZ1zgw/JlJDt6hEqb+aIyIAzXVz+ijb9fq0nJnAnUsMcdy6ZKA3poCMjC9MzZgny/nWXMZU0+dE+WwwRUQzaFxSH1eYY3Uka9o0NHvyQ9828yJxtUnVJBdu4+MfmtyzYiTL533CqgN6NK8phJ2bbWBY8EcnZBWn+zI7X8tg61FjDTdCtapBt9+YgGu142AOYkRQZpN9hB2aqRgFgSfzzCA98h0J6lmo/ezeV4J/3mFd51i7Rdk1WV61V5UyXETYtH1+vi2rANT7nyy+kZLDZGyjVEequMasCcTgCDbGuGScgXRfDT90B2VbYBSpfGTOKE90N4XLVpKMhMlGuE9Ogi+LSY5EyLHFYuF4BX67FPEOU6YErQy9uxircypJNWCNp78QTTkQ/4AoXK+8CyvJEQkc0IZiZtyUbdLlnSYpgRdl7V2AY1j9EuAzlsAj4lhN3d6PbIxUoBDtfAm1lLOqb87rmUxpwOHM6vmEzhF+mDNnRXTXknGv4fKWz79XqctdPN0wRmBHdrJRTCSF8CR1xC0RxOZe0U/5F70z1BmFa7DTZZBhunSV/OzwOJRlABwA+jabzxex5ZvGSpr44RF1+rKQBXE2esS7PNvtxKbuGnUa1SR0K1fJRCfgGnwSFw3Cpwc21W/eZj0/X7t4VnrnzEjrOKPTelYkRDVg73lZJq4xnSnZWInX5E/aYr2K/47m38FLxEBWhVNOXNHXtGSNYydjjFtfc/25suhnPlpb5EDO9gilTF9QBHweqmCSqVp235mMJ1E7iSV3VkmE8KHU2EV+91U1txhXVka80b5EzItRxCNms2nG7AvvZs34R0r2QSKRU3r0vo22JVrOdJPCjbDzxC9hIfChA43cqMLAUDi0B4XyhUW5jzyA0gwNK5Gjp6I2qw9RDWXcekmbDcpDvoB8NWxN8Dwr2cMmMnBsrF0t6plMU6Fvl3NGSdQInQpNvllH3ap670C2f8W68/AEfgohegq5SIxwo0bz/eQ1bPlLJ/lXgG0e2nL2vHFKbnMfWYa9W20WICmgJIN6quMqn8nHdNRsmTXCk8zZZKbmnR83Ue0Fu7+CTjW3O+zyBGKfZxx1Hvc+iXwt92g3u4hL9/lOYD2k/y73bXkqdNm+9NKgdFkrEPjjtmJJZhW3/1/NdEUkhBw/1I1Gvxv3eYVaKuR89HJrrN9cn0+E92SNElvz+6VOpws27xsZW4tCvHGXcmiuy1baqEoG6Btn18poWQE0VWHARphK20ZSwGZ1l6ukMU6iBrU7dQl5375QyFhqdjnz1RK+bkUCvuszaQ/ZOASoD/zN9jVUz3CnRNd3Ad4WBLU35VY+PWN/TMUtAlZgTfOrW4ACJYxTIMBocLe5+rUZXNLKPj3CC+CdRjDfclWMoGkWl1YsGF2ks6sjK8I1JhX7CSgWVOXHyFbwzl7F9KgmtGOuOoTtYHwnQOFH3qjVXKf76dcSUcg1dXWL9F+ry+XxcbQgrR0JmhZoORA4otf9asDtMl8FhBZ5BAJE59h0lnM50kBxhS1AXJBfxDpJoEXBPf70BrADJ3qc6U+lZ7tqUHFGcgoTiL9IPyNUv0bWpcHK4/So8IBHPmYvv6SwsOhmjURE4G6ad8en9rssFD6Ryi8X+HseGNg8yXxVtAJjZKNV2hiRPddRvDImTzIYXplYT5i1KAfIfKz+rMn73VMfoZvUg74UHzkwNx8s3mZObFOJ3VF3tdT0K8E1djNUHgYGaQCKq+uVCcVrHBQn7unfdSBtWejRhxfo+D7baKeimmV8PcQZV97SXAKA1p6n0JfNFD7wfxWM6umxIm5n9uumszXwVSADynsgFBrLsGBqjZ/q9y2+MnVu7OGhTRvBUgAFRDHddP+eCNPKBQoAoPYarJjtOY9w5hiQHdmEJD3Tw+Zx/lAaqSvQUn56+7bwYaCE+NxwefmRZ0aj6zFLEFXfIkTFlHegMQhEu+I/FNE7DQzsGwKH7OuqxSuTnXpIoSKqxO1CZAR5SVtyO6duqOiZdfUMA4XQvEwee8x+GFRqsbfi/+O8nQMrbEE7vljdzYdiEKv3IlbsT6ZlQd2ED0vlQLf9HllLJHk+bVw0vFeguHpqHOzK2caofOGRegcc8/v1xqK9UVDhJRY32Ak1UMnULkSD2gORxUOyPnoe2akxzzCyRKsaPVVLRZ83XlHO3VZ9E4k7FE1S9X3bT+XqmFeRKALjjUFvjxIUruf5vCqhw1EcyVAS9gKwYQD/Uw3joBuAE+lkP0KBc1Xc9GDynDk2DGa8Jx2VqTyK+OPkoDjDZ9pyZq8fvLrXS9FQdB1qOiP7WhjrBEeriugDjMr/1CDgDW0zxca38qoJLoPz0i3rjjQAc0dz3bpW6sa/G2OKXYYfaTnt77FHki0Vz4MU22KgHBiNmwKvq8/1x7pR9SfeKrmKiiERj51dfMSWuGW6osEH2+QCq7adbq7cadX6N6webb1kQsDwPsGsJQGRfL5+cLH0qa6w5VNM8i2oxDWKbBrd4RmpalSuPlylA9h8FSbSsYQt4Z2O9SGJy4sIeQpbJUS13Oln9NE4283/LKL8Iq/rfQiMJA34lOFNEELFPRBXaLnmwo6A/3ajUhf6CgDRWqps9TYF4LIGr71x12y+icGSJ7eLISR+xq10PuaqmNHn/zDfQekGmL4eKd/lBrRw9ojKezdSW3Ceeo3Rmz+M4Szv5UcGWcVdrb0jj/ov3QA1HxYn+2SJcC3D2FjOCKaZxN7sihQrqJwwZO0fqTBv0hK1m8/Ew9lZKqm8o8+Mw1qBRQpMl99omh4z7nM0EbsLG6vbIMxMm7cVkF1NghulkYiJQWItYiz3iLVTZaH9xqOffGSeZMhZZuRVQop0tdgRoBPmkBPtZoBLbr1M9yJNzfLQHGWgS1XIJLuEOwHIWxBfWH/ImRIv6TkQ3tXrkFv6c+eAVdNCmEOunVU8JZjC5Klzg3fimHPQcIvFrv01IKizLuPxdTTNoDqwkl07AXjsvmBntbdewYT2iUJDICTem0XuGPId+AsyzOY21MiduMTLtb2SMREv2IkJipYX3jdxQRpe5CaP0zEola2S06Y99ZE34cP8sPUwCI7ijbZYwwtMhzxEGIlD9X5L3vQ5kxzXS99EXpSSRqxACfV3UO31cLV4NWBvpa/v/OsPBg5h7ThEbnF/iKrM7qFYP3omwZXk9s4okTY5KdsTts3FnB5/6iopBp5IttqmK9FjSR+LxK9zDcYe3T6O4lfPbva+92llmkREx1+BLA5uYePKzseEqaL6NSq3iTbJ1NRQhFBy0MP0WbETedXa1QuiyZ5H+fPrQ9aAkWPpTxIiGpPDd/53LaikzqSmnJJ/UMKIf/f2RC4qWF6K8PU7NgCI7WT/GFrA/vnc06gonfHTJamOgRN/f1PCXo3GxMsatoiuRa0vDQEavbq7QVUS9b/cxEjqHiodVWflSW0/iETdgS2pZWGnRPkiHSacCam5EdvlA/KKYRAlBPFT6uQNHftPvdw2e6oBcqvsm5Y7OS5ByKQwI9jF6PxpN99a8HnwtHjm/ie1ufmY7qXgtpKRmUUBhlkXYsonpE+jQbzz6GBkH5mwaTJVls7WORSINoq4oypQtBjQm8ksPw6WeiML105QvwGfDO3kJg033DCVrQaDIzB/66CA26ecIDgGLScBGP9cTE5GKch1mcv+ewy+Fn88iJbvGSHT566ccJ32IkIT/ggL97YC1m5mp9C6d31hXAiqP15IL+MAGg+d1Q2CpzDsv8fSS+f2H6BjDb6/vC2QH2fujtbS6MYklROwvw3k1A5U/l2F8njxcmaTr+mcNS2Ek+nHeqDPNoASHAJT0h6lCuGVXWOrkI2zSvxyGZjYDmGKOLtpP2PXllTCYL4nHODZMst0mdQCxr5bq3VYei97FFOLIY+Fwu3+pTWGXPUo+N/ubUoHF1XUXMf68veRP1EQJTWcKvnAt7kReqIFSV2pcqx8eAk2bHiN8RchErvUNXMmzAa2gPd6QjFBvcJPPHsOMKYqoaHHzpz59jWTHjf7WpyDa8OOea1wXMLxIlABffP9HaZcX4BISwTtMtoZIT1F0j3ahoBlMS5lc9CldKrMzLJ/t8XOhIoZwXGeNYigr9yZMEIimCA3W8CnO32TQJhB99mbYMjvj3qA9ScZBDcI0hq/SHqWXdgyw+wFYDYqIaYSbO8s1bjpMAt8VJIMacfi57Z8c7fH+j8fVyCLQQZCsvMzK2A4jqMOPq8R+riNdDL7zg9GwBdjrmAY3ACWAXKDN+P+fAGTrbgNwcQ6lWx9wNrIQkpMmVcK/7fQVrrrtGE/BO+D/ei6j6mMlhW74MdCG/WNShxN0KcpzTjbQFr7ihrrq3Gj2bB5kDl2eVHn+inNeVKJnU9eRfZd/ZS8w6oZZ3CxZyKux2VD6P54lE4jqfy2MuqXUBTj//jVRQMjKDcwsFKNbPMYoK9Xf+oRh+GBC0cWbSYVDJCo2kphEkmATbOo67oVH6L0fZMlo1bDe5UHboeuqvf+k+qf796E2GiAML4KN+gCO9O0q1Y0IyQCcW3KU845+mH/NiFrSZgmlSlle0GcxvMiK6DZAujPOBP2e8mXwTQZ2vNstd0SF7axM/MMO2nRGUc1bVQ9y0nw95cIuEiGA4GzU2JEBY7im3hHR1BIk8r1G4nezJTtL2PGFwE4cW21mCz/XYY6d6maNoyQ8W1/ChZf/SK+FnDa85PC9YlLXtF2CdGD6cTYzwP1xs1ZuWOR5aKtd4h0yKHB0uDG4kaIc3fAN7KA1YbrBlDLyfsE2LxKcvbRKtsQb/9l0MbQ9esnnaiAL4JnxSUMbBPNs+rgrFk0cPHOueM4afRskW2SPeCdn/OfEH+FLcLqfQjlJdz3Ca09L/AtRMTYdCzgunW+QVUDdWqXSKUmdESdePUw+BviJGnUL34Ofqd2/j/nAEMqACkDaawzH6AR0BNV8t5nggROfR6gXb+9w4fOEFdnuJmqDmyHW0c2hUfNripRsjdNPcDTl+nz1QAtXpWIxZXOoQgErmQksrTGHyUYZDS+pIVNfs9+xwQEbX+o8lJ7pg3zNTmsNtJ1ex/IbxRXqrULDR4MyjmYV+PQDaOXZEZIxrNJPjEUR6TXh/A7sfEa+Cmpyb1lEkQ60GW3lMFk+CDxPRdiFcJ4B2Xqt45dM69Z/C62Nm4ydZOzIgInnRdQo3COUg3wcWPM0VqYoTSBKDKoMDM9qNxkJbYO2xPXuTPYmGmXhb13gmHAk8pb8z8j3xbj/zsIbrokazIL+2dp0lKQJbtJlKHPna87kIjqy0aSf4kwP+6PLkQP/NduAoGySfeVUp0n/bv+1xDwgmJcQYIrE+W8yDTj4pglS+nT0XCEZdIOo5KWLn1bAyhlYfbUDmaQVA5j3Iy4IB8uCManQVz1tKEb2WXhCximu1eKI/R76pP6WktQqExqxa6CGRmrOobb07uJr7QeBcrt4giPR2DU2K6zPkOiJ2csY6HvMImX5JQLfigPU+3ZiNmJa5pa21yhJXQC4E58UPtqZBgQbOD1d0uD9YwxLhjb0pk7fvHC1tQeLq/jYPDkBIQxMmIaVU0ftExjEzbzV22Vso+M9NhezNXNjm8/3XU3vRtOrET/c7ahVay3ws1JzJZhgCwiq6c8kUhXFY6Jw1CSv8ybv8r1gquRgmiMAMO6NTNXKEDbDlZIztlWaxek+KGKbAwnJbyXce9ycRSRuAIQzcSycjhKLoEAzVe1Cxx1D8GJyFc498//dX9f8N6KOgrIRBv9NPbzcSXFNceSZmlIDnqSmIyOhLdPfAh7xB9VoGLmtkWeFC4GqtYObAhvRm27y5OxncYPrvg5lRoJJBRDs/Ar3XqBoyyQF6m8OWIgZ4iiogj5u+y131W6ggo7HGnlT87fynhQN27yJJCg9x0UlFJh+4hnBGDLJkSTHRSGWa64Sk24PER6rDnPskQUQFdpRUuRqa5K+Q6cqn1m06wuRtdI6MGD2s2b/MPF7eHljsT5zXYWOmOtjCI0whLL2oFRVCVXrZ0pH9NZajAfnGxQFBZIm6i2tSMgCJ/fgHu7ykLLvKc4WXPfhuSR2xcDhw2E0Ku7s63iOD12ymrqGetemAB9nmpe1hrM2pMWpw+tCIF87GGHOX465WoVUHf0/s0VZWhrs9ACJNNieCg5xx3vubNVgyulzQDcvBlOMLPZQx+7h/7ASyKZNhQthlW7uIPJXvRwFBiCHE0o1S74XX7KhoWylQ0k0L0BzDwCLdRFBxwpCLwiDjzR5Xv1VgJF1vO7oH8h/7iZaTo7sPPEg3lRuOt+hGML2SVaQ5AEv9YXp2CS4vhjHp7Qm4Xi84fjYTjECxOKBQNv1p3MidjVEOiiI5w7XMtF8i0EdL6MyYgLOzMk5zC4BwUQovhAoXmVXsytG92p/KWq49sQwd/fS5qzpvHL86nO0WGT42QVxet7kcS4cHpClB/zHo9WPKdA7wX2mpktHrZLVEoLZlQMbclPKTssps8CNjZBPGrdKB3D1yLflVQYg9CWTTeOH4N/gc2SWFqcZkg1qeWEzTQzPS1UKed5Yift1G9tQgSuzCewmMW8wkp8UqoVPky4zB3Xmatkiiz+H31cm6hgMjtQlfDfS2Tg4SwM30a+J08Avb83Bjsuep2+OANNdSACpGoEnOHpAHz1VfD88fEamd8f3HcqU2EW+zxD+hemLOrDr/IuXbru++3JoR5sg4el5pJk1qZ2wAl8TD3XIUodDMmHy0gVD3yiyKL0kMQkRRRCqCcJoARs3Does1T8psUKGPtMYCn56+/MqqlfKHt5iTjbeb1ew2bt0TlRKRz2EUj8IjJMy9wY3IA5eUOqVbEriABPsdOARXmX2LcAvxDb3QHicM8m3hPPbzVQ0ohEJpQj2jZ34DVCGc5BvqpuGDcC0c7dcQiychOv93eEQbjfLpIopFqq+W2xtsoNCqp4iEmcW77iLiTAElWIqbQqGexY7TEFwR8SOPmbh5ddyYAPOY238sf9LxEbVoVqKZHBpLofp5AVH0plfGXztO0tKH/Rvv1U7VsNh6FvnxHGflhQX7rtze89hfh3StovlEfcirqEbaGHr1iFv16h9AeoGoKCnmNoy4lMBfBSGFBG5aFq79nV3Ui328tv9V5u4p2tBiKMV7sAH5m4lxYtoyOoW3ET+ghMMf2ZYjrYm4vnh4gqbrej2Zz80xm97NsSGbJ5nI/ngpuP9unbtaa5VPbmqx75hhiWRu9XbDf+pklXiu3IkljyCBUHbHWk1P2Rx2Eip4guqyTzPLjLpRhdJP8OIp1N9FiJenuySWx11ZJyvY7m3RPVSbSMU+4/My5rw5413d+qdJ97TOpzRaREN+zqYMymwQOMLXmCpXfd4WuHO+YChNrg25Fsg/z0bdhZcLDtxefLR159dtmMQBhdh9aSY4JVnXTbjBkLSfaWzFO5gzUCv+N85m4NcMbtPsh/WzVIaF3jNo0+AYX6cKiPHCJuV8YvBEASEcLqyZQduCpDgbl6G7z+gyDP0l+9VpLc6M8jfEiOGt612EPpWeWAGt159ovDNbtV7mtl9WYSiL6r3kQ5M4loxGFXmuKgVbVeJPDCg28Zt8rZZzcKkCq6VVuIEd1jRt2CG+HK1vE/ffxort5m6stB1jiy16RRLuYVwaMdblDYWk3ZymMrLnWyyjDTdYtw5JvVouIdw0Yny66yOagemlVOajjV/YLr4AAB5gMijzhjBEUuIrYv0XpAJHPgZxkcvDvLoBse0tC1/Y3qu/8B8qFhRAxs65SsESvq+46/NSYuMliKsJtpjXNjOW3pRH59Us1VG1iz7m2zsIr9p4GbAzYOEPC2iQgP/dFN/w09oRE6CT+lbFJzJT+dCm0rw8DuFu2sxFGG/ficfw3AeuPPmTiSgtygDtf8hZFEgehi333rDpMorGlSvQdnWWxhcRd6EQjORsNaJ2ee46EZhXza2FLbmuXDYXfQPJMb/d5A8Nav1sInH3q/E7LsatpaJUJtwMnoOPePbHUzTnvOUSXvPmbwjKr9JDx3xiIoR4Xl59V0fUNMpyPRty/cuiou4xrEphU6Z0CTC2bbYhheZlcv8kSYN7EEha/xSWHISxKgl3RV+lnvEaKxzoCgQ2R3Wr/lkNN6zOHTOPnE/WaIVCVfnVjTEmdpUhMPf9XaJBxsZwnpCQxOhnnunZsvP9THnnq4RRZxJ2ScnOm94bWzetmz6pbsBx2TzmdH3VnrYOFab2P4KIZSxD+lZJp0XNxbxLepSNHA1NfU31sjShdaYQa3PrHYOKLFsHwxCQDqSjb+jVl6ZpXOIyFtH9QTVJv3bKJys1rFnB6z+8EzhuLLx9mhvc5C/xlMMZHWTdbiFFT6zIHAK1G9Xx3S6gnVVikTU+jqqhPbuQYTo9YbFcQXvSoFHS4XEM1we8KUWhrHUFiL7d0CJroFTPgRZVmvongW9MWLyt4TvFVjgPprXFQF6r146Bc+vbjgFTsSYdO8HjjCW5lXY/4ZCsNwBoio8MDxUDrbR+mZETcAGFWfZpTzG58j1DJo8XPFsRbaCY4F7v9GvW6+NYES8VBULv15OloG5Zb4pF3tjJmJPZ3CHYUqq6Vl+C7s3I2sg8zaYtQ0MC3NwRi4iDiDifsxIoyIqwnVWLbgrdtF+tbuKmAHzOTtoKwgY3wQ8Ya4DhjW7K7/rzJq8KVjxerbI3sOTKQvyUts9na7DgalySPKClvCaPj2W6rGugVpzDWMkDmqIC2Qk2Ixloz4vtCL9owh2JNVrz2LBdzsjYF2DLADFKGHxfOriE6dgVSCvJFbuBMD1inyu/nyXtFafs4xR++Ogu//fEbpa6ouFlG80ph7/1Qt36BtcOtd3Uvi9sCj2F4zELckAtKIATndjP/J+BZEmWgPDVeMIq2c6su7JM6dDBqA+INKN2qJJxOrOshUa8ycf+zlMJCc8ytaXapqVKlellPozyJZKjmVO7lispyDjeY21ZpsbfQEIHuZyuFqP4CHO3kh/7Ua4rtEXRJj8huaxAFUKz4j4y6Iao+bCOlm8Th7OdSWfmfumwFPaM+SfGkut/C9uC9/d0RsBK7NPxuikp96Mib4u2qO0A8KX3nyAInLEJJXOVzxYt6QG4jCu/10UA30JhYnyRVyGnJ96BVIzG8tybNKefkPptk83pOUNo8YzGqLQ307z/7rdt0NybD+cisYwa55CVdRhubyk4sjqkzUQzcpNOwkinMVbNuWQWNqgE6QmdCIHS8QkzVnQR+HSAkyeWatcWuWEvtFcXMJxIXToT2Mz3SUNsX1O/9WxIqZrnj5xUpK4rZ6oWQQOwyEuhNufQKvujr1JirOZ7RdF2Brl9xUre5ecYYugJoq+Y/sCuFEwmrPyLnooT73m86cibeqcvzlRofOpUF+X3g4yjmPN+CS5eHXJblHzwCTqS1mZN5OyiGE8S4w1OllOwCiUI2zKOzU/K8c1HRUndFOJHpJ2xcVp44tzBYca91UOPVYXqxK3adGOgQDNeGOxRU2KtVFp0nT/OvjQX2HsSCRnfXdgu13ylVzmTc92lrodPrQ1N2c4QqbAbwo8vgX+1cuUWa9C8Kzq2G7aeIL+HxyEZwTOV4lvVm0IssjEWTmDYheW3nz/6ivuXO8uDkiCW4q2pQV17m1y0dA0eRIk38yaXF47fUHpmb5l9T8zoYjMHfGwBpYuGejcZwURs1ciWRlN086tEBtGKTKsyNRZHc/E+3CFnF7mYhpp0nXVUm3XwsMjeTNbf4CjFtf9YCIovPKB8edC5olQfgFRQzYzxaAb0H9MFAWgMnvm5hH+y9ZGORbkS6GzYBtjvR+Qt45w4XA3YcgfvEyN/o+xfoiQLeXy/ERx84t+WWh5KKDlrrE68HZIfMqUokcubQ8FV42dK1lwhyfaEQVz2d7ZYIDqj8xHmFetWSiPQUjOiDY2kCODw5AuD9jCgPftD/2D5MYPUDj4HxzSsb0/8ctQuNDQpw3farJBkI51q9IvH4UY+D6cgySixlruIaG61E42kbshuqq64WC0upiHJ7rw12dPpJurv+A3IUyMgMk6Osx6umsA7fg0/Wfc25FEGuH/fLh89xAhndK0bBsYzWVDGz38K9WQ29lt4zhyFy8o8DT/s3PAMCmPfCDxAmNWUfHlKK/GbeTBaMd6yUa3/9++4Rh28hIM3XYvRp5JEVwKneCHElO6IFTEHOqyJTo+UOKi0msUWxf4VRk7tVQ5+nnHmuHqejgt4/662SEyEkGQFgihhYwGsPfW7WzBX4hN1oVSESRFJE+pSjJligmRHElvQVu3vKQPbeUhE80vltDCYvXKLT73ABeGeAjAECHXf9K87cDPAJXgtV51lhO4QXU8cEFPkP1wYqZSpge8Fk3d2W/1/cAc5vnahNGu92W09Hm3EJKjrrDL/+XOBRSOAQJLsB/dpmQx8GsSUH9XXgvh9nBI3I64tsN8U810PfgaBVJoGYm65HTTZWdvrbpX7eY/AcNoxFgvfr8EkRp19cSxXgRCE6B+2ndNp8ePKTwvoEB0wDYDwGSNkYeCdMoOa6UDki57rzTx+1UUN37U1/bf6nD0aJV015Y8xfDdyiYKBrJv6MiMe/rUZJPh/vCsMe4GuT9U609R2YsMmUd6PlVDRK/sBgawIJgglvxDFJyw9ctp9SL9K7cquZmxx3Q02BqYNiaar04A54C8BtNjpCFjpws0beFy9AAIGdzcQu0lMwmeaTyZAOPFB+rtaHiX7npOItxxYWnVSqgDdkBByhiTN9cBVED9TCRYCSDEqDhOGxiqIc3HgwZzXgZMp1f4Vg/zuxdUzGIG/rhLZYQCwPgusahQ8kOsFjuOG5yPGaSsjm0KesXcFPBUY2tLFViQ8dGuB9H8SaXkvJ4I6Yv3F7piMSW84xLWHBE4tiDHVyic9PaRy4HuML/2gQ7OOTK/avrpAOD+ZabNqprAgh1LXmn0FZbxLmU2uo1/uEqMQ/hDA8L010HINtunj/TrlhsxvWYz9fhwNn9JnXIoZMqHRmqhnOebrPaYBqkKdtAM/zP0wYJGghx49jyu22bI/8zW7cyna3PU3t799lRLkEUTRT/J4yTLNPb5ZOb7KdkSxcJTUDAyiU68zbhbaCJbWs0GFpYmYMSg2pFvrd9BQw8dtq6DdGcwGb+X5bIxYXgLWBKgxaju62qlY/hH8ygowHuLctPsqHAI8cb9WD/EqWPQRrNo1Lj29U0rSC6sPQXXB4NYDfCjE0agxoGcxFwlV7RDOHs44DwoBgrOJQCSqb6XuURmYbMAWauGVJ4E40sfoXkjBH8Kd/VuDk7UffZEo9OpGhM24w7qL4Fb3ozp7/iJRM2E1nzjW8EmTomePWMIW9qvn5VbECyj7p9yzvRrWtorKgTXGVOcJLo3zYp/BkeNB9DNR+P7q+//l9h4mDmm1NGVlzFQj7DMbHc+B7Vv/OuhqAtf5gW/pn28av1BFx1KE6n6rwreb7ol1E7bBZy/I8IxSjpI5/YH4sOjsb/RF5RVezijUU5ayYVkTG08ScMIJayM35aCaYulr1leWVgUFfDgc2DMIUV/MYltqlHWIEHXoKnKMJZxIsKJGZn7nQXkRxWQMPalBnHIAtf5Tcwt5z2hkAYvq2XQjENyVBJaQBh4BJmMEc6d6uSjxxECgRRNj5DYI2bk0oTBnO7ouWRwbyS9yoMviv/6CuvVzwBCtndF/j1d61aT/lGSTVmjvvt5trcn4d44zOpAjD9QzuvqOuE5kQ9cMGVaEGAAOqhAfZB51qxQz5LVJzwpxSBmg04JRhn8zFcnVlvbGqrj27ILB0MTyruuZ3S0u+lJC2o7Zf09XQg9szdr1eYroF/HB2jOBi9YRNcAcFiMm1+qp7XNP+BrIFhAz4R5lBI8J/nONAdmOspU/4vAZt8wx+IDUcEIsIsELG1Qdun9DbEhY5URzekNmuDJ38cxWsjOWeY21E7x0l2lOhIzATjEcX5rgonxnJB7dAsZQq2g8ZhVXMR6u7Cvg7U7XGggWtEXKYqvIJXP3By88cIOcdrAzsfuDLk9/kvECRWFj0qYXO/FgczMmJ7nmZhqPwyoVE5WS0bshobzBk1Hw7MkHeRedXhHE+72HgapyrEJXxils4O+/IhVG+BJxSpbicxUyT/QUsF7AdaZBaR/yS4vf1tfm5Am3Z+34oqr/dfAEtef/nwcbnbmBNWGEisaGLfEe+1p5e5PlnQ3GWp+F483skmyF1jZxgikOdX1mK3GoQ7+OSoOSlJyqYZGrTJvlvk/ehk4rbw4ehvWkp7BiayhLnkcahJzJ34cNXca2xj+nq+ALu+rSj8HNG42KmYiajfwnWJUt22HsxqLbfYzH8IwWYuX2UG9nV5biuz9+0lfenzOmttNUfdkUKmh86KYC8//DHUf2ArtvtJmR7ofIiUD0eotlzgvumyIJ7WnZZHCycV+iV6vGaqKWEJK6rLMACAe40kBAKCAuUjTXz+IhwhFR3yJwTJ09z0cOAxUd55dyK56GVCVmbbBCgav3ygGsdZm6LXTwy4Sz5IJiNppptGCPEyKmzQFfxrR5r7dK8J0h43SOAElPbzVR4Swr14fHXRrH5CVJtus6sH+7LxMnkxyzSSxevecEv7n5VKd5Jcu2TU/WVtq/8qxTomIfISFa0wUu6vewVmUGVMnvNqi9ubacBdeeYDWnXLsEzg6gU+ys41itd9gPwNkVtsBBt2CAi59cLNTmfpUBZKwQ1kR5vSXO4Vsh6B2augTjYFUd8B0DnJipx7mIgDTNNTqTKLi7H28DNRPnlVJo6t8a8x/HKhY8mga3CeYdN4ye2u8e6sNN/HZI/y9zRATjxiDk+ySVNJJcsUYvHRicZ3t6kKAK72zp4bzRe2B1ZSyaGsNz3IOBzx13QBeYi0XzewGj3oGSqOWbrdJP5Ug74GJbT79ZGsrnLuPFJhdr8QAjKZAAWs/DuSKaAXQN9gDBUASETNZ1jFBsABT7NWrVJolXOGQK8ILLEPxKApV2FhYrR7tb9XkXk7w4j0PLHPLaysXkdL1OveqO8ny+ix05TgVcjdYzx1WiNha7WjBgUBXTFCLecB0PTUXWIX0jg3NkVEQRgw3KK65t1sgZJRLZ3HYG9pSNRvnwuyxmeYSAH2Cr8BKxmH130Vf4W5/tuLDaRTcTbGELczKXEDSXPMzfnIRgYA0SkN/dVHufmyTxDb4UVIn+33GS8lNMJEIuSJWFWS8Hq09H9xnasF1EH8O1DNZijlf1ENkrkferz1gEqr4sVtI0LVcx5Y1aoTtp+Rz2IZle5uOsjhLt1f5Gmr/K1CQmm+p4xK1WB49DiWCEz4cFk2MzRxS9LP5BSt3Pijbos2l8PqylSydQFLpVQkb5M+1b+c0S/cy3qHdAfblEiacudJ0KwGbj4YXUNuaPj7HGmq4u+NyRjK5WkeTDUVDZRRwgBBXkH7pmMO21ItzTC4MEK0Ny4KheZtFBAxD9u5wB/9Mu9b3HH8z3pb1N453MKtQalR+fbSp1mi22fPerQHT+Mw9jtmTCwlAUUdOzy2KrEwMVvF8Mn4W3zZ/64mC9rEjaJO0UYQDEvkJ4+LI5bObrb+AdgsWCMrN1OT3XlqE7apamr8LWYZOQ5/D74kjVlzrRomW9R/Pn2PZ9m/mYz+QrwmMta3VZZ7Vtj9ktk+kU33c/rcbTp9sUhzJG/oRNxtUA1nswIUKQcrylNYfLc0J2HotdD4gzFQlz48wJS2Ct7L056qUzG/Kis2IIo/zOEqHuyqDnHBj6QRW6dF7PDRQV33RUNcsIF6lbF2At4JMysMNTkOn8dVBTCobN7nimNRlDwaxvrK8vdXlxAZHGFJ6gMb7Ur6KIMnJvh1T65aGeE9BhUDPfU2KsMWE84gNIZbs0JCDKbUI6bJfz2N/yFm8r9eEOQkgJjyapIDdtCTkqRQHvsnulfP9tHC/fdKDgKzyxxXsVSz8OdD6A0oq9m82K+KR3rV1SVAynMAQRs0HbNASqx9ax1oo57etg+TFo21MqrqW9fBmQYkbEPOH3MUVhvkgqC8b/np9t6w5IgThdKBL7IKSsJewf47XFt80VWEySapP7xcCgD4FnbMHJ5z2Nf4uv/+zG/xgZK9Ya0mv0t2n9iOKP7OEmv4aWMnatNLBPebFj6AE05fnL9FLz5vmw03m62casCyndh140PXs7ZRwSbu8jWBpPJmHEFO43KimbqzUrG6aGbA/jAzh8MTsT+LXGubFF3iHpjtNjdh8TadtEVmiubv+WC7CWprYHFXOXpn8enZoF5E9ivAYLLpr+vrXG9SgAAAABbNzzOB3mWCVWYDljyNdR5GIKfM7sRzeIsVpDk50dUKJiFVOYf13LQmPAgjw8r72R7Wpwmxl7IsjiJmavCMJVvsm0hPdA7/s7k51pjsq1uw43cVWcSaKcukr0FhHGsksRYpkiV3kRj5Z817XvvhD8afJbU8Osy2+/UEjcr0KZtT3Hzk2buKRC4usti7I7gV60rAQ+dOZjG6vibAJnwto/Hnc5XfznaD3tpipHFRnAcRq3ML4UjdUZajuAZ5yNnHkXhoVnjVVaa5CUHlcKHwWcvZlxQj3ft3ztQ58jZLEuiE8UWaxVMNMlaaXxSg/CpoJdmsJ/OZ75fAgJlvq6gABR1AVqd2VWvlmdMYmnnHtanripYzZKa+E++NKmVmLk5CnlvpiRHY6QVaCeUZWTnQaPTRdy9/0+QsGxzZCsmRlqdJSRViOVPv31s22yb7K16bvTaSpiNGwrMqmnmERIphWcG0tomzChUjCJfrxifoHL3606KBn79l5WnfzANkIATUMs2YBP4QlZPcCqBYGWAvG1CJfb/CJvZXs8XdOSqeB/jX/n6iNWi0XzAAiESosmtBV3HYLtMGZhR44AYHIVIyNcSR9eFnYPBC7LV7bzosly7jrx6jIUM6sOJGSKs6XAMyueNPzf3WjqOe3WQumQCXEAyDWiRuAmZn5aiDRQAbp/Dd2GvRAHKabbnxW3wq2esY/QsFNu+2WqbF2C8BkYsxcrh62delAsNUyTMCqy2wAUHl1hqzy+dW566NgJfktWGqpOZ8A90jm0/74twlyTxNWkTO69WK3Zgt0GdwZc47EjJuUxK4Q0Y4XWNHbvy3Zs/qS/9eYLNoGRJsUq2Kk+ozcsjWaa3u1FtZL1aCvM5dratdcqFg37y4rwQsoP7MMmm0FbbyjvL20jEdaHAQcetOvSdyEMKQ3f+1U6Xi37Iek5LpnAFg3Jab1jrBgck4fQlrnDRPpGtuyYmlct7GZ5uU6Nb8MJwEKsbhE9Y00vAEwM3z4WoR+oLKjELhlQ14DWJ4OkL42gIrZG9CKeRSKEmhvpfqwmJT3d9Hc4WPM/LmhjdqPRjz9DqDli9N9Rd1RmCmHKOd1dp+GGpAI5NCreJPyppEJRilxuvZUCjQWgLK2UrDQFYeWuyEW5O1mg0l8qdf5XrvcX6j6gpFF2lDEDI+dzg6EqUD0z9XgExJ9BxPTtrZ/JF7sWsPCH54hcAgSJCA0SBysYQTQE6/S5BTznABKUrK6bnw92BaipqvlI+IfTGJpfJmtkCGP/y8iSsNIalWYalPQ1d3KsEAEQC55As6Z21jNlkVPFb0PUCk/eqU1yZCvRwdsG18g+lbUSEBZANJmztajW42WzKEZ6XrDlKysD4qS55ICyXwVy7swm1f6fthCw5nKBikl6/Tkd/+CdVVG7LDTIn83ZKQx7bXnv/9zk9Dn6N2gbb6xkDKqpgU2dVLNVomDi4/DsnORNv59x0G6bnYRgUFE5x2DHXtR1LKYCv9MuKrJsQiZ1Mhkin4w6osze9zyouP7nB1A3mjaeU2WKV1CiSpPQ9RmfQ9Ui3odjqUOeBT/BkXWzD9R1JoaZdyUjNxUrkjBLWyN+RPLSJqXeP8nbhRAn/hTovo+wbLWnrUe33uqBYApS2s6DMPTxOywjNK4hnstx02oeLTeH4yxJFnhkQhBlM6YhAOYlpKLH3Nx3IUEMouNSjW0vtkR31GiHorW9/l8v0NgIBa6E82KFpNg20JYM/G8m2M2cTpK/1G5Nqgnuc0fnT8G+PCd4d8Mj73WMo14VxcAARPb5mVLm5fa+ctlW3iVWGmpnbg1T9KVA8l8q9qPYINh0/BLSLjRPK4DX6ZAwyA7TepOKck+ilCj4h/0hiRr1U4xg5PhM2kkdSIBvq5hjggUGqSCzkda9RyMCw0wRKvoBApC/DUG2NlkHmfZmShwkjme+qYNaHfQnaXozPVlvnMMxv4RVpXcHOEYjy4JIaw0fQ5KvYIafTnaLDABCmZiqQai/nyuDJeNnzcSdeOKWeGpsiLz0z4eKJXZ6KFxMydDx2wlen4Gr+d20t6yir+3nCT6GkNopbHUAh+0Qhu8y4VzNzh68oBKgCMlbK2HRav3DsJNGhQwnedivi8sTlKpQIQW31K51zlqobnGmhhdcnJJxaWHjP9FZJcwE6EUzCG4oTvbe6EuQzKUwR/O0hxo5YjQb/Le1gJ8T8x3Lw4tGo5WVn1RUhbV4Svdnrlh3XtUXjZKhLFgqd0fL2ryQAO4njmrO/f0RKwxL9YRc7xUbisvotR4mGZWlMmrxOH1RUeluPKfCG1Y9zNokRofWbp33Zp9XT+oi8XHfuPV4Peebh84En471XJblvbHNOyKKoog9K723ePi32LCueO81vPG8z9j2XssuZi8Y8wQjPRvcNxBZVlqncDWXpjnim6hvD68NRMoROthSqIxkB/lN2WfQ9kMflewIVSuYh9SyD6mc+6Vlgd/8g3w2PXXPZlFyNE2YpkX28WRXwYJeoPKr6brD7LGUBaf7Pkw9GOcLS8FMlJAbVUcgIJt3RfYiC5qaCodHt9GjceYXOjY4L+MKrpsQlvB9vgQ3Q1wYKadyvyESWwqKH7jtLbSzHdnDk1mm7gVnQriCUloLWc3u2PinVd77mdVq8KE9L+dbA0vwc3Jr5UZOochL7S7RDVU49vrnxpB6H9XRyIP9mzI+Z8da3eHAWJv17WG8kIF1aFv9UiBQyEeqMtQdNMe4vyET5JVj3bCV6EGN3l1soZZngu9ktD7kRl1LHFxDx7A2QFgmaDyEuy9hKJyeKCSYrnAl0ll5GwZtxUZ4GWy3jSy+zBoIUp8DiTR1by26Gfho2qq952SmyRhANxm4AaEujgnjtdGSYSGALg6HgA6O+IQeQtjoC0GOyanCGDdUdAUmDvitzPkEfzSA4pkFyIfsOj4O3Mpg5gA1xwyHBtFshGqNGNi9HwQFQACk+vYoEz0TVNM9cXzDyQlbYOU8EG1rSLr6nZV+/v2BtkjTYeVxBNYwD74qXutpdmoeHfXpycN2tbVBA2FVTSQQ7RnoruS6tsXrQUXUjn9pkCywkBPvaaAKEPFZ3Dk/6hwtHcfEhR4ZpLa5mJS333U8Usu2tHHVoPIMD0WnUWtdGonVEMPLRKdC5KIcY4wbPJo69VSHZoLAgziOHQNmzgXKsSdXRqqCEf57SxrztIkKHGAeYndArALCV27W0fevPonIJY46SUKWQ3iZ/zyLECWl5lS3zGSC2vknn81LttlfXctPXzivU61v/9DNCAN3iEXVS6EtDnH9saAe5EfVdugDofTqnGQ9FgARMR87PGhbf53XVQC3U7n5NnHvRqm9ixB4ZIL4nQOlzMPLtW+HoLM7CwbeJZD6iOVIfregt4hZnCToXsCjgeEOLOoN+RI90A4Q6v+IsJ3Q/sBLceYiqLZ6PoCWkInlhpvmveZIM7DvrL65qA07WQFRq/ae3MriBQkhnAJS/NDs/66CzNiSV2HeL3dAiJnUvJNj2vmqUJOenkknRwRZU8dV9/+FOlhyljA6kiALZdahyptTLa/+nHCBvd6JdlCvJFq2mmMBCq2YkKAoy4brt57ZgkQrEVsDqfePvRuKxWi06ItckEdCdfgWT1d2rp0tLLX7bItMUqJHNxXy/kKV/BnhJumP6IINqF8sspG80o3ZZBi1QBa+U9pSBav3q0FNMrIffOxJktNsnMv+bOWHrOqCNdaJlhazmE1gBJTvMQIxl8k0cXwATQXz7Yw8tHDqd+kJHX6YDIQf6/u3ibnvp5nA3UUUBlrO2wNdASYVXg8pM9ncV/lDScC2Q5rLj80HXNm8oMog89+3AroEpoPUsoQDVnQVklvThyLPSN7Qle5lr2i8TfHMr4pv/8wud99Ud2IFpRSNV75AowMaPqU/CEZgBfz6W3FouqUOiknOUpZShaMdRu7+lLo4Ts+uJlisYfcIYgfvJfdMk7CnkXEwVRl5zA1G+eJ6p/wP+D9Xb54wCOl/dxdLY6FoD8hPanIBefJ2BB4UKAmAi/0xTG6RbuSxF0KoAk2/b8J/4M8PHdiqNuZ036DhVAHI1r69LBaCYI2BdavMVUsN3MOUDdeMo8P9H8DQxZMMOX/qW2oNUzgyvb0nUAAO3bBaGX39WYGuqT9mOHMZbGG7Eo2v50UeOvRLk9lLEH/mWWZql1LC2SzIVnuS+nyw9BMp9GYpv51/G3/Kbmovdd+Yp91mWE4gJbOxrKkC/LELHH1QMEeVTiNQxnRdKtvtfWj4x0ePsn0bLmdsvHx2OvWwpUyRJJxUXpy/sLKaYRGbs71zLfJ6Hh0wsg8agMSxq+ExyNwmZhD0+693fsOio4Fe1C7h5zB6wDTRcsCKGT8x8KmYlGr9b/lgs0LyMzooJAU/A8c+dpppKE47JkGUcxXh0vRDH6eOzqbO33KHq7hpEC/eNf1AxKz6oEE9VZchI8rMUhTtisMty4JriRuSdoAhhpFyChrt3MJrQU40dlGs+Ql2wp6jk9ASiENiAfZR2z+IqBgDUrR6gAAt5LCywJE+0wHuX+L4BQfTByP5wZ/wFWIq9DAAnhdSgMwUFTQJZQFzBzwHxUUmjyuuSltlo2DCoASiQAM7UqrW8J1rnGYF5bVMtq18NBHb2S30c8lrYkMgMiFyYB/DeIDypNOKTDoIDjoI4FPtycj3G/77aYTZTIUbpN6TApmHJxKf/OJig0ZbVlWGBdTxnbndgStcCWjdU4fwBVFiAreysCOPml6Rt1xwtRJ0mHW3iGliAdIdY4sQtglikV/MRm77x5HdO8YlvRVp9expaAPmUSQ4666qVifkIyoxqXmBlVv6aFMsYv+QRdv2SjCQppmVnBRoE0d8B7DJLOTkrdME04m0sl1KDE6UdaGOcnEHnydgn5gcNehewu37Ar0iFH+RpBxPCaIcaID5Oo1gLNCTE6yCQZTMpfpuVpMKyeY5qpoJ27ssDItPHXvU8xR+U9JHqa7vGsH1c6ZeSzcDcnKGhM1RohY6Ut9Ueeu350AV5xsENb0t6WZ8GZyLi/4Q0t4qM7WXFmcjQjPSfjvT70bIeEZ8KfABYCn9k/HQQB/kGf69K72MStK+L3CY3fmXIMbvmbsE064p8wg2kmP48SMv9WO6+U914OcMC92sUAltmH+wL2+EoDreHoR04cVmASNvoQ47pX0qo0Ktz371TeKhwK1WN/Nf3ctssB0TXH3SAOjUAWkhPd4vmfjIvQPq1+tCBive+C1xBr0R2IObFd+W2h0D/vLKxqZlXw1z++PWl5uy748WzQRfB7MrQP9pO8Hp44XicpN0BfPecv8UJ/ndTk9TXR5Md11auINcpbikX0Te5g73yklRFts00Sr/kwyk9kfU6I33mxffjYqYsBKoIjEgybXg4CO37oZek6LE5giELFwAxSbPzj7/QF65YfdgPgKLu4scwNbr86dLKRzqDNR+/WEZeEzCv9WcpLXzgG1LIZFNjxaM0f/KX26PFktz2OUqnQuFvMzdATLQ0IFCZa1a8JPF7Lh/kJ068q4ae4+qoVahokv2jI46l63wKU3yisSZ8auFooBAD/GOFVMQPjaQExcZjbxpM8i8qA+mHEcxTMjcFlw0cQJncFYXZidclwMPDrpLwDnjmqYQAAgpYAAAAAAAB2nYL7zdXlLQudCJzAI6qNFrIaFFGWcTjgSj9y7TVH2pI6FM+QhGtUQEO+ISL6TloLYuJAqpK7MWKQ9mSmzsN+9EtpnrDkLs3GFfSZXswcxQVuWWK1/K1s3j6Vma30Ce5mGVO4VGvslcPtqun1axEyAoD2fp3U3xCRneaYJBq8WyRVX0fNYoBy8ZKkzRvBb+bmPeDsgC6Az9fCdKE4/p9b3BVToi9Cp+5fjk5P42x6b26D/U/ouLGDfTYmhGzZsKxG6JPTsPmh50M41XCNZZVcG+wU1JeaTmE4P5sMv/CRXLK2EqWxcTbuo2LpKFqt2s0s5MtKa5mh9XJemxVC4xUurjfgE6pZAi5FRfn157XMjso3cFaRTFxwCptZ2+FPiZSq1Hr0sgQ5MW0xXhBL6u1tdb1zS1EF8hQRJWv16VCOf+ezl3p/DerOIFinY9lrVK7OBPrwbHgkpkjSsI3+CFW3WdP2jkWySPbfZlPyVWoSduyywLcEXDnzDuWSDgALamAWgZTseEFShym5e2QAXlaUQPoLK7ME7A7Ct3p/7OMZj5s7oqBWVr0loQ2++kKGXShsNPoODZCt+8xmfc3a1TwBpKhBDLMmFkAbnck5FollG8UFbrxmkrlVfZUfp++PSAlVFTe8yD3wqVQVmPKACgZ5VgFmtYZ8as/BdT4v0nT4fVKlWFcrc7+91kCERu0z25HqJTPEphgyIqx/fQmz04oE1vDAWyQjHbx7cdWLG0+9accjUZYNyLxjFS6DPLLvQTAAC+QLgdTTeEKgG4RDAAAAAAAKyyNvgBFEdKxKmyTnST/UABOx15f6Te3B3N6zH97UNHL/W+JmLIy/fbwAAY9aVrGDayjuVo9OdNACVHf389gqcay33VbGdIZcVDACIITTPHdKHc9fqBpQnPcyoEQtjhqaEVo7Az5Y3kYNnMfR96oKAQGSm2wQ68g9vkmDQPB4Yxp2b2H6K++RHZmWCeJSKXfyMn5zKek+3J5cHuv625hutsS9f7JFSsIBlKaJCSl2aT4rlh2ZPE7nr/GXGGujlcfmZwdEyR4X+GP6rBkxgAyEZSz/UzK+kXDNUjd8bHiyR8EMgRs714l4xmBn2rQFsvAf4S/Nv/ngLB68ByKSGmZYA5lVVkafHHM0nQtbTup2Tc1/jLFHgFSe0KSWWkgdJQjaPbWqd9roACTL3pGJq9XSemMelPbKKwBSZ08xoducShoj7iUOblUxngCgAAAAAAAA=',3,2),(8,'MATJH','FSKL',324.00,1234.00,345.00,'SDJ','2023-06-23',_binary 'data:image/jpeg;base64,UklGRkqpAABXRUJQVlA4ID6pAADwqwKdASr0AfQBPkUcjEOioaGYGf88KAREsQQ4AMbBTH9NzqWF/Z/4793P8d7m3HPW376+3/5H1VdG3XnlrdQeaX/c/tp7z/5V/rfYp/Zr9r/NV+Ff/D9O3+a/837l8Cppo3/i9qL+R/8z2hf3IwRfzf+Q/4f5feb/5f9i/wv8N/pvVyx3+y/5XmZ/PPzb/e/yfs//x/DX9B/rPQj/MP7T/z/VMkVPgvhbUq86PND/rf971oP9p6sf+56FPsP1Pv8WOr4rQDIVJp4d5ACJi2y3fe65DdobzKX/m/5zJQCZTyURAEZ0WrYsz+p8yJnpMWgGOGEGIHtGLLUMChbaKtmQ/KtBg82ngR7Fd+DuTnZNLeGpBmJjpPdEprWWm1SItEu9ZD3pqzSfvr9EdJ7slX5lK7GGtOH8PD7zZ4WF7sKms66A0/BPSTlfpYnOaakRi+wWJ8pQLxEcnuMZANsUJ4xznb4RzpoyQCowL5I3rEPWzwyiniSrJZ0Qa2YE3Fw12n3zdLL0uMuhnh7sbK3NExnStJUQ8vE2hGOiQl4IX8W+Tx/VC2lwmv7MB9VyXsF4teuvpR29sZc3DFZrvn+mcZRYE2X3fIMvQwBxbSThwLhyjIinw7itwXu+hyb8W7zaQpiSJS7VNIGf4T3J5orMBO5plD+3b9c3ttKXJgMA/NjkKVf6ksWeyZmV3t3qWcjS0MmMDJgu9uR/vZg9BgBgc1zDAPd6cSmYuE4F0bBEVhmHcl0J7mAo5LKYyOohbM6zUG4bKOptWx2Vl5xCksavOVFAK7LyFSrOwTm5H2L7ur0Zghkqrggym1rhOBweTI3CjzrHmTzHjFSQ++KBJMtBYtNH85ds7X6MTppkLE91ZSMVjExCFmXWllJ8CcAKpTtDxaKuhSyUgo9FODdZ+6N3ynKM2xqxRSQcYyLQm0cWTjtxuHBeAAdeBT1bTfXENE3MS3VB2Uh4Y1Ld0trmK/aYRdjSw4D/adzpo4amKCIXOEgSKnSukhzZ+adgusDLf6cIWxBUKouQZ47VJrnGTm9twSzbH02odvSk5DOJSDo58Z7uPid9yCC7COJn3YDvnf2KTCoUv9dQFbIHekv0FutoZeC2/Uac91SBzimi4bPXhCrbb2i+XC83T092nIGg6y9sX343UIIdSFCdcymokU6nKDmvKqJuufwg5N3Ol8ogdCZWcob3ydXy8Pym2ftHBIIDPN/brKMSEArwkAqvrBtVJoZ4C5O0i11YMedxvLsYLkalHWBDMeMWDF4c0DfRLgGFJojIWiV2lmI6IxUJmfGEkazdjWi0m6xD8DFCkeQBhXdMnLDmyDrvjXXsrX+yKxC6xkuEO1OG6tbj4na4Owkp5YmKHgDgMSml51wBq6AornqbFSP+kZuivXUjwO6B/jIchJUO9dPjPbNtwqLHeWgAOWEdw3JcN6bDPvhsqTxXeRrVQFlpusk6P/e/k7awg3eO4xX4wcKdDFtvumWme+6Q3dBzTQNiOHZeHlGDDlGx6AyTsjvM8ekRJkJeMLNgYN0yaPy6DKVixk/NV/4sCjP+YPXDGyhmTqCEr60c2Mgs++SUD+P1FRS0PLBLpiq6JwadbAMN4u9bnOJCehng1uriHwrY7Huuve59XOwLbWAJh+/mbdMuIdL4L2WFz8ZZRV1v6ka11AHGiJCPcI8nZ1LeagtT3FJmVOsAIpXUB7Y562yn+kKAZI5kc0+9fKmYdGJ4dJsGzUyam+ZdQ1NZp/EVa9/hRbMgAAt5QrRx3ywJ1vM+3/sZZNB5eClbpDAgBP6sIWrUKdsGlQB1UWAMkzFeYLskqNP3EnPq3T0KRxQfq7JwwUG+woUxdRyFCpMdEhyg6OEDfNRCySk0rscgWlfaj8+IYsvcZGzoHte+it6rNR6n3ejDpKWfpHD9qP/4EBkR3tvoITVUf1WsnOw0/GSXeMgsBNoa5psXYSxA19nsLxn77glVcNBOPszvXVhcua5kvHfyNfZkyVMT2L/a7b2RY53wiFtaaNpwcuCaRRt8tQwurq2Ec+Ao9GuSudZc5Ea2nQIpJ7e7jX5aDkkhNCv9cJLAdwhkYoquU1511bHERTlk+Hlt3sfQXJ3LE4Q83zO/VbdRostpzFyuxrlA8GErvbN8f/mlW69BRvTettvHXiaxg0YdWvTjFXj31mFuzjd3XPx2vZ8DlXZeqtlhaEdVBGGkV7bwbxSvD/shYIGAeSOHkiGfuLBh2N075Vn15NgII2SRAgxDjLaJmH4mGxYh7UOByJYaDJ15DNYr+Mpvt6fOpUsQIWqpMxuJ9i+hdAujgzyZJ2u7OO5Po7RJF3hOVw2+u6uOLCYtok11u1s44gpDsIrVKm2/iFODw31RJJfDHx2EyY7y0MP8AJ4XW2ghNWFl2eJ6ObBdRj7PSVsVft5aPz19WKjrwHoBrb0zUzEUU+Vcw6otQsdyb9bz9356d810l0qcVKfzop5yqjfYDdWP8a52jL+Zs+we43m85XrfKlZzKiWHWBHqtVa8+X5dozYk+pCyadeqFXTdtljlehUWuVGID4Ibgwec1b5d/M6xEAQwMCB0w+0rP2vpoOpKAwMJ4AnKU9jxCKpiO3Yp/wZqsWYFB5Aumc3nc/7n5KEpJW51OYMU4/MNimh6aeOrMwHKX7dpyxxxJjoG2SgftCgJpIfXtCBl4I9JnSGYa7m6RQG6r0bjfLeIDxaqjt1Z/Fv68lb9NA4i4klM483sC/PAN/pzyiEULml4f7kAFzl/Wa8FM7xwcyedqk0EfeDGc17MYMoYrSz39fqcmiX1FrDwsIqRNZYoSCyEfk1zXh1cpcPELFHoxAhMYlW2GjL+sfdMOpSRGg0gEMY4wv6yTJ/COLAypDm3dpc2dJaWTFiTOdeHkIAQSTNiF5mMgr9cQrHfctu+UcZ1qIWr+sge3SWSOHE1jtckl2Ron/VWIv3Bpu4GkqvSEea8ZgJSuZl4+8wAazT5bbMkI5PhaWfA+r6L4TLgkWB/hhNh0FJNMYQQXdQnv901ght99EYOacbYqa/w9zeSdp9rREaX4eIQHtATVmFpTsF3WmcNZ+o9nE/7bCSLmubyz1xov2bcNjeFIvzCTmYLmXSb7KG8vq5AIuI9KRGvrH8wRqfiMJrd5LkheP/cS7b2IhGIYtJv6wIJACZ/Fdu7EItuM/72hRXAivaTXklfPOU3F/iQ+UI/4jjOWHp3gUaTqQh99Wj0+tCYNwqtbtiFYbmAXis9gvXB9WFoKjGJNOXkmQuTT7rLcy0wApMRkU4KQ8gSeVG1LK+B6ZgSzyUXRdYKqBeQFu4qSY3kDMuLF/u/Xx8W7T2Nj8WjEMfrVdstnYiRkCTZXRP1Vw8BhuWIMrqiqkLQsjQQmi8BACa+/Ks/cJP59+O1CXokMc9MoOovSWAsFY0mz7pv99ss20431NkdWm7HnsYOk26R3JCR0DKs5z7FSkhbPFahJbkcPJB64GWLh7mL0tWFfyq5s0DmHDoFu9DJ4Cg5aX/124bD1oZ0o69Q6dRTc6qkxYtaktdE13jOjZdGshwibr2MTx1ywPq6UX6/ZkRhfQ+z3Y2ndag2WXyJS7BcHR/MtGv5Tc6m06+lwc53tNFuLwJLWv3UF6ldEGVDnPM9iabwpOGHO3u7nrzFoYmKHZ1lPY1Og+l2GTbY8ZzMNDKyYXczoBcc2hmDKWBztPdk9gfNKHnYXjZCTdQZDjfiTNdC4VxgvIAC56Us3eoTaCtYjUePsyR06dkNEsnM+JymKsf+AJofkZMqy3bwSkM+c/tM9nKA+gEGndxm7uTmM+IFHasBG9qLRjzJCwB4rxIn9jjobcGkUTBz0McYlW1H7KWNmYjmOP6bNvSEtqPa5cmlxUCG7Yt3cxuLP1JoorKSrT3COvRt63o0p035FU1KN0465R7zKQDjDipD0Y+dAhvJ623sRdeR9aDa9nuL2so67b7pSMh6l51y12/JKwoB7WUPaAgXS0Mjw24chtDsNKuMlKk5DbE8BdjMIJjpz9Gt4eHVEnRulykrz/5/2pXYBSIWALzzSmcUXb6L/9Sk4wUC72trU2UvPgwSOzndvIZFV3vx1mulNHPu6qs2BXSuXvUhOtnXtWqAPVZ07oHtrBR2xaIxF6saWTe5BrUe72DCWJWLcKc6BF6mwlRATpcYmCqabZqgn1Yoaivv4cbojzSCH/49luVlwfCfA+YRaHH80wGYppp6qX6g8+V8e3jwpYBl3kfPn2PAwpXPK28i6zoi5XcqvJ/jgWmf1vbct+2txxDEMUOpFJTcBSNw+Y1P0WbafhG1khbSrAX3qrLGLjNfXJse48fCPSZneC93CxduZurdzOz/ohWSGWUtj6JD46OxPWCrkW2eYqxuNzjRbaTKttcTv4+i2VroXYjULCPT1ILm/nax/6w4pZ9F72CIzjoYa/JmmBlv3MXbnev89emE9bdmc4+ElLvNew8WPVE4UjRVYLOGzUegOFKFJ9CzV6wLR4vfl/CVUxtQ61XFDgP8psyglBrMhP+eqs1zyBBIfLm9AHv+3hLHxT0gG54s7j9/W6wF6WNo+que3/F4kg1DTl/LQWe8m4T80P9pDnh3R8rF7/rLk70lOCYKB8ptbjXnhrnSFkuarEQtQUELkMTFICpvPLvM1P16nFMq/r21v/sqDOPf9pYEZv0mn1SlT4nhTNvz8c5raanYjXP/BfPBF3mTIC8FJ9RSUzjjRY9y5ktnc9r9v0SUXEXMJScGIwgqm/0aRVF3r31FR9T95j21OOUGKWWkrovXEltBNaX7byO9VNh815i2T6VdD3sjmUFlWwJtjqPUyhRiLCCccEm4BqP87RvmhuoV/JfqW+Qce8S+9n9Fm8OgiXhzvNfe5wNdVwsFreIFy95WLxM+b9tA4MRG10I/YjM22u5utd1URHN0g5WgGJPa2ZAv8WQYJpUBT/QYbwyBh6VoC0NirceJ2j+q34EjDW9oI04e6gM4UeckE5dhBWwIl6RTkv+as743EmIimjGcZO9bVrYI2P0tdDyET3PscifqvntmEQ3Wc4bxTlZz0HMxKIxBoDiAHarXcb8ZqFVhomXI3+vudB7KplgWPv7Bb3vuq9dcjledi/YqHgtfKrL7wn/Fe2rJ0PrbPqT58sBcpqH69zUf/eKVkDEWymdurg/7sXDFF7I7KDTuZmdF6f60rrgExQeLrsQmI/tqI+4yf5wBJ8RwdSiePYA1QJlC/ewSQhRKoKsyFONTVgEY88cjQkgCNY5eRKPBH9TMDgTN96he1RkTs7DjJ/Bk3upmb4trurkMGQFqu6MKqrE9XZy22/z8eNGD6ZrUQTeYEYA0yPIrdccGsf+DX+xxD/Xw/63iQuwCIADHc/wM5xTRAHed47YK8FcNLP3f0i2YmBFqXzqqFVKpIFwQ/00mYITTX9fD9Y5jSf+HKysdeK67S9KhT76xbWD229ATtPXhln3a3HzTv00XcfH+ArLCaaTX4vbUBZq2CVi+FjVm1w09BaBDFc+6aEGmyDAwNVKVZ5Dw7nFiE68514dN0JvBZSh/rqjG6gAo+Dv9JIGwPrhprjF+nvIxeaO9/OySiH/BuENHjaVxulSLWzr/B1hN0FNs6rFDd9oRTIQ+Vv/T92D1PhlWCh8aq2OfDfBTrGz4ZBHHasNhWqQh1jfC6q+naMJL22ZIvB/N9vpcJcUJhP65rxOSyNSxLMoTlBC/atkeVxayefMvih8PpSpzX4kKeN1tYbaOybwrH3csXtW5E7Nph1Vt+C0n/4DM4ywspZNOqvMCz9Uvsk9LV8e916emOx37fu0+nr1SOtoo7I5kitnTygwSaHiuypEBkoUkDFdGmEkEqexuZOOq5q+Zer5BEMz5gIUzG3EbcQ4Oa6Me5iiiu0BHCpm1+xnFgnRaEmAnA5gmPsM8mY19ta+EKvlAj8GghvaUH/rfTF9CUxt/JCKVWG7il0o4sECgXbUZUag32wOYCrFPCzN2mAarGw1ap2lFAHL8pmtZ6BE2d56vRZMOBbdw4v6QtAYbEVsGazs8qn3DM4UXB+HSP1ymDLRjgFygE6HtwDhy2e2GIxxTlJ8GPxjEwmUbJp1w/XBa1OA1JG1RDU8u/nrv7qQpvt5tB51Z+5eWZ0Zz58nbuUaF1aXrfj2OstrJ2dGJOtWKRYBDJJYI2fSBMNtohame9s3kb/C2hB72qTtioqlXZuKp2PA1opFmP7g/URbM6y3rUPJFs3I59j2SakYCaMhFKHjPVxtxVIfhVH8611f2fbEL8FDk1bswW8X/IhZmOxW9su+7CivdLNdodco2f/979tgtIlw9CXR3IsWGTB9JKda2C8aUFXOdjGiV784v4/7uOxuanBRyMn/kq/Rf6X8+Io9Hsyhy0+TvvATwfN1US8+XpsrjjhKYDa7YtVwMiGtt8xRpaNiKmNmqsw2mmUUBReYNQROWgRLl6vI2jK7z47MJ0XdhuGnAvv71LS0cUUDtiXuCqCvukfE2BCLPhLgjUi1fefBDXoxZ6Eyazruisx2Fzu0WcwZ54rvgOGL8owZeYmVfVth68Fl8WSd6Fg0mLYcVTRxBYAWVE+B7LSoQFz0LN33dE9lqYIuU07+tEyKXjcnB9gUorqNGCA4z5c+eyUH2hvubwdlLx+YChaACxiN7ekmAhSbu+EHq69ru0TZ2+3EYWs67ibWWPND1EJH4HRQ5spitQ8a2iw0BXR+iBr4/TIB9xM2pK9HbCCccMgksQ5V11DQqprQ5WRlbcnaejfuzloEfi4BDk5bBcifFMzo0YKHthLeHNROT4Rw3lamKaMBhN/IhGlpsZHx/5IHODMYNkA8Foq6JKynli9a+JF7AC8KGT8gqsX4hK6h+NM6IvTiG0+sXMbecsw/gdtamoaRZ85VTK0O19AjeU71xqSaPCBE4fBXxNL97aizI0VC2Z1LIGMxV3Mysix10UH2duA1KDu5pucVFQxug+mAEVXp6wH6zvbS7+jdNLtpYzhvmJLpLQ3BJykovEVOxct/uIEHl83pdkAf7s89kaMr9hcjhOGgzMFx5jIAXfcisDhu5PfMUGxvr1pTbKVZYf9lkY24tHmG93k5lQDX77EqSZekwCdVivEszmG+WHS8KC2eviz+UzmKxyR3dsvwoy1hs6hXzQSJ/aVNKCXUIJHkfW3hQF6koi32I8BA2DdGJAgDjA1XEhP14ToDqKRWRnB2pqY3LemBB60AUKxuKpEY24qkRja1RBotIGdwf1mXaqBWNgoH7m4Bn9y0k0M0Fl7wD3OQpxF3Rz/DOuKQNlbNvzDRgaDWsFN25YbDKLF5ObEC/Hcovf1xtxVIgwAD+/GZGDLTrsST+fDSwHuaBhVxlaZaRJH2F8m/2yvdnZm/8u2v93NJBUEWrWZ/+dEGYbjdL8u2UTzxATa5nqD4DsohwkrXiSi0xFfznTOm8RQfodOed4Ny2HzOqAsG8Par3lakYMjxpEY70fLBWM+5OSUYpVgXfX0K+5ML5oOswXrGRDlAPPJRXQf3gjUy4ixKpWGpn0eGWHdhaQeHK3vFlaYV+PGLl2yYMzwG6UqlTfMU7R48tdfp8mfnmb1zGNB+SU+S6GtSf0F5YgJZDyHngE6B4habZMu6OgVPdKbuK5oRIaVzQfFOXdRtaE9oFhauVKuZhinTrG3ivuSHhUfpQ6+4H+HjZiW6gvOfvBUgKRCLhfp9mmCI1g2nI+Sc0wtkYeH5Fy7Ro6enFU64+ObvzeQX3Na8yL+t9Zp7zk/M6CaL7bhQfqqUqC8hTCsYnX2Gn3Qs0cMjROduv11PhwgaZ7v6rScjVnBM3xSYoWNkMX0EREwAHbDg2tr9cS0yLpNTpWqOoR8fDzGC3qfiQTt+NXOsdz9eB4CUPGSUwO7Z+NdrwjL0yHwnqMSFOlPBkckCSgAJaB9Wpwt84XCpbThDREJd3r0V5VhW95sg869+7n52UdTeH28iw3DuP3VDLUVTh+qL5KSQ91IwgDhGbe/lLd3FdUFfRxDV/CzHdWF+hinRlO8Cffc8Q26Z4e2/7wQReyEU0cJ1I1npJDfeLOYE5E599maoxKfLvLdTtdhDSULvpPZVDPXwrO+Dx55H1YKBzpoEEBISwxqQRWhRSnxyW+ixMK9N6qguja84+BcKrkTce3AFYXheQR7lc6UMU9virN2Vyh56RGhDtaT0fZBZaoFCwOCPVbYMuErE5XL6MpeuOr7ImjRUInY5lwUQxJPHVQ3CX6KQ793aRQkVcz+fTO65xwAOntHRZNBJlxyTpxF7SX8mKT4ddkAuf9dyu5g5xsO7lmbPaDbkO0gkxtvgE3reOE3J0reYl9IiiTUYS5lZcCEvKC5kq8dKL6P087/hJiGbwzg2f6Pe6fEHlQKfYAPmwDnQjGh/XgehOYhKfHSBriYaOdNFthzEWP34KGnv4OKFNsguq3SWga9PKhEtGpIPUXm1zcM51d2ompVcG+eyzkLYv8+mQtV4YQcTdmY7CNBFfhzg6jGObqJlL5LrDdcLKHxxHzwESIjfNllm8DP3iyyH6jQymLxQNR41IGqqJ4RyXn7hn4YYSX+maJk5qcpy3bqr1mrOd2APZp0sgqXlLKLvcaptMeyowCgY+KQWAmTEEVQj7ypQCn9TKlUFUyLMI+ZO3+4mawoa4cgvHR6sF/tHxEvwUlLYDzea+6bS8PgYROJ5G5y8XKB5jQjVr9pyYL/CxoBQDidU8PxVU1LumpWYTzNdtKvePUHiCXDWm/X/Y8QD7iD6NtLPkFCcqx5SciYZ8cW9rtw4OdM8270whUh563SR/tLmK2/7IwdNmRbkPVX8ysbGaaIWAwRPDBb9JBVPaykK5QjFzg8K34hiFOwMEBIYnlGqjJ3jN/ZwuzVDvgFRf7KBSk5ojQreJ5TISYNVZkP5Z9K1Kepekj0OARSemY7HyYEABQXejlJXYTiNphQzAJ06BSQMABr23v5rPCuS9rSmzPhkj+BGnmSFpTr8dfM3Z5WlPrj4DPGvVFLP+CzCVM2Q8El3OogZSrHYmt76aYNLZN7vyYFUCWRhd6O5SHtX/MPv8g3XzTH+Or241HOnmSdcf+F4SRjgO7eBq7dwTiDe5UXlahfvuzCHwB/oV0P0CfYo6zAlmkiXRJLNtIrOc4+QT54CmakVk+m7igIFysWGZPCBpsqIvRnQz99puE7/xP7pmMcD4sfs+iHTiF2+E1q+bMn0V9DlFQoO8R+wcvwj8/2XahoatgubluaUFFcuSsMUDpw6smmI8VdjuJ2a2QY+xR1JV9GDVtxl007TRq/2f6oECLRX7iAMI9/Qbp+7In6KXb57zA4h5ivBkQQbT3PO4phNHaVgfhZp8HNhjcG6LrHNTflJ/Ii8b2E1uetVa/94PTgv+Ws/sJN45HBi3cs8f7bouwE41o8ZG8VcSNWzHyBO2EQJIieBOTgXrJkWvm+D/2tItv4kiZsJeb5++kUe8TcUrGf9r3XPfYg5PZRc8NtKxS8eoHkU0tSngfbSazsXoK8wEReuZLLt6DHHNhUNs6R9AKpb+jncd1lOTuNsFlz6ZFoJnWrDtplCYnZN5pF7sUlPKSTkivSU6jksDIJZKdQoWO2jf5ubZOJUU6rUN4KpwVlM7KKR8zw+EIZpruQtksKkLbeUGegModwkFQ3tWQTf80JxGHKmJZ21cN1JJkk2tjiXFnaJjB1Ix3g0MSb5ZXUgQBNwDatbpjiaIsc/TT0CRFjrlZM0nfhCB61jNN1HxAUKN0cS4zvOGtQxETsH8zAUPCo/gSjeU344kreIUXG6fpP6wIXiIhubivB7NZ6snjfvT6Lva7qe4ASH34KKj/ix3LaiImP6+kepgcU9lX2dJtiuAcbdF23b4t+XEox8rP8S2FsSIoJiebubxGHLua1KzBm+WvasETtPSDsFbbaNjOFNgPV3Y0adtrcZSknWb/ZrVRkpLnrj6apbOGVDuzjqX062H5Y1JEGfrBcusnDva+cyOuO2y134f9RHZFoGwXpkIeS2VhTw3eUgmc7Pmb/KVuNLM4QfRtVPZvA7yO9w88fGNAy3VHzRUiFZJ77GoCdUEG4l6IFQTKcPJ2hyk5XYV/pT+NCubncEmN104emEZgVhBBewELmxKdAblOgRVKI931QAeVl0WCDTM45YPLWFuO3txK+/t9gCaYItxJrfi5eJ5K2p/io4YQ9YNjy9N3X/UHqlLZ9Wev9VtJTMBIliCU2C6RowfrXiijE7QYJY4h0bYW1LpbhA4kCw4Cu4UPrD31PHflcipQNFNdGvTL3tRlH0iYorB5Q84+VAG39izocl0kfae3F4fFkNnkqNn5nmFChwWy16eINp66d5seSySuPcwX6Gx6ArDyehkxCBYreNC1YgLAhSA0ykU7gie+73LGTLINjrXwnShdBDczIH/bnuFS45k5iZ4PrSo0C4Sk6BGuu4m00hjT9YtnoaW6gQ9cxhf5o9JUv6iePd5OaOB3ajk9Uxz8wZoHzjX7H06kv5FEIfZKEDAuGQ8wAYKU83QAF2zs9AZ+iQmrWTvNzMqbUcTNMrQbH7d1ehhnqvUXWWi2wGbboRPiUJCBGBIKmF0+s3UDRwV8sjh0reubi+PXEPd+LFaz6ZMT0J9iDvNfxaElDRvG2vINR1e8TSOnVWZ6GYd5U/H9RcZfaDZdg9WZf2ZnoXX2hxLAOf/46IMVykw4s7v5hHkYyY/Cgio1qqkk3I36FmVIdf+bTFBxhcBMCHSoKs2wr1q6miJHY0rTVOCxh8O49rbH9XOUSYarBpDkc7w/GdP8C7hQi17eSE2J1097kE/AGghfN3hTlArBKqP+PZ35evPWVmuT2bskB8UGX3CaOZmowhAnJ1b5q9/Kd15N681zJoPrPFsnlzFRjbLRS8pc3ay0yTZihdLys0+La3aHoS/n0jJiz9ZzNP52Xs4XV2klI10D3pJkOe6EUtCzz6LgWNEnXFcwGDBsL6nCmSw0AJXCDeqcXPF7MijUOOFb30J6wBcXTgF/SnBoLDK0Tx0h9P/4K9/kL2AeYeuKdW166p63rnnlR15kjBEZVfbL3ceMykY3EEgPVdGYTik1DzSo9YtmkU9mCQs0gi9yGWKvRXmP0B+V8n7ub7788OAeqo3hUqzt2ZgPVpRnFr/DaB7IXjuRG0Qmt+tzq4Jz3TMZb2aCzYVxzKlpTAHKjzawkM8rzOZ8VAQDiTJy9L9B/xVQX7KFASG9Sf5v5zuwtQ3qPIbyewDOsWXzuATry002yWtHUDDm0HlICKV0gpbvCOcK05umabQeqeMHMSo+oiB3rrmk27nIz01V42If+lP0J53QXfrA/QMDMgC2HarvkyFN0ysNB5RqyiNN7ubR0FsBra/362CVlEWPAuO/4Ck8W3TG5kJbVR6/SiTZJE08mGvDMRt2IAC9fPLgoaEnvqkKCo4ufuFugaVtPhMYbgb+vX62drufFmf8LZ0tYrOLRDChrQwp9uLEUQ975AUr5ohYzQFW546wayL4N+chmb6XTtLP0/DwzXd5VaViWgp/gPTPvlG2vEPqcPwojMtBBpuM4gy0UmICD1bDLWkfsfGkUcJtoWCWnwiNDHnvgq3fscpzjjyfY3OzmTIiOVfmJbITuAShKlx9xbKgw/SpZCQPCCfL/ShrP5qRXb2m4IwooxsJRYjAmnNVTwB7YjSfOHNy/Q12HXAE5HHHlK6y6YcQvw2f2PzYrXzo5k7OT3nOCHUtWaZkEPciILS6Sd7tuu3tvTpEuHruB4LrXMEibrhLuAebZs8yF4M7WvBAdblr7paKwrqjtIHAlfYD2XnaDa4jEjmq5yGNMrFpE/0okVHLP6G0lEvnSfMqTUcbkMvb2VY8syJhgDGEGKvd54Sde1IjyR70RlM08nZCa9Kb2kMF3wQ9BZcazSK2Q4IlAR6PteARNxNOorjsQpAYEaAC36WpRDGUyWHB90f1wI1tGOVSNjR9U/YpUj4U0uQsxiTP407wyGhnfpNzH1KKcFMyZcibaT/XiJssta2TUhUQyBlzoEI9Ig/8vwyVTWR7xs75RkkeL6AbMjG6+G11WzgbSSl3be52V1qhP65h6Dy5kadJ2BfuL+n/uATn+AQdjIECVv1HX5PGm6w4ptoE7mWuFmw7R0Za3T9DIIXelx63tk8VkRW5twxiKSgrsuv+WCiFaPritmvUPYB5ouuA0ZarTbsACEz2PgYim/7Fi6Vr9r+hJFwfLu/v0+FbU7hY70OMGyjAL0uyxi1oxdKnKlVhnIdn0Yrv2Yj8DkEn0OkaOy7XaeGOMco9YYlnBA8qsv2h9/K/gp1CxG69koYOEH4A3Al0zPvB1xVD2AWGSAI2Xw5x//B13SnCXniQAwnQXjBU194iUBoSZ7TZ0KQp8UuBujelpga0CyO90/EDqmFMNNxtMd4wu4EX2TCCwWE9SyhXwTrzKfPo0eqh3Nf+0lmpeYTpBKViH6OhvOBFeZwRW9qP/Pszvt/L/TMpsWQIzwaOBFUNK52YOMJq1PEwog6Pd9J9JU3uZsFT1LRMV9YJExaMoPZ/Mgo5qS28q8lL3b2ELS/TrOQgv+I2I8slQLIekGmy/hW6x4TE29vBPAtIENWEWet5xtHPQybIwO/r+DnK2vsl7D0rAbJHVIoO/ELy451Xkh1gUYYeoLUxlbbGjlukBfiBe1H6bc6I7ZFQZ3OWLdK3ZTAGAE4mnrOoaLn9Bdxe+lNBYMmI0rtO4kxvRaK7QjSEnut0LUn56v9BDUJXF0WsduUHztahyzmn54L+48do77/ErHxjWN4mfMLKSaAddDjHyVgHkx0JrKdxLmrUiiKcaftnY+KF5GQb423MSV9oTEtgBFT6My52GiV+rjf1uee16MpALbxrSk7ydQQ82W6rcWqCryVEcaiJ/fEJrFGFmxYMjblW04SnjWYdyRt0iQaEtCDeY+5i8/U0+CrlF/S0CO+OFq9+EYCj7L/B8bbhYI2mVUYgoR7AjHU+TsKyo+0Mn9ud5SudzeC1MMQBoRagycNpfPqTK1lgcum7ZiWoiC1hkW+eP1LskCeRX1v56KT9P7F85DrCt68/Llsc0DDoESTsdHDgm9JOChoho+PW7b5UGQUUujhE7ir7o7ouAApsAj4uS60MWCxnDFkPTjSrAQeFEqBJpAiiXcxzojziX2Y0mmoLgBhEMs2HaIFdr1wedQ0RQH+hsG738pzJPnE/9cqJxW+ImymnvFK4KWpxABeP+9hX9B12FE49Uir8ZE2R5tkhNkFeeUpHbuhs10IWx8DN0WSNDRXBZ+BEn7RJZTcky+31gy/Beo1OwxwB9Adiu1bvp13RkKSgJi7TYuRz+IvJqIQ7Yf8dNiyPLUR2jTVUXM3ndOX5uskrfBOKaZLe2cX5SUUZo0dD7N6aNY8fOEBwijfW+cXtWabYyIX/1UL3at2V1OpnUVLuKin32Av2foKcRhZzRCfYpfr7n49dV25TnF8lVLLd90TT7HhDWeM2g9AFWX/PsavGNPXKKrKCdeFbrG6ZiJ8u9kzgZ5wVrETMN0HjfbbPttsBaMIOY9Ns26yTatf/7g2XbuG3b2eg2kc/YmYwHxoLT+HGLoN8jSFFCWEPDHzHhnNU4XIhUJLXcVTar+rJG7r93eyQfS6oA0oZYEOkyNmGGx3wr+YpYLrOPL9RZduPbVg/0ZCabnwAUTu5aKDKLtpGStCLEW3+SSV7dlfVCLDz4nfCzRySBDWGS5HDhkngJFhuDi+IdvNd+pi8PypUlCUm6gih7N4yRqA1wlX3DTIU+zhIPyvsGPdOEBGbizRVP33QzUK3asDkWJlaumBbPhfCeI3fwzvTjLGnD0UIwV8dIKZ0lp7uwjmgSoa2mgDXSXgojk0MyUVq2Kz3u7KjUrjts6wWXzXgM9GVpXYqdaLLhGD1k1R2XLeekeS6s61PXfDr9q5IlGwQDu61ODkTy2TFpGygYA82f80dOgKsSud2Y4s7kF5oU7CuI7X2zymTh18alN/7vEc1ZWb13H/iTfEXXZSyhoTisTfAflW4KmorqDjo6xra9m3bm4qZ3G/p+34VJdhGhlhLCJKY0ZUV5RcVR1l1c64o+lWQkPbns7LfqDV15oxEYq5f5ByXOBC/bT5jWiYptF2ExZe/Nbx0QhTIhw1Vq+TPnFZnsSKjR+jK5hol4Ly7E+4r9VlnWoCQId0ESMQhaGU3u2jzDyBG1Kzp75ra0kuvexHdcOLxkipaSew/Zi+v4p6BOuNXV7jz8GpabH0RfMmEhM+InKzn4Vy6aVRx3X1bDnhHOjjBxuuK+9mhtKIwU8lAfgLnf1jQkqrKcFAZ4ZQC/D91YxDrSrDEbJRVfr29I8f87T4Ula1134tY/LqssesyXN2ks7kXPbE2tWdmJzQwXZpSv4uttq4SGHFMHW4HPmHPWmULkf5+zNWsV+S7n5b7y54+cDnnYvG2fG+K/g6NZW2j3ZwjQ7ygOW6+f3ffhQUXiJL4zHD+osNV2Q6raSddJYQ+lr3CQzixV6Hlvu4RdO979SOU/ieifbn0Jlv6yAg0wQpcyR8wLii20cee8WLoZn7lypDE4trWScvQVxsHuXML6QgfyrUrsi4BXTgLh+Umq+MdG0N9zYS2bHVBkgkA6EYCAh9tjKShsmlg1u6k7hc4UKx7H3ffNf6KvbYA9fIXr+g8TeRN4vwP5Sj3kPFKZNvTKrkpSWVsem6bQnk3sGsswn8f4+5tu14Tnsc/9HrZI2YiqCqylqBaJi6TkHPvsqv6j2jkPHe5N/9Bw7u7JzjT6JjlvlIP1tJaz/bY2tDeF76/YN8HZtf1HseCkgBNVO0MUp9Pe63TM1tIJ+mmp9I7w1Pvm99RTCx52mqsidi5KCZp4lT1OoPLhMQa7lZjWqHsAupQs4+j8Sqx8Yg/SegGO1be4WvAmrF+M/ypdMlHVkDZiwAizg9nkShcrVmAApPAoQ2QaXSItq2mL693kQnyRR7C/UmvFgW/DD7/UaoSoMf8MIuB6xTUpUA9nJjI8spgPSdJ9kWd5QDyMVVtyJWyAaH9bGYheLcqsSATTUB24ivxIEfXBXvJE6x1jwgw/pa/Y4UPmJnC/Cw0yrQISS4yxrKRM6TX9YAxZ3zVqnaYHMSpRNTL9sCbxHnSrSiWno19g3cmMz8DRgnO+6StwJxYDYlP59wmM7tzYI92eI2nFxhUsj1X7fZxJEZ47NCSYLXnwDYtjZirRymO8rL27ax22mjdxQdJ71MB5htwVR3Z3PkiM8fZgYhwAxjDa7hmAfRP8dGwnJ2Si4n2tI/evgjmu6NFJ2GtkgBDjKgW6NvOsPSzwe9KNf0vdQNwxXeMbq0NdNDl+0w+wiHW0FtcUAINYPRPC4BgaDtp+vkeTv5LO/9xjaO0jMU3BnP/LrY5v6S71EDNIixBI3J19mMiYfDgOVe58In2DesvxjKv+npmy7cGjwEbraD8ZHlcWt+3tIFl4zDAyE1KL/fPt8J2J00VputGHiS9/T7xNqGInAe11dGBrbowfqLEuHC6sXm0c025IsC0tgjpREQnJf3eliTyJwvzEQCoPXrfE2XMybSyI9Vi8R2YBMGMj4AHy1zLTUPk16Ykoj+w98lwEZtZMXXnN+w6h7UdmmExwwC9ZihQ+ZisY9zMrXFFbvDdqxSJp3224imbRt0RDTL+9G4x58wi1oaVzX72Me/KJnX7gaz6s+WkoWSCC0BYcsP3u/jmr1o5ZR+i1isXF2pZ+23czjKKwGlIPfnUx7NRgqASl8MRT4klgrPEqIduDN8/gP2BYkdbfAsjUAaRaEIlLk7wprHmrM8MZUwszER/b7njhqoweurnPCZFmF7hekeU1spaWfzixUawCxGNDLOoxMnAjVblNjiSppVNRxzwkyh3yDBtBw4zQfDM+bc6SqsmfFFcDIQmvvrlzMKKp9C9C1fEJKWY4ungWvAN4vS9qEqfr7cRQ5l+jqoE1q3N9fbLA/VtIAd8e+5+A43QJeWWBzZKnyjmizWIIpXL8bIrTsWDxwr21TjLpP+vW4FwfkDglS1E0nPI8YvNmz1OaK9AeQB772F4p6uopTnKhVvLEguAOTbHij+unfRyFU31i8B+wf9ViO68Gf3oWJ5mOCyB+IxqYskzP8xkCVAoKqrmHwoOqSHunu1zH6aM4+/fgY/kV91G6X8e3/8ofuTHY/WwU3ebLV1yJhdjgug0dhMmi1ObKgjVkT3RjDcT6b6LcztARzKS7QnCoYyxoKSy+5Xy+j0qwrrEoTg7YZr12GZbpmhgwvdLRzraOj9jUYefNr5/Lc3X7i8D6V9Wu8qOG6/0dNezb1L4sCzyVZKmbKBvp/g4R2R5filClhCqBVKN9z5gO6Rkt89GRjW0xaw+cf0bNFXY3MKsBT6cVafirORYYKxch8LYOBMrxQbhU00UhmJQuTZPbGuroXDhyZA6Pr24Gde5ciimPv3l2jA/+MV4kOWD4fOO4tf6OXdpn+d1aC9DuW8DAu+LqOmFpHOWgocNWsh8/M0Ww0K9VYXXzBFkPbzNFUqjtcpyWRye0SSIOMibYIC0d4lJkRjzkDJn4gEK5bSAZE/2fom5cAMcfau9PijKgdOam8Q/ru9g4B6UKTV38nkkM3iWGr22R2JrOcKMzXpw/lOcK8KqXqnpBHeIbuT0E2KD64Z3QvCzqmChcteGwxiiO0voZSMVKEF83xMRORSw/ylhDPCMmiHsUVPjwK4l+s3683h4bmQ7mgPieCu4g6EzALCNP0WrhVKcpp6kzV20LFoUSwqwxOCeLudPba4mUi05KvHmzzeSHfiV6kZ7CE7tqw8wAGJUvEZRsmGKh7dlZ4ZMq4ED8br1LiM8sGBVdPiUYaBlu4pcpW8diq4LWF1A5Iu6OUQ8+UUSXpH3Z0BOYY6wke2Vl2Bz0kglqY/bn+E3g2weZAMcd+TgljTe8OrCgTrfk4KwD4VDF+Myn8MwgHbym7PD/qLq+d+f87Xt7tJMqVvjuoIkmptwL7KtregTXqAKsk/OCx+qbLuidWSyCrV1T3oUWcno3suqFjXJhlThaNvA2HL3lT2Rao2IKcpp4yfD/32gwjXitZZY9+1LnCp+2daIQbddSxGRc+5SfT5+IuQsuPx+QE9Qy5xFgsLzMZciwZ1VszwQvq+dXz7/onVWtlImPBvV4Xo4fdvMxTwwDTuvX5nX1lIhXFTTzrxfVWmfbiSfG7y+ft3lSdRr48ejW3qdnpZZMRZVj8PFz4lYN8zpbSqL47FarH2Yv5xne+F7CiaBBrCcEQrxu4/ORa9rmGKSiutxIzwpdwqgTwq6h2m+iv6KXX6e9EqnrVInr005xw3e8qU5zTvtaWGyJTtuUUGg/n2ks69xOP1H/3vq9BWWNWTXJkuk9QjkXLHYRYxR8bITkc/teI+1DnBK2G7M4QwTCIrmyWfGNVd1rV0v+qS77u96rlkw8i3TsqyEBUNUawPAICNCK1Ohsk6S6gLJmY4SiwhqY5pGUNsr5kUmQEuCrvLcbLIpmwGEojPRAip++wk4geJZmuwZP+dm1+2qI9R7GTlZRYKksJAqmNFSi+522Cb4bWFlojNfjTRGuWjjMpszXFfGyT7nnfwV625dikAKx2TckMM9IV1pPn7ozX/vzr85vQsbHUrROZpZxhNgOY+UqePb1RKHmVzk8ctkt1jshBye8ERW+9xwLl+h5x1YUn/213rScJGPw3N41VTWb2l0R49FB9BkLWjzSthiiEeLx33AtK800tzZsd7co06pLwpLCxqL1GWXyttZIm2AqKIeiChV912awHvu5rEq6sNuHvBjkDFKRIHwIN7OKiWxPX4mHILmp360jIS+eFQi+LWnb+OcZNHxuT3JkZd3Icikm6H66GGoxKIJYVXm2M2Wi15xxh1FCbpG0p6JxBDKyWbLcFdv1YbUyxM1uqPkfxH3Dmy6EDf0UDHOEMf+ZSUunQP5crBg9wChrPdDaIdCUShkuyjBt9mKZE4ypLCCv7wCeo9PreXuxvpFvuCGAMgA3I56q4C25E6ORzf02gopdjfSSllJFzAb0tV9zdrxDHpAQzoRuQTXWgmzKtSqIjHNLf2iSGYNb9l8LLBBTKA6qKD9Omyiv+mxXGfRNHIGJCIl81nldWtgB4Vipgr56mvGlGNPbQRTUYFkwT6XA6bse0LRpVdJOfPAMXVEe069pB71nsUrp+QcFuNMrRATBjil3w60GMvY8B2MqZ16lapy4wOwChmnAOG6vPxpgpt9qgtGJVb8PAQY2h5ISMoOYA7XwbUkrmc+86egqepHlEb1lICc2/2AFoEWLeKUclKP7R3/4w2ptHjfOYwGLvp7BJxxW+xC1W4dpkaGPlsrqIH0NV/5+pbjX5wromkk/ZvSm8Pf1cDZFuuXPQaMZQ1KjWJovoBBYRY+FTHVv2BISNJVS6YA0R2Ec1+G/hKceCtdOXUplJgKLOnocdkEYmrj6g3cRta89DYdn+fSRJsyHqEU6BI0/19n0C1wfUR1UDSqW5QTtLRThsOFa444i0uMid0mO51XcrSQl1q0kbxDwQgAWx4kvxPAeVbvWjLwuW65ZfZpHfEqXQE46bX1YNJWxBwOmdO03RyUEcsPzT1RjWoAuHjfum7SDwiRPEGhzIHfjF93EFvPP3H2UsaS8edG+n5qt9I2kV44DWQsZ7NW26H7LtdrH9CDJcsy+ftqn8u73dzXk2i0d2DGDxlhexklmqJi6RLE8gUVxf782eF1v19EQCqu/u6ehmNpYcr+0KCWck6hVYfZQr9i5Wa2OlkOW4Z2ITikUswl0T6rk8pS2bLeYKuS45f9G3cALocE3IKeVgpS6bwNCFHRNj/tt2sl9Rf9qroUoEkhMKTQ/64HzyRTa8P7/n2VNj6iTMTTkHNMhow1je3rWaj/8/LRXAjLvP5r1zQAJbTOc9JF2CsogHOpHNgNOUs14loGS0B4nsTaxFXoWd7hq740g//DoQMz/i8IwbOlNdhSEUUTIRtu37BSQygKhJ648h2ZYbclHxAmOXmgpPyMfFYwldjYMTdSmJmK25IdtbbHPUJlhAeuT6claG8tyEPwmzBtlVvwEuYKrGLkERq8WE8AeKwZ1SUE/701VHSBF+IXjECfOzriOoZ5vQ4kIpXZU8LmDPKizrzHz5npp7bWZccBIDNOfgwAJ3v7yfji964pB9wzGx2INvhjKvh4Ag8mxBiI8JX4s2jYd9nkQ4udPLk7xcm5ynceQASAqVRir0K2v5U+2QxHOo+6U61Yj0BPMK6OOBEbrXEant8aNflUjm9PcxyrmLBxlQBEC9m0FxLzG32+pvL52RCSlD9mTP/ioARS6w0Odjtf4r6HQtflUrbwZMgTLBXE9pxNsVFnYLU+MJJkR0XVq33AfS+OMpaPflNp09sLMQq0hpoTZcDS9HfjYP6bh1ouHqKqD6/aQIUicoLBwNog3nnqICjPYDJcEJb2Tnc9k0FykjJGZmwi0pyLbBGiNcvnAWmXqsTPE7byOK4KBLVx8GR9W6Os56lrHD6acKfcfry12GA4jSDrysPhKDVg9vFylKO9Se/E0a+WjCJxqQScT+yUX41SzE3hWYZT60Av4uaVH+z/BiI3dsC0Flg6G9B8Wpgqk5q+2VLjtTHdOYpbHnfQ/Fnbn3RlDuE3a3U18wwiMiveQ9I/6oKYfM4H/LMAT8DMbLSR8MdtHIq5+SL5kQg8FjG0jYPysnJJytaPM1XUL34uhcoJHQb2c7/ChFlWCZychpM1/gkZK3aLN0GdVzcN8WndWlPJ7wj5pX069Bmnwk+btKh4OVZtbMsrMB7qWHetaQmu2j/ucw5sbBWrUH6Uuk5Btbhq6rL1AbTP6Os3Bw5CmDMOENOfZFOSsapRIh0QkriOA6qZv9NkcQ2mhCzpw1wkjgEawpz73Nyw1xXvHccEOJGh4HDAATqn8bP6FlMCCVOXAZMlslRUWrCwntQXsXno7l4yccS58bcvpEY9Bi9u9jL08epz+s75t0kCWa/ag3NNRQckLW6kpqQbisXUiOdZXbW6ISOKpB500vTT/QxvizU8F70b6XUwF74XuvbtzwFmPjFjBVXefn95eIS+33gjQxIKwnQ++xSBUoEvw85q28oaMk0n7AMTX+zXYtLeZhEtTq8+EwvzkDltpQ6EDoCEOxYQNGG+5KVffx26+EmY0qwTTxJZvLy98OyIhOjegvangrhLxkNkhU59qRpxLR/qomcCKznnWSdQKmkL/dAoVj4Mo1L7TAz64AAPzd5r4/VPq6TXbQvGrEur3K1hS0/NDjo8qoIuKByYC2g7iOwiYtqQiTiCMGKu6k8INYqdoL6lepvTPtpTbyh6Wza+hNhTcjO83+JNIWOm177/F2/2NT25iBB104PeVdy71uSP3TcxfKMPeSF1YbkP6gGkBUHEHLxWFVEoXkBvGkQAoq3FJ/e969vcElsCK3+rVwsBeCzJXkGcyzw4ueJ/nIxD01LinIpwuY1vPvh/IxCzeAuWUeI2qVpW9rY1YI45NG6+2+HDzKGhmGU8yLncSGBJzy0sW6k+Dntw2PBNCB8na3jGomXEwCtgAtxNphSHKfbAY5rd2cCqPHTB9+87SDIaW33eLPeidmQ6Qb43jAlga7iZMhwTbJWvrHmQf21NDf8mF7ujRwClTQdeD+FS/Qoa8P3f6PE3SyJR0+yeypM1lEr0pqSFlig11nIyvU/L4BPN0tzVCKVRnfOYeTWxdcKg/EyWT+hS2pn09SoHWvoTd1z78j+UC/kzgtnlyYd3zCAMwUvx2NkENIPI04zpvS5kjb06smXF1Q+54beDI2DlJHg0kFzwnhoE0DePTXBRzgDGtOOKP7Qb1tx74Nkknl5J/ZBQsg2huQZuORiyFR00iFVBnCrEuamVdm3xFXvRS6aGptGGooNqiqCur/lXeaW/LkNfQ/+RuhoUjGJasJw9l1FDHmvSMCzi1hsjm3Gsog3k7sc3JYTg45cFvxBAHyHNzeoQbkM+MnXlBeaw1DybNyXj81tyIFC3he3vRCdiLhro8ONGUgFNpItCRSejtzyzBzL/aPtm15SyK4dLGNxaUsKsIa9Afj/1IBwOzbKNkUfyVubM1TOHEWJkbRi5KP/ovc6l4vOGj0ZFUVsWbYXK7ObUvvmAdZ6zu6OtPZMHLXuGWeDzyYrLe82hnSVSUMP6m+8pPubd/MC+l41+HyZZ5xdM8mmIb5gtfiIKx/vBZA0Z8LKEaZWWhrc/Mj1v0U5c/kAB1keuxW4xUvVzvspmf2OiHjCQ17uBCIHHcuObaAkaSEcslrmoyryeeTkqw/RuwEnyXbugjKM9N2m96PJsEbSbac47oUlDEHdvBMSQuaYTywYtJ20p+7ztWFNc+CGwTVs6E61ZXlUHiA6AyA4DxPdXvFZpdWTgW8ZxoLMEbJEkmRsoW+v6r7iC0ltg4/NbGudAlAs4+sTn1j4m8KL0DmvruEWaSfH8S3TbxMxOxGMzL9PnRIGSBC3RZzb8agIz/ffnihG5+LV8FwzNK7FBxFwEgU68DzcQ/wHnBhqh6rkTorOsCtMlva3o1fmPgQA1PZWQiHiGL+sHiIcxVUUz/cLHQ86o04Qmx0jncyctirGjqaSeHWYhjImveRMcBqumFO41qOf/5diak0nKGoofd8JlL3YQ4rjZETAPw9cH+QyHPiVhnosDjs9ScdSI5/buMQrX8Q78pOejz/OFh4iio9Dvxb83NM168qYKvARaVoj0wpkeiekuQng804R2eLr0b7A9BnsGeiye2nA0t2lAVQRKxhf2oOK0DHTYRpWv6AVWP0Z3O/CSR9wsA4g5ZSJj9tNAYeIhCAYyo5uuSO09H0JfTYvhSLjW4nq3BlKPmddg8DboLIM79yBNYGbOEwl7FmRi+hl1snln8I0Tiq592Sn13aHD3qk6CJ3tB7uTdcizgA/VLQz5PWkNjs8Qxjsc2RaTmrZxzDozeimOZtSQ/hnKu4OZ6JmeZbLOZaK4RG9cmBm6gBcGAB7CyZ6TVFnaBMfR060Z3t9D0Xkhxfy4HPxyfgCpeYs4ubV2wFmfLgXGvwRnb7jyRfmw8+02pOwYIjvx0FBKyk8FSAb5iqpBYh0uxN85oQpLQyJfKGdePZ3tN/SM7J7c4NxEwXm+37wao6friCayXt4DVk9tklnm70MYJ/qQG1BvO2+ya+I7xHXM3TzXLB1EA82JM8LPBvXohcqxQnNIDXrHCsmljrR8JGLnBzMx3/hZj+ZfQRCIT19tGjFpjCZnVkWxgqYcKMnAspa8ov3gm0f+OOGfVisZN6Q3AX5/GVXTSEpuEU/O15epHXkUqmr+QirYwNC8o9VzZxvKwbFhUMYPR15S2oIczLZ35Q26MHz2fG84cVj+n7MkzJWvOdgPXgS+Kt4YFvlEkst4CpGUzoDYEbQix+1XB9/q1Kd4p8/Fh0DH/KxKVKilJko/L1bXtetsOMRJeYon3G3W+/z7uq4wreWwiuXzQC4nslQIzwSAVfqFFUt1kgKXPexZC6vQAwGYfGBfR5qBh/M35ARTPfjpHZEmq2HoBQ6QEPanUCoY05SbHmVjv+HJX+eszNKIaHK1CF1vGNm47kzDt9YozhcZCa31sNCz1vQdOGIhjgGWZ1i6TYw9L81BsKgcwOtwhY8/oMGIyQRsbXBn/erGlr5OxOKbTM2l/ekxNP+qpdJrtJA7MkqrThCpn5Txlccm/Bfy/4t5ZBt03GmKbPyWN3NfU0Ka1ANpa0APTZ6i/N/1G4v5WKGVg0uUP1QU/lrqBYGcQTxgqoQmo7YcIlLOqa10ueQoKkDk+KL5H4jXdisDduZzNQGh+zxnekALuHS0fh2I4z4jX0IG0pbuPk6q1VtS8cwJ+QzZqfmckCZpbp+g9wZafN32vjP3kcE+RPoQqZ+IJvOOqv2+0tf5SThX8vmmqqznDgur2xt2KMM4YMm5JsgD8A1vSVShQIK3iGLI9+eI9Qr2y3I/ep6jCySxSXnstqJz/KgjB0tHDohwisA3frunxrE3VK8gQryrjEs5LPXxvkQDsj3TlaCQ/1MHnaNHkqPdb1gJQAOKp1C1+zmrKmDGFUee9DzMIPEximnR6uJf5157SI8Y9VDffuFjOlOt7Cbrvpli3w9Y2wmZRMdqfkrig5/WpsR2P+Rfg3D7e5qJ+bYkT2CZ/bq0s+6aEA+pEx+eI30WlDHl68DYbt6cofjilcurR4Cct0FhFnBQBNxWLDW7EGsCcdI+1J+8tFhiXq89I2pHMma5eSkWEnzyrJASDb3AkprL/mYBdsW1OzjRnkgulWM1b8bp/lOExs39powBM2AKjLS+fHJJc5oLkunvH6P//ovF03YCeBVL61kcwFMLE3UkRTcXOnONIqShOszsO1v7AL3LtvGLT23Vf74euH32zYU97T/oj5IXTt1H559hEMxJhwjQRucZxVoLqYOJB5IUwvHDxhOO5mWsOmBauGrv6RSOFOWzOH7wF6RGUL97oYeOiC5I6p3ClM26CzkKFhWuNlA2cvwIiqLVLmzDbr7yBDHijJodA5QDRuZk/GTGeZfmA3rOMT2kP/8FqnDMvDWcB6jYLa7nRi7JWUpG7M/4Rdj29yyEAMs9Yob4og7JqdK/mk2xQvZm/KQ5HX34ShMD3M2YigsWQPDpuTLPzVW5NwwkX4MAu2fHHmX/hlH8z3Nfx8dKhx3Evidzud9RsITK1LkQfbyhyIGeWYzgm8ef9DtIlt1Xh+t4VXw3Ep+bk+9ZJIIHBY87GH5VCX3HHDXaOFHkRTJGWmPM/t0F7eDt7d9irEJDSMA948SwXqUL380kTpC6jJ6RuBcFVKgJiPvao1HcWmPcVnp/bbZavW2HmQkrNbMz3jTh1c1fKJN55cL+TmDfl2ZKEvlSe4bXMZzCvo3rkWxjfizgKgLaK5A6oRUbFokSG91bIilG1N1ImWu3d2F62r12lWbjWdVeK4+SRjkbcKUIL5JeovRA98Xs7ozL6A70ucYz/QwSFstcaJ+06E+253qG8yxob4KP/DNQyBIaDfJNk8E+IX1Psh5dP9yAntFvyOoGXGDoTny64etjBCXBXzVLCbR64sExN1/AgmLsUu9wdm7slu4kINUF92z6D3QPBqrKUdeVRTEy0GMw3JvxiSy4g+3734p4ypyuGGAekv4vKZrX4JxbE0wZwm4hFQ9t5kVlXwoFh8Ec67a5zSFpVTrF6f4ZvtEtvdpfTK/bEU72O8pBmEIHV65umujyD/tWm+xXrgA33eHdjlN9Q0hoMx0sPP+thQqieqWkFjA52U0ELYZ5SLZvxb0IwlLSsbuL3kDfTBqGO50qwkW5EJQ2CcVmDZ3zUt5NoC3bn6jfU3cJRRnz+evQWr/fKYSHub+yOrPta6VI4O2G+mZhrUaeuVB1AlYowk4WvYxsoTjvP46f0c0P3ulAEflTN5jrkHJfFPvGeLQoqaVn+BjeEe/G6oXj7xfQCimCAp+fXS5fFSu/VYviwwaHBmuGfus0O6iRYYr3c6G252wh7cjU2fUrR4b/m7UiTK3niaeA0CtGE6TW6gV8bAFhBX6X4k28qVSjxNrvZxoUh5lbTrrH2mxR3lRiw9INd40p270BDQ8O4Bg6Qn92fQTowY+p7QPAPPkBwmNHdfI7Vwv6B6KF/S6A8hFJ3yMasE+cMTpHJznu13pzJcR6lX/4JriDCMsMxFUxrnKusnvYBTt8bzwTHl32HxHJDg9jyvP1cZHnIDKGSwunGKFL056flLAPHmYgP8KhzISX7pSIIOie11FoqiZHrpG5XYpPDRDrIs2dImh0toYuzYZMUw6/zCKQ9v7w9xTU9G9V1Q7gSUoBWLZbIYrar8zV2SpVxL9kJD3c4LhC8Zhdx5OvpOD+oqVQLeTe6mtjXAgXnbqi/wNPzq3v1H6mzvAx7KoRzfXza05gMm/v/G4rfI6jo3q5ugZjJ5MBKmBYvqASNgois7Q3Sf7fkPp0teatrijAyvp5xZ3pn/UkdZXj0Bg3DjhVMmFx3mam6ZW6jyStcKsLALDoqvuMxg49XzWXbDQQrDvhq7P86FVsXqofgYy9WxmI7VHfxeU8E/lWiE/WqRdmtr9PRzPvAG93SMMzWV7cMrG52l2Nzdq2nzHJVPZRtAIBjpOAP1q5E4PVSq0x6+IHerdMZGV12CHYxT2fiPaz/h2vfxqmqfUonJ+ciLzz+yksTtCTSyKU3lCpDBN8YBEMzlnQ64Op8jSMP6B6ABkLmzmB2caIiDU7JWZ1HisZNbohl5y4nwRWH8TfnXFGlypayhxMMfX6ZSrjLD3E7gHDycw5XXvAIQhGGhxm4wgGj8gpARpwmqXQSPQVIOzTMVNGhgmAY+MOtljWH/rM+RXM6/WRhdc9RhKbts8xFaSGTsrNXd+hOjBPYWUKZ4LD0JkFKFE+XFM5iZhwGktyi4f9pNolYsIgTz9D8ny4hWqUA4V/umx+XUonrlxcPYmNseW0pTDuDR1l0t84cwL9jTJb0DAiKvBa+/JrPYMeumticC46vRmAyMFkdpiVUqQAStsmS4ofuLPcP0Kugq6YNV+/JQsPX5K3BrrF9QNufO3HONGH2mvWWrr1zNaAV5m43o4ZCsODa1hdyG8S3KnRGmHOpGEaQLls6rFAMVps7JL2X6Nfyf95uBxd1INQu1XBOcAHB8XCDFoVX9c6cA0A93nuXtTXPLaIXcYlbm+37JZwZJBFaTOnMCSYy4KF+MZ5ssmTvPbHyNd1TmDXOxv9EERgZ3+Ai4Yl4dyJ3dn0uvc5LDBawNLhlW1RZr02UhtoRrE3es0DCQCZ6fK0bVCuAWJUwtwEZqBH4juqAIEOnXyo4KzrwkFkotCL3IvIJkXV7iI1oEKFLL5T8jfXuZo5PyVtbq6hmUeyAP6KpA4jrdZDK8r/axoMVAy/M9p7/vsLsVdn0cT0IICSGWCt+vYhcoEVT+J4iFN4FbCmcsEjN9TAODY2bQAJEuBAkktxkoOzsOifWJGazleMwhZc5/S3aXWpDwpNvWvaW4fCNM0JZx+vZ7KVdYSsSZFQtnv6cnH93jdwzh5vX5cmqfT9f1cDXxinvcyGKwG9OpRYhRJNqJppEJ1LVnmGtwak8LijdPThNw5xyWfI8QOS5OUa3QWGjyZclADQZR7RErbwN3E6anP27XktI0caGe5uC0yUYj8E/TiyJq3mN0WKCpFoc9MF4uNLwshJX1VyH/DIpAeudI+IiRvYp50lpc7ArSOlBP7stc//vBy1ArfBLR4DdLpqNhmLAXMug3p2Z8Ufzwy2ktjHCfVbTz/TY2w2ZGxJG7iOYPkYkUke55TBm24c7C+WTlphexImvyGz+GMy31rgi9kL5JWty7boYSL6TMm0QsKvPxmbTpXIy20S5BSq+LmXEs20aJeuXfaWKUO4sChSuHljSdxku4zHJVB8TA0BsuksMhxwGYX7uBfNQJKGETZdOEu97vjbePPcHoBWO+lCQEs9pKtmL5oVfrYx4v7RlBlXm2JUAxzZyLYMITVJK5kJTthk0VXujXedR4nrC3u0seoDfEkHGpl2Ebdty+5VZkoLnBuPqGJM3pMngzNguKoZzmHONisc7zO6bgL/ZLvA2owMrQ0BR9pgBYR+1xQq4S3N7kdk5YnbZELmnHz/ChSfLuoBjJJeSOFqefRxaQBR4K4uOLVWbxbLwnmVdppGc0EaY4COt6LITpHHauGmfZGw9ylUxln4a2j7MsFR6B5Fbn49csOxr/kwmqM47qcDKL1vTWAL0R8YMO0wpv/oQmoE0IfGd7kQ8vWrTYLqSfPY+7nOlYGtsLp4m9Sta5MLFRvK+qVZPd/5bxdaz/4nzYpxqyd7Iy2WuAVhB2zkg+7LmjsgrPiIolca2i9FV1mYmxTAVlMNz22fEBzrSyvUhmNeQyhAXYo39nrRg0t7QEw+j/ZmQzUPRJGcvE/yqNuz6S2R33Im24olIqXKmAlobkS7TZ4X/hrFO5Re4D0sxPsSVzN/i9ksetH/qq+9K/pvr6/OZwJ2+wiUVYyCEpi0FxWySjMigETIxlLnoDpiYJTfHFHbdMXsqUqM1L0s7FaiQeRjYmNISb9GbA9v6i4pQVKQJvjoaKg0khHQ8cyX6tCh9EMJTMyezaICDI4Cy3Ew7ybfUi7UvJwCNDioixSo7CiZwYsQeEJkLBIzVgtswYhtTT3sM9hf+wO/XNQW74+dvfGNj9IzX/bO4uh1LEZBjFZShDx+5c/bu4i5qEZ2XbQvZGX1zQOA6VKcJbznaiRESScZN9ZaPENqUxfPnlB2AO5j1UgXvUS1OS49zDusjmT3xPSnp0v2NY+8PzSOsBd4DD3ouF8VZUzbcJgm8vfqRh7tCQt3n4Z79uZ2ReeEXdaCd32mg+8uROC3m7mk2PiTuc1DscnPSR9WvvhSt/GfAjzVHeFaXEX5OyikMm+FproxOE1dLwW4QBuAbNldmMMHpBehy+u1AtIOGd5xMnogfg4MTOjNkE2TZcf62WknrG6XPIId9eU1DxzaYOR5v1Iy3vAO0hpn+LgQ7xGl6/tQgBoUWiXDAHPZoaZdnm6k6e8M5Hwyz4I5IvsAjKc3R8QMsoNbxgXqNUK8N+6mjZw2BgyV6D2UQig2ASqLmaTiwXD2F/+uT2S7xrZUDWDtiqI5M4TaQul7b0neU7FdIIGBB+G86v/szwl0z8MsmrKaIz0fouEmDqy6ksTS/Z40ioEazEBVWJW/afPDuld/FcisWqV2Nah3s6rXmM76aRN7SyFALpO8TldfVq+34hd0uJ0n2yAT3J9ocyArQJIa01Uj7tB20mQSRDUZZ8TJ56gLrC7kTIswgGptZZ48Nd50myBoE9JYYdUmZty5GLLwy8cspzq0QF86bRgfj5le2GWxjHqGTEo5Mkdj9b5KpnGAfFnnqt4tL6dDhggzrcJYw/xKZ3oUd8u7V4jVai3AglIpHvXhS7+KI/Yii5lNAF9RXtUd1RoV5aOmzGjPw6PCES16ljEh9SlN2joaWtMAJF/llb7vyMK7EFqrvm2uUzfumn3LmeLlQtbKSJEaR3bIu3iqVRJKve2u4iq2465bsHG8sobXRZFsOmEJQUUpeeK9e59qBjWIGMuU8Ys2yFAoKkY53zZqKARGVIeHTgcJ6wy6QrFAdmDwWunzMs+f7PoLy5BOSzMv2ki9tfVu3Ji6ATTZgP/HSNbsLHGhqhnilvUDOm/1jQAd1pawISbzamRg/XnkfkezLKFQpYsSfqHV75whX3rXKkVS4yuzGTEH3wfY6wG0sdW/1wzfXTvwdhlFCf5464hIx7GtuAlmx0IoP1lrgdDJY9AgkdQOfDtP1oJK0JYywkc/lgZe260JTEuqSL4CPtu6hvclWr3AfzSZcRxvPQW7/a8x9uNxFHSqB9sPQpu1EQdiR8oMSHCjbFS6NcmWJSzX8itIfdjhO/WFtNMZgFJYrwMAIdx5rQp8d+jtIofP4vI1t5Vjc0zKBHFGoECvrziLqUiqrStrzCfpLmmvs4CUSEe6BHXx15t/R7mGViilgODIqFUCq5waK0CYrnK0LDYTAelihEl4UL6xMWgv4JctVwaMFqmTbPLBLi4WQVUxXIxEdIUK1y+wu80QavXkZL6vyf67QI/heZUdjbwI7lCuXrcW+ev/0qLhuOR1Xm2wNhkN9W6zfXrfu3N9G4Vq2Jpd3tKb+5AN/9eHVc7fAf3EtXBs4DsaykZOHwOYmhvMWcyN5h0+5wZeRwln1ZUt4yZ0igbs84SzQjDFjXLQdG9DUGgkPnn3ve/97VTVLVMX0DyOFVaVwvrsde4bf4prRqLiruHt/wm8b8aREIv1e14bur5JKShgxPeIPb+c4AwYP7Q6ZRhGI/F89Y4kM/C63pzZY1JHri2/vtBY/iATylVt3Hgv+3f3urLTrXzqh5eIZAbgJ90U1KkJdN3B97ETqv1Piazq9uyerpDlwWSQg4+/laHaUj/+uj9/ilC/4t9aU8uiEcfXU3xBCaLS/S9TButIVRkAAkaubQpLiRJEXAZXHLs+VrZPfUNxXB5jyj+LosK9/2blqCg20xRyISeMPDYHSrdk2r6m8JEkPRzL/YqLXGL9Pj9KrO54cMg5NSD8JtcHuxs6ddymaB52IxMRAfd+A/EKB8qxbMLWdQbgWPeWRBgOLgZxP3+qrL9Iu0aLiSUjgnF3EOMxqdlKxZ1LFkth5Okv7lmDRjKRZm7bVcNuS0ImTyv4FlfGe8DRx0XkAehWqQ8jzGIli7+kNEYegSGhRDkpMM/4GRrbYW/Vx5IF1i8gMBNzzywM7daJQaPjcXEjuYbmiP9GpoJI8qLeXVOxLueBk8llUw7mxbFJS3rvS+N4N8Qp1kAzASC3dPu25qu0ctrEsi4Cr28k+/8yDOJI5FpBO7GmQox2/ezwkZPRVHPBojmxqMgy3LM6dHpT5iRGLWXP6YurBZS8dFTDzINgGKiD9DuTZ5NR6shGCSQ0a55IsPJ6ujbMqF7iYS8TB1FO3HwF7TPeRlBfyKn1AA2r9pbN5VbswWJyDvXlYOLW8i258TqX48WnrIk0xeFR+/rYOP5zSaq2b3iOizH3OVZqx0n2cKuR+Fr+ama7qWz5RM+KNo6d3bmnwmiFB9CyC6iuFbw6u0TbqIKrDRkLh2XnC3wTQcbyvwkegTKsrMZ+3HuH1NZfLmYuqKzHzVbuwdmGHd0tnHKeBG/f5nBfBCsGhEisanO2paxbxWz9/oobjfhZDdHiosKVY+1+a0yMpLHSjC9FB8Hp5vPvQ35X8+3i0n5AFOZIgm+5PFYg2jt0u/ffNi/q78HSOsJw+8s2KsJ7XvZkPdQ2xS5Psn4t12TX0NL9QJ7FbbX/6rdf3M/1+AjCRlzu5R6nx4y2Zuquy+27NaRNEJyS/JWnCdt7mVu8zlZ2kMLJ8hZVivzcD5vtp9yT0Sb46hZUCWsGOfa53XAXfhRwElyemlgNrBAsZSElWEWQxoKYMzLLLCTQrA3rCJQL1w0tt6YH1XmOI3npM99MdMPtzQfTAr3SHi/FMHYi372lahPHoGJFT5NysWGJYNZQHLAsUiu41PFkQDV5wVQQrD9E38ICFmqT2qrqmlcVzvU79TQmnJl9zwYhF5RkaMnoPyfDfWaESyltymcyvzPuEvIXXd+JPCOrAC964LjkioKB3DMLxqdBS23I2DRnEbrQoct2G0jDTn/xNPya57Fx7KetMCnJEZ97yuEZphHibwIMhMlXT6FgMV78DAqXRDTNl6mL/hJSEHaFDNCRw5FPKW30X5nJuuSbwhnR53x68aOmVejGximTpxp/kuf5ZMg9qO+9RW7Z9+K/0KBtg9Ugt1MeqWSTxFGMUdnNgcf7aRW0NKom6G3bALH4fCLrlYvhcnU7RMyHsouX/ODkynmGiBzk/uMR/8KWRBgXqDaE2cSGXy9imSG6VaBbBBjkBLRHTUVNH6tbFR5PstMHG/PMBkoye55I+qJUSwUb+BbgC+ueltTpVobLrXCiECJ+WV0wd3m5PnWh7vBgWzNfdQ+cBeIbEdfpFZyVvSsm4eSqB2fG9zJLGdHz9oKpjrKxw0pfPGDcgtAdlHWZe7sHuus3FyhUKx5sdtJ382i6jENhf65fG3O6aOp2RHnq/7DJe7xtt3mtB8I+f4BnZ7v4bKgmkNh6rsesDL+sWuMfr87+p6FpWDerKq5VMEkZKVIZC2IH8v1JGQzbHkudHzhHReY2LOL2rPMowuq8Rqj6/nupv6dc2QI46alYCue/P3czLr/6bmgB9E8miUnu6ZbueCsyypBIrXQXzIYQN5rxxjt57zUUl94nWa+bxE/4v5pUiVNkINy5d6Rvqqf6xWZQR6qEjgZ7UB9LBbw+WjU6v2j7b/LgWVNPw1eGncw5R4k2D1s0w1apGaP6R2Lz2A35cD2E2C1OlasZQ5cjvHrv6YXRyVepM4WU590f1sKRy0NrqJQsDT4NVo5sgkfeDnh/n2K9Ghg0l/4yRUGQLMg31kNZZzL20euVir39Cch8A2PAp3n2C9pZLmiU4JDcTXD0Jo2v21vgolYLLuLabd97DqjY9kHoWEqKSFEA8RD5Q8yRrJVNo/ATUU6VW9zRcgC3jvdUiHQXe181dJph+UT9zAVJg5O2X7ND0SZrzgDBQ26bKksprXr2E0cjv/iManjawNc7n9q7wicmk9r9hcDpVPhznPHMsppRKbdikbFDcQYdtUVtsOCsDXKLvfLZK7MsqNbyOWqdt9riWzaDivyAYAlFASjH4psdE9Acga4UFONzu62rdDDlbhL8SmdHs2HrvjnqjSUdS2lCsZHdbg4wGbCRiBqZAa83kURhSNyWhGqhA86xPUv3nxD9k6dstBDwqn8pT7hMeFf3LQ15saVzRj30fLwe+PCPGt6JmNgqvBKAZMeRbQMn1fAFl6slesCuch/FZa51++t/GLKGK7QbUvwvnQ8ns1FaQBxu1UPFNo+aF2EGbgv3lAOmxAkHel+N1XCiKeze1Ote6A+/1eZpIY4wklcWqeAVZ0Wyl9a4tAg7qJKrLVjQk/fM5BUfLxzvM3u596bf37ICgJWCZA2JpAByKcfcIlZgqKCvipqc4MC/9tfxsQ+qzy7y19ZW0bjAYtemfrueyKIsjfwsn71KvV/eiZj7WOESEx/k2A4XEUF/DX5sl6a3h/IocZ/bmA2kj/4QZGzDK/ptW5IZNMB6EYyEMBIoTDc9PNDwNdPlO0TWV5jusOcGu1bpSliBTN8+2lqxHLYqrr5QWZ32kl0ojziFIkWz9398gaGBzhxh5+4CNX/x7O5AFvAz0wizklIgOmC5QEh2gJZVuSmUyTT3puRzd6Or0snmwYJt0GbE4Jk2BcggDEDEG4RpO3+KnZNuUiNcwxbdt6EQjBY1YKknShEJm4GAm8cWo2p51T9AoHzDUzh9V6WKdaX5Yna+TLWpe2YAAPrfpP/YL5oEfdgEebYPxX24nF1a25mOpiVJ5xycMOTNCSuNbVmLy8/yJbzBplQa9I5v5wYg2E4NFbb2970OcSJxzEuNwx/nOfbxSx/QXql3FrQukO765uWdmIR1rV6CUYM1wO8i0pdaw3z5msZLo9+2xw3Z/74nNpVsBjO704OzvkbNdLp+STpvNTAkbkObSZ9LmTZ2uWJNqpm2MsV5fCvFd0PVmUwq9mJiu7wSpalScUjVq6mEJwDLmJYfAyUJaFtIge/y6xMophxujy7Nq4uOuXkbhPqdsJqkwPBSWvxLjpjLaGpCNDmh7yFk7uGSwC0JE3Pvyop+TnyUjLDquo4bkNdfFP2/QqngbNDZrE1+XaBMsY1OK1drwQsx0Drv1Da1mFa7Wi09qKG7myBcd7U4mXOtEZubPdUHzOC/ESRAkWtbqDWS6or2Wft5K6L5rH+2Kpei95xQnzoU5GeySTyIfsOblpdwid3eGnDcZWiLR0YlM1FqrUn0Op1VfgXWzH0xi7R7yZJZvFLp7+2HtHWsl58sMIvCrm14/lTzKiZH0PqgZOInxRQlcZeM+d4byzgpQiKEZEMqBapI0O4M/6Xn6/OdFryOPxTMgkpRx4giwqi3tb7TAmwOjZklh9+DcJ2VKZzYtWBaxkWK3eJFH6l9qkrUu6DrNg7O1F2taaHKhIbs4UrDfHpxrd6/TSdu6EjFWhXh+9h3EyOuuwVYNzCwOStQ5RhVzmlC/8CUKbExOGpKR5tcMNau717gEgcbf87qrSJuCkApYhZJ9sKSgScgP1oKCM0MVOgvFV6MEmk1Q7RSvIwKVIAJDmpeyRs80Qgn2viLas78XaLXeQIom/e+ylTITiMhXu3EXvmKq2rn5wOwi0ZRjSjmowCwgozQYCp1CaZwSugEhAZkXHhgURE6Ee46Y7wY+U1iqFFSR2+6BF7MrlN8Gy8oC9nzeuYVWMxWFQEeOlJHmizDrRBRVHdjbRoeOptRfAAnfva1wmP6tcTMgwBqVjLfmkqFs7alU5N8DB64SZZsJYWMuBkyVtmG74zl41gMd7MsN7/U+bneNWT26eFRzoCFaVM+2X9pQPrE8vyF4X44ab1H/ru4L41w5Wdlf8CiW0pGZxjIVydu7dpaOxPttWuJ6f176SBbc2I5XrEP4MabpSVB27XrU5XD4Coh8H2hwGChVDWCKzVK1M66pPLfn0MPktsKyD83hryqrWtvInm4P90y5fPUvAywvmjjl41VgueelPpQyzX2WTF2C96qESbeWnACr3umB7e0eakw6cuL0FLr1OiGgfgB6NXTtAUcObIKwqYm5Lnn2aM0GC/u/U9tZav+/zGRcqsAjKJlx+XQsAPnSpn1cDFUlmOD0nokGcpBHykURlDtU0JljELhwnuW6VtLW8jHnKrlbHapksfwCJAgmyYPN7CLa1YQWXwVgqlzdcPUYN5RT+0Bc5pKR/Qhqit1b7eYEHuC2/fbSUXgkNXkEA3kBMH+EfTt09vDfwL9lf54cNHxME8aRhQrT7ymHGLGmQJBOeaY+ZjEEcPWchx6R07GtvfA2sKrveEOBp7QYgsjsIeu1xQvLQQaJEhZlJLXtxsYtgA9KIxZRhXWizmtg/gBP5ZMnYGwEBt1ZUVaflr7Xcf36VxAO3VuvYhqP4LJBRBLqs3DDkyNniyC6Xd8yRABCcaoLcLmH1bgH+ch3PlTjpf+029QqSRiBXkLij7rBta1jj2YQ44/j058EQzL1ePgJ8n1aRzTBb+B6Hh3Zxt3oQb2ECrh8CYk2MFKjXapxpCnw55BHPIlia4LYiOQu5J6sRfbug6r6kfrZiUPN1XC31dyXki78geAx0GzZHl96md28Ey7grL3sPOyfVtejjyewh+goxHmuatSrOCdnK+5mVsynhLaQoDRrB2LYnmWx2T5knPi2HByo3shYLV2PBuuYf91RLaMWoNjsVMUPnxyRymIyAXQ2yTw7TEl6gpoUlLFjNwyH+AKohTzGYtB6GLFjVcvBcEG/Ef8aq9jxAYrmDcXMVOEHvVF8dfY/CexOezRkI/az8p0I7xQ/KG+KxtBweplatfC6IZc2O0VV+hhZ3+0f22Jyn3NSuaqchXH9ZcuO8obMgVZualy9FE44FxNcVY9Gs6SS7iCgQyBz2rkMZzSEehuzwv4f983a1dB6NzZtZ+jI36X73E22q0isYg1Jo2GhxACP4ENSaDaLbIxZOxBOyb1yHauJAZCdsYQ7XsAyq0q0ky1wB3s2mTaEn4sc7FHsRl1wESiVpqzJJ/jyM2rcBiW5KzU3BkCRBnA8N7LlRH9XPl1kRlRnlOr7W0OYGTnixiLKkaBG4RpfVUlSU8iMvVstUOwkA7K7dki+2fd0RiBtAnEOo3i7WoLvtwcqDNVnTNsetI3gupL/7nl/qx4DsP2N9bL5I3UKKJw23yFkh2mDEK+qnZxQz8pJzMoeswvsDnfAsgY6AGTePGfDDThwpv37yVp8gYoBX4QqcsdcWqxqT6iOyH36DxJswSiN60i6oD5m8LmJn4uhT1zdJEcajyrB1qjBoVj4Z3WpZN3R2+VRx4GrquclNXV9wzaWndWQrmFYzyGj7gfFrda/3j36o/N8esCtIDt98lWeZ1s22zoE3duclIekc27hyB7OKbhKQiMG6pcF0HLbWXIhPHDROrqR51pDG2dQL6FCZBnmy5hZFL8yvav/nw/5WJa71nGZKzf8WVzjgg3GMvSyRT3w3AwMBXT0JNKtPYEXmMBRiNMy9+lFJuy+p9dQX9VSsPc5aXISTPBdqPqfhEgyPUJ2juKW3wDguTbxj0s4YMQGd2hz0S1w3JkJITz3UoXb/K4DSzlccLz/nfa/OkexwNfY2fgzNvpx5gohUGQJH4cEAIFHQM9sFOobDzykdKeCWFrr2FhOIDg2LsQh5Urx0GC6UEwlvIIuRfAkrtGEKp00vMKffUZwzHISZFRnxfN0eq/kkwSLbC6PzPJ0lzdysT/MTCqCGBVBczyB8Nwp8gppn+36WsJt2vLYvwTVA2dZJLHSWaK5G6QsEOIG2MP2iZhgIzuDoAg0KgFTsW033cTz2GpZTjyQa/1xCiRPxHwV4jFfU31b1C7iX/PKirBw5UTjrFbnPfCehf9JSeJgVDnYlwPpqbFIG4bfnMhsoxGMUi4tJVkIKqfbMBH77XrR1B+a0YQ3o7H7bttnZL9tgsG2UBDVikDqY9GC1uvlmGGERFihBkY5Os96qls4FatLupHL8QNklMNyD9DNZohF3c91tSb5hlYQp8nK+lNWdxl2tShookeEVyUTw8L4p4BzomjD6rgHTpZkJflIMN/bgqsE3HSu7XX5g5Djfc5DhaAzx61N5jQBPY0iwh2pofjNy/sgPTmQAd3GUnvu1mCMA5xCE/n2UwIoLzOn5cnlti44t71TAJP6dB3PUHhcxt9zB3dP5EbGObm//WjXduQDZ+LgiyvRrIF/rajbmEUTEpfxGl7c7leX31Yfp7KoXL5roWvDg1Yd7G4a15B8Aua40Noz4iqrzcIPikOIFVwlP9thGna9l4Z3iDJTHIZZ+U4pvHOt6VOmsxLLnnWQi1Io4qEdxeHZjm/RkfRnMJXWSZrfHT0ZiLwjhfjyF7hqmp80j9zUdHz52sSeLVjMhHMOYqluEMwnyd7/yZG6oRpCKVut67BuWbCEr4VsmP4CW+KpEPXdNASiEW9vnTrfdLnq+72zLan/rqyO2COePJnau0yyWzeFtGbakZ3CkU+g2BWHVj1nQ+eFf8FsPJX6a7i779F6Dlh+IcQbgXz9957IgoK51eXw/5+4Kiul3o+sjPc93ffpnZGXBmLWyI6xd0vbxeU7gLoDpwhw/tddTaPO5BxHhlluAVZBparAJeFZzPh2aXX3eV1tnon3RHQxpIG7lqVK9Lb/pA/SoG+oO+o1d0LiSiBvJipSRDurDDmzFk+rMiKWtkykNfpNjU/+z5oJAp6P3FmZZOuhIyCz0tuHj+7kzaS41bb/FucV2GbPrw9iZZDSq7dmposOlTJNQzGNFv3gKhmH26T8yXn3GgIdTHZvm1LIrp01JuwKcKhLKW8/2ChuP6LkOFnHUAO0xjDop6E55QWXPmoHfhzXTQ1oEpiMps/HNbib741zAiYvVvpEnv8NasdRdrUn6aGes85F9E91mrY0ehy5o6xAYwXMEWDS10JiSqd4NPeU266oozGUrhOwyfYEdql/RiWr/Z0FczN7wl1JMoRZFP4FQXKOuY+QutsRWdN40GnXOIGASKqdeq2LA+YIb6QZwyuvndIsRYZy3Zqz99SbRsiPbiQejVLzBsXDt3ZH/EGW+996ob2zPE77Qm1euWvtI2Jhp9GduMvPguGBD+do2oks6RD1l4l+lw67xUMAfHf8r7+wzlFHAWqXD8WDwUe/DySEcfqO9zZ10+HFOOVmC0rAgaYosonVlXXH/ONngIBKLtMF1F5hJ0banAgiE7aQ/zcWpuWB/trXLz/XIIkSahku0S7Yvu7lqHPsNWpOcG/qDffim0/RW21+ZkcTD1vMo/FKDw8yGdORJ/1JYapNAocV7Z4KVKDUkzvUEUDK2+fxwqXevwWdMWJLlCbA80v9j2pO+yzDxvgJtzkK2EGHw2U5sxA6GIEKQu9pHZKJNFbt1NcPeiXN0+X0d4xkqwb5TFuK/9VV7HlogvSd77r0eq090GHEMOAc/YZjiSWZa4ORYW329apkwR4vrMJ9XWsXjlE/LBbvYtch6UZVEK7GbXCDPwjizeLLTeXumE+iX0w0c8B7JGKNRWHk5fa/z2GpNg5FMkPZ1zgw/JlJDt6hEqb+aIyIAzXVz+ijb9fq0nJnAnUsMcdy6ZKA3poCMjC9MzZgny/nWXMZU0+dE+WwwRUQzaFxSH1eYY3Uka9o0NHvyQ9828yJxtUnVJBdu4+MfmtyzYiTL533CqgN6NK8phJ2bbWBY8EcnZBWn+zI7X8tg61FjDTdCtapBt9+YgGu142AOYkRQZpN9hB2aqRgFgSfzzCA98h0J6lmo/ezeV4J/3mFd51i7Rdk1WV61V5UyXETYtH1+vi2rANT7nyy+kZLDZGyjVEequMasCcTgCDbGuGScgXRfDT90B2VbYBSpfGTOKE90N4XLVpKMhMlGuE9Ogi+LSY5EyLHFYuF4BX67FPEOU6YErQy9uxircypJNWCNp78QTTkQ/4AoXK+8CyvJEQkc0IZiZtyUbdLlnSYpgRdl7V2AY1j9EuAzlsAj4lhN3d6PbIxUoBDtfAm1lLOqb87rmUxpwOHM6vmEzhF+mDNnRXTXknGv4fKWz79XqctdPN0wRmBHdrJRTCSF8CR1xC0RxOZe0U/5F70z1BmFa7DTZZBhunSV/OzwOJRlABwA+jabzxex5ZvGSpr44RF1+rKQBXE2esS7PNvtxKbuGnUa1SR0K1fJRCfgGnwSFw3Cpwc21W/eZj0/X7t4VnrnzEjrOKPTelYkRDVg73lZJq4xnSnZWInX5E/aYr2K/47m38FLxEBWhVNOXNHXtGSNYydjjFtfc/25suhnPlpb5EDO9gilTF9QBHweqmCSqVp235mMJ1E7iSV3VkmE8KHU2EV+91U1txhXVka80b5EzItRxCNms2nG7AvvZs34R0r2QSKRU3r0vo22JVrOdJPCjbDzxC9hIfChA43cqMLAUDi0B4XyhUW5jzyA0gwNK5Gjp6I2qw9RDWXcekmbDcpDvoB8NWxN8Dwr2cMmMnBsrF0t6plMU6Fvl3NGSdQInQpNvllH3ap670C2f8W68/AEfgohegq5SIxwo0bz/eQ1bPlLJ/lXgG0e2nL2vHFKbnMfWYa9W20WICmgJIN6quMqn8nHdNRsmTXCk8zZZKbmnR83Ue0Fu7+CTjW3O+zyBGKfZxx1Hvc+iXwt92g3u4hL9/lOYD2k/y73bXkqdNm+9NKgdFkrEPjjtmJJZhW3/1/NdEUkhBw/1I1Gvxv3eYVaKuR89HJrrN9cn0+E92SNElvz+6VOpws27xsZW4tCvHGXcmiuy1baqEoG6Btn18poWQE0VWHARphK20ZSwGZ1l6ukMU6iBrU7dQl5375QyFhqdjnz1RK+bkUCvuszaQ/ZOASoD/zN9jVUz3CnRNd3Ad4WBLU35VY+PWN/TMUtAlZgTfOrW4ACJYxTIMBocLe5+rUZXNLKPj3CC+CdRjDfclWMoGkWl1YsGF2ks6sjK8I1JhX7CSgWVOXHyFbwzl7F9KgmtGOuOoTtYHwnQOFH3qjVXKf76dcSUcg1dXWL9F+ry+XxcbQgrR0JmhZoORA4otf9asDtMl8FhBZ5BAJE59h0lnM50kBxhS1AXJBfxDpJoEXBPf70BrADJ3qc6U+lZ7tqUHFGcgoTiL9IPyNUv0bWpcHK4/So8IBHPmYvv6SwsOhmjURE4G6ad8en9rssFD6Ryi8X+HseGNg8yXxVtAJjZKNV2hiRPddRvDImTzIYXplYT5i1KAfIfKz+rMn73VMfoZvUg74UHzkwNx8s3mZObFOJ3VF3tdT0K8E1djNUHgYGaQCKq+uVCcVrHBQn7unfdSBtWejRhxfo+D7baKeimmV8PcQZV97SXAKA1p6n0JfNFD7wfxWM6umxIm5n9uumszXwVSADynsgFBrLsGBqjZ/q9y2+MnVu7OGhTRvBUgAFRDHddP+eCNPKBQoAoPYarJjtOY9w5hiQHdmEJD3Tw+Zx/lAaqSvQUn56+7bwYaCE+NxwefmRZ0aj6zFLEFXfIkTFlHegMQhEu+I/FNE7DQzsGwKH7OuqxSuTnXpIoSKqxO1CZAR5SVtyO6duqOiZdfUMA4XQvEwee8x+GFRqsbfi/+O8nQMrbEE7vljdzYdiEKv3IlbsT6ZlQd2ED0vlQLf9HllLJHk+bVw0vFeguHpqHOzK2caofOGRegcc8/v1xqK9UVDhJRY32Ak1UMnULkSD2gORxUOyPnoe2akxzzCyRKsaPVVLRZ83XlHO3VZ9E4k7FE1S9X3bT+XqmFeRKALjjUFvjxIUruf5vCqhw1EcyVAS9gKwYQD/Uw3joBuAE+lkP0KBc1Xc9GDynDk2DGa8Jx2VqTyK+OPkoDjDZ9pyZq8fvLrXS9FQdB1qOiP7WhjrBEeriugDjMr/1CDgDW0zxca38qoJLoPz0i3rjjQAc0dz3bpW6sa/G2OKXYYfaTnt77FHki0Vz4MU22KgHBiNmwKvq8/1x7pR9SfeKrmKiiERj51dfMSWuGW6osEH2+QCq7adbq7cadX6N6webb1kQsDwPsGsJQGRfL5+cLH0qa6w5VNM8i2oxDWKbBrd4RmpalSuPlylA9h8FSbSsYQt4Z2O9SGJy4sIeQpbJUS13Oln9NE4283/LKL8Iq/rfQiMJA34lOFNEELFPRBXaLnmwo6A/3ajUhf6CgDRWqps9TYF4LIGr71x12y+icGSJ7eLISR+xq10PuaqmNHn/zDfQekGmL4eKd/lBrRw9ojKezdSW3Ceeo3Rmz+M4Szv5UcGWcVdrb0jj/ov3QA1HxYn+2SJcC3D2FjOCKaZxN7sihQrqJwwZO0fqTBv0hK1m8/Ew9lZKqm8o8+Mw1qBRQpMl99omh4z7nM0EbsLG6vbIMxMm7cVkF1NghulkYiJQWItYiz3iLVTZaH9xqOffGSeZMhZZuRVQop0tdgRoBPmkBPtZoBLbr1M9yJNzfLQHGWgS1XIJLuEOwHIWxBfWH/ImRIv6TkQ3tXrkFv6c+eAVdNCmEOunVU8JZjC5Klzg3fimHPQcIvFrv01IKizLuPxdTTNoDqwkl07AXjsvmBntbdewYT2iUJDICTem0XuGPId+AsyzOY21MiduMTLtb2SMREv2IkJipYX3jdxQRpe5CaP0zEola2S06Y99ZE34cP8sPUwCI7ijbZYwwtMhzxEGIlD9X5L3vQ5kxzXS99EXpSSRqxACfV3UO31cLV4NWBvpa/v/OsPBg5h7ThEbnF/iKrM7qFYP3omwZXk9s4okTY5KdsTts3FnB5/6iopBp5IttqmK9FjSR+LxK9zDcYe3T6O4lfPbva+92llmkREx1+BLA5uYePKzseEqaL6NSq3iTbJ1NRQhFBy0MP0WbETedXa1QuiyZ5H+fPrQ9aAkWPpTxIiGpPDd/53LaikzqSmnJJ/UMKIf/f2RC4qWF6K8PU7NgCI7WT/GFrA/vnc06gonfHTJamOgRN/f1PCXo3GxMsatoiuRa0vDQEavbq7QVUS9b/cxEjqHiodVWflSW0/iETdgS2pZWGnRPkiHSacCam5EdvlA/KKYRAlBPFT6uQNHftPvdw2e6oBcqvsm5Y7OS5ByKQwI9jF6PxpN99a8HnwtHjm/ie1ufmY7qXgtpKRmUUBhlkXYsonpE+jQbzz6GBkH5mwaTJVls7WORSINoq4oypQtBjQm8ksPw6WeiML105QvwGfDO3kJg033DCVrQaDIzB/66CA26ecIDgGLScBGP9cTE5GKch1mcv+ewy+Fn88iJbvGSHT566ccJ32IkIT/ggL97YC1m5mp9C6d31hXAiqP15IL+MAGg+d1Q2CpzDsv8fSS+f2H6BjDb6/vC2QH2fujtbS6MYklROwvw3k1A5U/l2F8njxcmaTr+mcNS2Ek+nHeqDPNoASHAJT0h6lCuGVXWOrkI2zSvxyGZjYDmGKOLtpP2PXllTCYL4nHODZMst0mdQCxr5bq3VYei97FFOLIY+Fwu3+pTWGXPUo+N/ubUoHF1XUXMf68veRP1EQJTWcKvnAt7kReqIFSV2pcqx8eAk2bHiN8RchErvUNXMmzAa2gPd6QjFBvcJPPHsOMKYqoaHHzpz59jWTHjf7WpyDa8OOea1wXMLxIlABffP9HaZcX4BISwTtMtoZIT1F0j3ahoBlMS5lc9CldKrMzLJ/t8XOhIoZwXGeNYigr9yZMEIimCA3W8CnO32TQJhB99mbYMjvj3qA9ScZBDcI0hq/SHqWXdgyw+wFYDYqIaYSbO8s1bjpMAt8VJIMacfi57Z8c7fH+j8fVyCLQQZCsvMzK2A4jqMOPq8R+riNdDL7zg9GwBdjrmAY3ACWAXKDN+P+fAGTrbgNwcQ6lWx9wNrIQkpMmVcK/7fQVrrrtGE/BO+D/ei6j6mMlhW74MdCG/WNShxN0KcpzTjbQFr7ihrrq3Gj2bB5kDl2eVHn+inNeVKJnU9eRfZd/ZS8w6oZZ3CxZyKux2VD6P54lE4jqfy2MuqXUBTj//jVRQMjKDcwsFKNbPMYoK9Xf+oRh+GBC0cWbSYVDJCo2kphEkmATbOo67oVH6L0fZMlo1bDe5UHboeuqvf+k+qf796E2GiAML4KN+gCO9O0q1Y0IyQCcW3KU845+mH/NiFrSZgmlSlle0GcxvMiK6DZAujPOBP2e8mXwTQZ2vNstd0SF7axM/MMO2nRGUc1bVQ9y0nw95cIuEiGA4GzU2JEBY7im3hHR1BIk8r1G4nezJTtL2PGFwE4cW21mCz/XYY6d6maNoyQ8W1/ChZf/SK+FnDa85PC9YlLXtF2CdGD6cTYzwP1xs1ZuWOR5aKtd4h0yKHB0uDG4kaIc3fAN7KA1YbrBlDLyfsE2LxKcvbRKtsQb/9l0MbQ9esnnaiAL4JnxSUMbBPNs+rgrFk0cPHOueM4afRskW2SPeCdn/OfEH+FLcLqfQjlJdz3Ca09L/AtRMTYdCzgunW+QVUDdWqXSKUmdESdePUw+BviJGnUL34Ofqd2/j/nAEMqACkDaawzH6AR0BNV8t5nggROfR6gXb+9w4fOEFdnuJmqDmyHW0c2hUfNripRsjdNPcDTl+nz1QAtXpWIxZXOoQgErmQksrTGHyUYZDS+pIVNfs9+xwQEbX+o8lJ7pg3zNTmsNtJ1ex/IbxRXqrULDR4MyjmYV+PQDaOXZEZIxrNJPjEUR6TXh/A7sfEa+Cmpyb1lEkQ60GW3lMFk+CDxPRdiFcJ4B2Xqt45dM69Z/C62Nm4ydZOzIgInnRdQo3COUg3wcWPM0VqYoTSBKDKoMDM9qNxkJbYO2xPXuTPYmGmXhb13gmHAk8pb8z8j3xbj/zsIbrokazIL+2dp0lKQJbtJlKHPna87kIjqy0aSf4kwP+6PLkQP/NduAoGySfeVUp0n/bv+1xDwgmJcQYIrE+W8yDTj4pglS+nT0XCEZdIOo5KWLn1bAyhlYfbUDmaQVA5j3Iy4IB8uCManQVz1tKEb2WXhCximu1eKI/R76pP6WktQqExqxa6CGRmrOobb07uJr7QeBcrt4giPR2DU2K6zPkOiJ2csY6HvMImX5JQLfigPU+3ZiNmJa5pa21yhJXQC4E58UPtqZBgQbOD1d0uD9YwxLhjb0pk7fvHC1tQeLq/jYPDkBIQxMmIaVU0ftExjEzbzV22Vso+M9NhezNXNjm8/3XU3vRtOrET/c7ahVay3ws1JzJZhgCwiq6c8kUhXFY6Jw1CSv8ybv8r1gquRgmiMAMO6NTNXKEDbDlZIztlWaxek+KGKbAwnJbyXce9ycRSRuAIQzcSycjhKLoEAzVe1Cxx1D8GJyFc498//dX9f8N6KOgrIRBv9NPbzcSXFNceSZmlIDnqSmIyOhLdPfAh7xB9VoGLmtkWeFC4GqtYObAhvRm27y5OxncYPrvg5lRoJJBRDs/Ar3XqBoyyQF6m8OWIgZ4iiogj5u+y131W6ggo7HGnlT87fynhQN27yJJCg9x0UlFJh+4hnBGDLJkSTHRSGWa64Sk24PER6rDnPskQUQFdpRUuRqa5K+Q6cqn1m06wuRtdI6MGD2s2b/MPF7eHljsT5zXYWOmOtjCI0whLL2oFRVCVXrZ0pH9NZajAfnGxQFBZIm6i2tSMgCJ/fgHu7ykLLvKc4WXPfhuSR2xcDhw2E0Ku7s63iOD12ymrqGetemAB9nmpe1hrM2pMWpw+tCIF87GGHOX465WoVUHf0/s0VZWhrs9ACJNNieCg5xx3vubNVgyulzQDcvBlOMLPZQx+7h/7ASyKZNhQthlW7uIPJXvRwFBiCHE0o1S74XX7KhoWylQ0k0L0BzDwCLdRFBxwpCLwiDjzR5Xv1VgJF1vO7oH8h/7iZaTo7sPPEg3lRuOt+hGML2SVaQ5AEv9YXp2CS4vhjHp7Qm4Xi84fjYTjECxOKBQNv1p3MidjVEOiiI5w7XMtF8i0EdL6MyYgLOzMk5zC4BwUQovhAoXmVXsytG92p/KWq49sQwd/fS5qzpvHL86nO0WGT42QVxet7kcS4cHpClB/zHo9WPKdA7wX2mpktHrZLVEoLZlQMbclPKTssps8CNjZBPGrdKB3D1yLflVQYg9CWTTeOH4N/gc2SWFqcZkg1qeWEzTQzPS1UKed5Yift1G9tQgSuzCewmMW8wkp8UqoVPky4zB3Xmatkiiz+H31cm6hgMjtQlfDfS2Tg4SwM30a+J08Avb83Bjsuep2+OANNdSACpGoEnOHpAHz1VfD88fEamd8f3HcqU2EW+zxD+hemLOrDr/IuXbru++3JoR5sg4el5pJk1qZ2wAl8TD3XIUodDMmHy0gVD3yiyKL0kMQkRRRCqCcJoARs3Does1T8psUKGPtMYCn56+/MqqlfKHt5iTjbeb1ew2bt0TlRKRz2EUj8IjJMy9wY3IA5eUOqVbEriABPsdOARXmX2LcAvxDb3QHicM8m3hPPbzVQ0ohEJpQj2jZ34DVCGc5BvqpuGDcC0c7dcQiychOv93eEQbjfLpIopFqq+W2xtsoNCqp4iEmcW77iLiTAElWIqbQqGexY7TEFwR8SOPmbh5ddyYAPOY238sf9LxEbVoVqKZHBpLofp5AVH0plfGXztO0tKH/Rvv1U7VsNh6FvnxHGflhQX7rtze89hfh3StovlEfcirqEbaGHr1iFv16h9AeoGoKCnmNoy4lMBfBSGFBG5aFq79nV3Ui328tv9V5u4p2tBiKMV7sAH5m4lxYtoyOoW3ET+ghMMf2ZYjrYm4vnh4gqbrej2Zz80xm97NsSGbJ5nI/ngpuP9unbtaa5VPbmqx75hhiWRu9XbDf+pklXiu3IkljyCBUHbHWk1P2Rx2Eip4guqyTzPLjLpRhdJP8OIp1N9FiJenuySWx11ZJyvY7m3RPVSbSMU+4/My5rw5413d+qdJ97TOpzRaREN+zqYMymwQOMLXmCpXfd4WuHO+YChNrg25Fsg/z0bdhZcLDtxefLR159dtmMQBhdh9aSY4JVnXTbjBkLSfaWzFO5gzUCv+N85m4NcMbtPsh/WzVIaF3jNo0+AYX6cKiPHCJuV8YvBEASEcLqyZQduCpDgbl6G7z+gyDP0l+9VpLc6M8jfEiOGt612EPpWeWAGt159ovDNbtV7mtl9WYSiL6r3kQ5M4loxGFXmuKgVbVeJPDCg28Zt8rZZzcKkCq6VVuIEd1jRt2CG+HK1vE/ffxort5m6stB1jiy16RRLuYVwaMdblDYWk3ZymMrLnWyyjDTdYtw5JvVouIdw0Yny66yOagemlVOajjV/YLr4AAB5gMijzhjBEUuIrYv0XpAJHPgZxkcvDvLoBse0tC1/Y3qu/8B8qFhRAxs65SsESvq+46/NSYuMliKsJtpjXNjOW3pRH59Us1VG1iz7m2zsIr9p4GbAzYOEPC2iQgP/dFN/w09oRE6CT+lbFJzJT+dCm0rw8DuFu2sxFGG/ficfw3AeuPPmTiSgtygDtf8hZFEgehi333rDpMorGlSvQdnWWxhcRd6EQjORsNaJ2ee46EZhXza2FLbmuXDYXfQPJMb/d5A8Nav1sInH3q/E7LsatpaJUJtwMnoOPePbHUzTnvOUSXvPmbwjKr9JDx3xiIoR4Xl59V0fUNMpyPRty/cuiou4xrEphU6Z0CTC2bbYhheZlcv8kSYN7EEha/xSWHISxKgl3RV+lnvEaKxzoCgQ2R3Wr/lkNN6zOHTOPnE/WaIVCVfnVjTEmdpUhMPf9XaJBxsZwnpCQxOhnnunZsvP9THnnq4RRZxJ2ScnOm94bWzetmz6pbsBx2TzmdH3VnrYOFab2P4KIZSxD+lZJp0XNxbxLepSNHA1NfU31sjShdaYQa3PrHYOKLFsHwxCQDqSjb+jVl6ZpXOIyFtH9QTVJv3bKJys1rFnB6z+8EzhuLLx9mhvc5C/xlMMZHWTdbiFFT6zIHAK1G9Xx3S6gnVVikTU+jqqhPbuQYTo9YbFcQXvSoFHS4XEM1we8KUWhrHUFiL7d0CJroFTPgRZVmvongW9MWLyt4TvFVjgPprXFQF6r146Bc+vbjgFTsSYdO8HjjCW5lXY/4ZCsNwBoio8MDxUDrbR+mZETcAGFWfZpTzG58j1DJo8XPFsRbaCY4F7v9GvW6+NYES8VBULv15OloG5Zb4pF3tjJmJPZ3CHYUqq6Vl+C7s3I2sg8zaYtQ0MC3NwRi4iDiDifsxIoyIqwnVWLbgrdtF+tbuKmAHzOTtoKwgY3wQ8Ya4DhjW7K7/rzJq8KVjxerbI3sOTKQvyUts9na7DgalySPKClvCaPj2W6rGugVpzDWMkDmqIC2Qk2Ixloz4vtCL9owh2JNVrz2LBdzsjYF2DLADFKGHxfOriE6dgVSCvJFbuBMD1inyu/nyXtFafs4xR++Ogu//fEbpa6ouFlG80ph7/1Qt36BtcOtd3Uvi9sCj2F4zELckAtKIATndjP/J+BZEmWgPDVeMIq2c6su7JM6dDBqA+INKN2qJJxOrOshUa8ycf+zlMJCc8ytaXapqVKlellPozyJZKjmVO7lispyDjeY21ZpsbfQEIHuZyuFqP4CHO3kh/7Ua4rtEXRJj8huaxAFUKz4j4y6Iao+bCOlm8Th7OdSWfmfumwFPaM+SfGkut/C9uC9/d0RsBK7NPxuikp96Mib4u2qO0A8KX3nyAInLEJJXOVzxYt6QG4jCu/10UA30JhYnyRVyGnJ96BVIzG8tybNKefkPptk83pOUNo8YzGqLQ307z/7rdt0NybD+cisYwa55CVdRhubyk4sjqkzUQzcpNOwkinMVbNuWQWNqgE6QmdCIHS8QkzVnQR+HSAkyeWatcWuWEvtFcXMJxIXToT2Mz3SUNsX1O/9WxIqZrnj5xUpK4rZ6oWQQOwyEuhNufQKvujr1JirOZ7RdF2Brl9xUre5ecYYugJoq+Y/sCuFEwmrPyLnooT73m86cibeqcvzlRofOpUF+X3g4yjmPN+CS5eHXJblHzwCTqS1mZN5OyiGE8S4w1OllOwCiUI2zKOzU/K8c1HRUndFOJHpJ2xcVp44tzBYca91UOPVYXqxK3adGOgQDNeGOxRU2KtVFp0nT/OvjQX2HsSCRnfXdgu13ylVzmTc92lrodPrQ1N2c4QqbAbwo8vgX+1cuUWa9C8Kzq2G7aeIL+HxyEZwTOV4lvVm0IssjEWTmDYheW3nz/6ivuXO8uDkiCW4q2pQV17m1y0dA0eRIk38yaXF47fUHpmb5l9T8zoYjMHfGwBpYuGejcZwURs1ciWRlN086tEBtGKTKsyNRZHc/E+3CFnF7mYhpp0nXVUm3XwsMjeTNbf4CjFtf9YCIovPKB8edC5olQfgFRQzYzxaAb0H9MFAWgMnvm5hH+y9ZGORbkS6GzYBtjvR+Qt45w4XA3YcgfvEyN/o+xfoiQLeXy/ERx84t+WWh5KKDlrrE68HZIfMqUokcubQ8FV42dK1lwhyfaEQVz2d7ZYIDqj8xHmFetWSiPQUjOiDY2kCODw5AuD9jCgPftD/2D5MYPUDj4HxzSsb0/8ctQuNDQpw3farJBkI51q9IvH4UY+D6cgySixlruIaG61E42kbshuqq64WC0upiHJ7rw12dPpJurv+A3IUyMgMk6Osx6umsA7fg0/Wfc25FEGuH/fLh89xAhndK0bBsYzWVDGz38K9WQ29lt4zhyFy8o8DT/s3PAMCmPfCDxAmNWUfHlKK/GbeTBaMd6yUa3/9++4Rh28hIM3XYvRp5JEVwKneCHElO6IFTEHOqyJTo+UOKi0msUWxf4VRk7tVQ5+nnHmuHqejgt4/662SEyEkGQFgihhYwGsPfW7WzBX4hN1oVSESRFJE+pSjJligmRHElvQVu3vKQPbeUhE80vltDCYvXKLT73ABeGeAjAECHXf9K87cDPAJXgtV51lhO4QXU8cEFPkP1wYqZSpge8Fk3d2W/1/cAc5vnahNGu92W09Hm3EJKjrrDL/+XOBRSOAQJLsB/dpmQx8GsSUH9XXgvh9nBI3I64tsN8U810PfgaBVJoGYm65HTTZWdvrbpX7eY/AcNoxFgvfr8EkRp19cSxXgRCE6B+2ndNp8ePKTwvoEB0wDYDwGSNkYeCdMoOa6UDki57rzTx+1UUN37U1/bf6nD0aJV015Y8xfDdyiYKBrJv6MiMe/rUZJPh/vCsMe4GuT9U609R2YsMmUd6PlVDRK/sBgawIJgglvxDFJyw9ctp9SL9K7cquZmxx3Q02BqYNiaar04A54C8BtNjpCFjpws0beFy9AAIGdzcQu0lMwmeaTyZAOPFB+rtaHiX7npOItxxYWnVSqgDdkBByhiTN9cBVED9TCRYCSDEqDhOGxiqIc3HgwZzXgZMp1f4Vg/zuxdUzGIG/rhLZYQCwPgusahQ8kOsFjuOG5yPGaSsjm0KesXcFPBUY2tLFViQ8dGuB9H8SaXkvJ4I6Yv3F7piMSW84xLWHBE4tiDHVyic9PaRy4HuML/2gQ7OOTK/avrpAOD+ZabNqprAgh1LXmn0FZbxLmU2uo1/uEqMQ/hDA8L010HINtunj/TrlhsxvWYz9fhwNn9JnXIoZMqHRmqhnOebrPaYBqkKdtAM/zP0wYJGghx49jyu22bI/8zW7cyna3PU3t799lRLkEUTRT/J4yTLNPb5ZOb7KdkSxcJTUDAyiU68zbhbaCJbWs0GFpYmYMSg2pFvrd9BQw8dtq6DdGcwGb+X5bIxYXgLWBKgxaju62qlY/hH8ygowHuLctPsqHAI8cb9WD/EqWPQRrNo1Lj29U0rSC6sPQXXB4NYDfCjE0agxoGcxFwlV7RDOHs44DwoBgrOJQCSqb6XuURmYbMAWauGVJ4E40sfoXkjBH8Kd/VuDk7UffZEo9OpGhM24w7qL4Fb3ozp7/iJRM2E1nzjW8EmTomePWMIW9qvn5VbECyj7p9yzvRrWtorKgTXGVOcJLo3zYp/BkeNB9DNR+P7q+//l9h4mDmm1NGVlzFQj7DMbHc+B7Vv/OuhqAtf5gW/pn28av1BFx1KE6n6rwreb7ol1E7bBZy/I8IxSjpI5/YH4sOjsb/RF5RVezijUU5ayYVkTG08ScMIJayM35aCaYulr1leWVgUFfDgc2DMIUV/MYltqlHWIEHXoKnKMJZxIsKJGZn7nQXkRxWQMPalBnHIAtf5Tcwt5z2hkAYvq2XQjENyVBJaQBh4BJmMEc6d6uSjxxECgRRNj5DYI2bk0oTBnO7ouWRwbyS9yoMviv/6CuvVzwBCtndF/j1d61aT/lGSTVmjvvt5trcn4d44zOpAjD9QzuvqOuE5kQ9cMGVaEGAAOqhAfZB51qxQz5LVJzwpxSBmg04JRhn8zFcnVlvbGqrj27ILB0MTyruuZ3S0u+lJC2o7Zf09XQg9szdr1eYroF/HB2jOBi9YRNcAcFiMm1+qp7XNP+BrIFhAz4R5lBI8J/nONAdmOspU/4vAZt8wx+IDUcEIsIsELG1Qdun9DbEhY5URzekNmuDJ38cxWsjOWeY21E7x0l2lOhIzATjEcX5rgonxnJB7dAsZQq2g8ZhVXMR6u7Cvg7U7XGggWtEXKYqvIJXP3By88cIOcdrAzsfuDLk9/kvECRWFj0qYXO/FgczMmJ7nmZhqPwyoVE5WS0bshobzBk1Hw7MkHeRedXhHE+72HgapyrEJXxils4O+/IhVG+BJxSpbicxUyT/QUsF7AdaZBaR/yS4vf1tfm5Am3Z+34oqr/dfAEtef/nwcbnbmBNWGEisaGLfEe+1p5e5PlnQ3GWp+F483skmyF1jZxgikOdX1mK3GoQ7+OSoOSlJyqYZGrTJvlvk/ehk4rbw4ehvWkp7BiayhLnkcahJzJ34cNXca2xj+nq+ALu+rSj8HNG42KmYiajfwnWJUt22HsxqLbfYzH8IwWYuX2UG9nV5biuz9+0lfenzOmttNUfdkUKmh86KYC8//DHUf2ArtvtJmR7ofIiUD0eotlzgvumyIJ7WnZZHCycV+iV6vGaqKWEJK6rLMACAe40kBAKCAuUjTXz+IhwhFR3yJwTJ09z0cOAxUd55dyK56GVCVmbbBCgav3ygGsdZm6LXTwy4Sz5IJiNppptGCPEyKmzQFfxrR5r7dK8J0h43SOAElPbzVR4Swr14fHXRrH5CVJtus6sH+7LxMnkxyzSSxevecEv7n5VKd5Jcu2TU/WVtq/8qxTomIfISFa0wUu6vewVmUGVMnvNqi9ubacBdeeYDWnXLsEzg6gU+ys41itd9gPwNkVtsBBt2CAi59cLNTmfpUBZKwQ1kR5vSXO4Vsh6B2augTjYFUd8B0DnJipx7mIgDTNNTqTKLi7H28DNRPnlVJo6t8a8x/HKhY8mga3CeYdN4ye2u8e6sNN/HZI/y9zRATjxiDk+ySVNJJcsUYvHRicZ3t6kKAK72zp4bzRe2B1ZSyaGsNz3IOBzx13QBeYi0XzewGj3oGSqOWbrdJP5Ug74GJbT79ZGsrnLuPFJhdr8QAjKZAAWs/DuSKaAXQN9gDBUASETNZ1jFBsABT7NWrVJolXOGQK8ILLEPxKApV2FhYrR7tb9XkXk7w4j0PLHPLaysXkdL1OveqO8ny+ix05TgVcjdYzx1WiNha7WjBgUBXTFCLecB0PTUXWIX0jg3NkVEQRgw3KK65t1sgZJRLZ3HYG9pSNRvnwuyxmeYSAH2Cr8BKxmH130Vf4W5/tuLDaRTcTbGELczKXEDSXPMzfnIRgYA0SkN/dVHufmyTxDb4UVIn+33GS8lNMJEIuSJWFWS8Hq09H9xnasF1EH8O1DNZijlf1ENkrkferz1gEqr4sVtI0LVcx5Y1aoTtp+Rz2IZle5uOsjhLt1f5Gmr/K1CQmm+p4xK1WB49DiWCEz4cFk2MzRxS9LP5BSt3Pijbos2l8PqylSydQFLpVQkb5M+1b+c0S/cy3qHdAfblEiacudJ0KwGbj4YXUNuaPj7HGmq4u+NyRjK5WkeTDUVDZRRwgBBXkH7pmMO21ItzTC4MEK0Ny4KheZtFBAxD9u5wB/9Mu9b3HH8z3pb1N453MKtQalR+fbSp1mi22fPerQHT+Mw9jtmTCwlAUUdOzy2KrEwMVvF8Mn4W3zZ/64mC9rEjaJO0UYQDEvkJ4+LI5bObrb+AdgsWCMrN1OT3XlqE7apamr8LWYZOQ5/D74kjVlzrRomW9R/Pn2PZ9m/mYz+QrwmMta3VZZ7Vtj9ktk+kU33c/rcbTp9sUhzJG/oRNxtUA1nswIUKQcrylNYfLc0J2HotdD4gzFQlz48wJS2Ct7L056qUzG/Kis2IIo/zOEqHuyqDnHBj6QRW6dF7PDRQV33RUNcsIF6lbF2At4JMysMNTkOn8dVBTCobN7nimNRlDwaxvrK8vdXlxAZHGFJ6gMb7Ur6KIMnJvh1T65aGeE9BhUDPfU2KsMWE84gNIZbs0JCDKbUI6bJfz2N/yFm8r9eEOQkgJjyapIDdtCTkqRQHvsnulfP9tHC/fdKDgKzyxxXsVSz8OdD6A0oq9m82K+KR3rV1SVAynMAQRs0HbNASqx9ax1oo57etg+TFo21MqrqW9fBmQYkbEPOH3MUVhvkgqC8b/np9t6w5IgThdKBL7IKSsJewf47XFt80VWEySapP7xcCgD4FnbMHJ5z2Nf4uv/+zG/xgZK9Ya0mv0t2n9iOKP7OEmv4aWMnatNLBPebFj6AE05fnL9FLz5vmw03m62casCyndh140PXs7ZRwSbu8jWBpPJmHEFO43KimbqzUrG6aGbA/jAzh8MTsT+LXGubFF3iHpjtNjdh8TadtEVmiubv+WC7CWprYHFXOXpn8enZoF5E9ivAYLLpr+vrXG9SgAAAABbNzzOB3mWCVWYDljyNdR5GIKfM7sRzeIsVpDk50dUKJiFVOYf13LQmPAgjw8r72R7Wpwmxl7IsjiJmavCMJVvsm0hPdA7/s7k51pjsq1uw43cVWcSaKcukr0FhHGsksRYpkiV3kRj5Z817XvvhD8afJbU8Osy2+/UEjcr0KZtT3Hzk2buKRC4usti7I7gV60rAQ+dOZjG6vibAJnwto/Hnc5XfznaD3tpipHFRnAcRq3ML4UjdUZajuAZ5yNnHkXhoVnjVVaa5CUHlcKHwWcvZlxQj3ft3ztQ58jZLEuiE8UWaxVMNMlaaXxSg/CpoJdmsJ/OZ75fAgJlvq6gABR1AVqd2VWvlmdMYmnnHtanripYzZKa+E++NKmVmLk5CnlvpiRHY6QVaCeUZWTnQaPTRdy9/0+QsGxzZCsmRlqdJSRViOVPv31s22yb7K16bvTaSpiNGwrMqmnmERIphWcG0tomzChUjCJfrxifoHL3606KBn79l5WnfzANkIATUMs2YBP4QlZPcCqBYGWAvG1CJfb/CJvZXs8XdOSqeB/jX/n6iNWi0XzAAiESosmtBV3HYLtMGZhR44AYHIVIyNcSR9eFnYPBC7LV7bzosly7jrx6jIUM6sOJGSKs6XAMyueNPzf3WjqOe3WQumQCXEAyDWiRuAmZn5aiDRQAbp/Dd2GvRAHKabbnxW3wq2esY/QsFNu+2WqbF2C8BkYsxcrh62delAsNUyTMCqy2wAUHl1hqzy+dW566NgJfktWGqpOZ8A90jm0/74twlyTxNWkTO69WK3Zgt0GdwZc47EjJuUxK4Q0Y4XWNHbvy3Zs/qS/9eYLNoGRJsUq2Kk+ozcsjWaa3u1FtZL1aCvM5dratdcqFg37y4rwQsoP7MMmm0FbbyjvL20jEdaHAQcetOvSdyEMKQ3f+1U6Xi37Iek5LpnAFg3Jab1jrBgck4fQlrnDRPpGtuyYmlct7GZ5uU6Nb8MJwEKsbhE9Y00vAEwM3z4WoR+oLKjELhlQ14DWJ4OkL42gIrZG9CKeRSKEmhvpfqwmJT3d9Hc4WPM/LmhjdqPRjz9DqDli9N9Rd1RmCmHKOd1dp+GGpAI5NCreJPyppEJRilxuvZUCjQWgLK2UrDQFYeWuyEW5O1mg0l8qdf5XrvcX6j6gpFF2lDEDI+dzg6EqUD0z9XgExJ9BxPTtrZ/JF7sWsPCH54hcAgSJCA0SBysYQTQE6/S5BTznABKUrK6bnw92BaipqvlI+IfTGJpfJmtkCGP/y8iSsNIalWYalPQ1d3KsEAEQC55As6Z21jNlkVPFb0PUCk/eqU1yZCvRwdsG18g+lbUSEBZANJmztajW42WzKEZ6XrDlKysD4qS55ICyXwVy7swm1f6fthCw5nKBikl6/Tkd/+CdVVG7LDTIn83ZKQx7bXnv/9zk9Dn6N2gbb6xkDKqpgU2dVLNVomDi4/DsnORNv59x0G6bnYRgUFE5x2DHXtR1LKYCv9MuKrJsQiZ1Mhkin4w6osze9zyouP7nB1A3mjaeU2WKV1CiSpPQ9RmfQ9Ui3odjqUOeBT/BkXWzD9R1JoaZdyUjNxUrkjBLWyN+RPLSJqXeP8nbhRAn/hTovo+wbLWnrUe33uqBYApS2s6DMPTxOywjNK4hnstx02oeLTeH4yxJFnhkQhBlM6YhAOYlpKLH3Nx3IUEMouNSjW0vtkR31GiHorW9/l8v0NgIBa6E82KFpNg20JYM/G8m2M2cTpK/1G5Nqgnuc0fnT8G+PCd4d8Mj73WMo14VxcAARPb5mVLm5fa+ctlW3iVWGmpnbg1T9KVA8l8q9qPYINh0/BLSLjRPK4DX6ZAwyA7TepOKck+ilCj4h/0hiRr1U4xg5PhM2kkdSIBvq5hjggUGqSCzkda9RyMCw0wRKvoBApC/DUG2NlkHmfZmShwkjme+qYNaHfQnaXozPVlvnMMxv4RVpXcHOEYjy4JIaw0fQ5KvYIafTnaLDABCmZiqQai/nyuDJeNnzcSdeOKWeGpsiLz0z4eKJXZ6KFxMydDx2wlen4Gr+d20t6yir+3nCT6GkNopbHUAh+0Qhu8y4VzNzh68oBKgCMlbK2HRav3DsJNGhQwnedivi8sTlKpQIQW31K51zlqobnGmhhdcnJJxaWHjP9FZJcwE6EUzCG4oTvbe6EuQzKUwR/O0hxo5YjQb/Le1gJ8T8x3Lw4tGo5WVn1RUhbV4Svdnrlh3XtUXjZKhLFgqd0fL2ryQAO4njmrO/f0RKwxL9YRc7xUbisvotR4mGZWlMmrxOH1RUeluPKfCG1Y9zNokRofWbp33Zp9XT+oi8XHfuPV4Peebh84En471XJblvbHNOyKKoog9K723ePi32LCueO81vPG8z9j2XssuZi8Y8wQjPRvcNxBZVlqncDWXpjnim6hvD68NRMoROthSqIxkB/lN2WfQ9kMflewIVSuYh9SyD6mc+6Vlgd/8g3w2PXXPZlFyNE2YpkX28WRXwYJeoPKr6brD7LGUBaf7Pkw9GOcLS8FMlJAbVUcgIJt3RfYiC5qaCodHt9GjceYXOjY4L+MKrpsQlvB9vgQ3Q1wYKadyvyESWwqKH7jtLbSzHdnDk1mm7gVnQriCUloLWc3u2PinVd77mdVq8KE9L+dbA0vwc3Jr5UZOochL7S7RDVU49vrnxpB6H9XRyIP9mzI+Z8da3eHAWJv17WG8kIF1aFv9UiBQyEeqMtQdNMe4vyET5JVj3bCV6EGN3l1soZZngu9ktD7kRl1LHFxDx7A2QFgmaDyEuy9hKJyeKCSYrnAl0ll5GwZtxUZ4GWy3jSy+zBoIUp8DiTR1by26Gfho2qq952SmyRhANxm4AaEujgnjtdGSYSGALg6HgA6O+IQeQtjoC0GOyanCGDdUdAUmDvitzPkEfzSA4pkFyIfsOj4O3Mpg5gA1xwyHBtFshGqNGNi9HwQFQACk+vYoEz0TVNM9cXzDyQlbYOU8EG1rSLr6nZV+/v2BtkjTYeVxBNYwD74qXutpdmoeHfXpycN2tbVBA2FVTSQQ7RnoruS6tsXrQUXUjn9pkCywkBPvaaAKEPFZ3Dk/6hwtHcfEhR4ZpLa5mJS333U8Usu2tHHVoPIMD0WnUWtdGonVEMPLRKdC5KIcY4wbPJo69VSHZoLAgziOHQNmzgXKsSdXRqqCEf57SxrztIkKHGAeYndArALCV27W0fevPonIJY46SUKWQ3iZ/zyLECWl5lS3zGSC2vknn81LttlfXctPXzivU61v/9DNCAN3iEXVS6EtDnH9saAe5EfVdugDofTqnGQ9FgARMR87PGhbf53XVQC3U7n5NnHvRqm9ixB4ZIL4nQOlzMPLtW+HoLM7CwbeJZD6iOVIfregt4hZnCToXsCjgeEOLOoN+RI90A4Q6v+IsJ3Q/sBLceYiqLZ6PoCWkInlhpvmveZIM7DvrL65qA07WQFRq/ae3MriBQkhnAJS/NDs/66CzNiSV2HeL3dAiJnUvJNj2vmqUJOenkknRwRZU8dV9/+FOlhyljA6kiALZdahyptTLa/+nHCBvd6JdlCvJFq2mmMBCq2YkKAoy4brt57ZgkQrEVsDqfePvRuKxWi06ItckEdCdfgWT1d2rp0tLLX7bItMUqJHNxXy/kKV/BnhJumP6IINqF8sspG80o3ZZBi1QBa+U9pSBav3q0FNMrIffOxJktNsnMv+bOWHrOqCNdaJlhazmE1gBJTvMQIxl8k0cXwATQXz7Yw8tHDqd+kJHX6YDIQf6/u3ibnvp5nA3UUUBlrO2wNdASYVXg8pM9ncV/lDScC2Q5rLj80HXNm8oMog89+3AroEpoPUsoQDVnQVklvThyLPSN7Qle5lr2i8TfHMr4pv/8wud99Ud2IFpRSNV75AowMaPqU/CEZgBfz6W3FouqUOiknOUpZShaMdRu7+lLo4Ts+uJlisYfcIYgfvJfdMk7CnkXEwVRl5zA1G+eJ6p/wP+D9Xb54wCOl/dxdLY6FoD8hPanIBefJ2BB4UKAmAi/0xTG6RbuSxF0KoAk2/b8J/4M8PHdiqNuZ036DhVAHI1r69LBaCYI2BdavMVUsN3MOUDdeMo8P9H8DQxZMMOX/qW2oNUzgyvb0nUAAO3bBaGX39WYGuqT9mOHMZbGG7Eo2v50UeOvRLk9lLEH/mWWZql1LC2SzIVnuS+nyw9BMp9GYpv51/G3/Kbmovdd+Yp91mWE4gJbOxrKkC/LELHH1QMEeVTiNQxnRdKtvtfWj4x0ePsn0bLmdsvHx2OvWwpUyRJJxUXpy/sLKaYRGbs71zLfJ6Hh0wsg8agMSxq+ExyNwmZhD0+693fsOio4Fe1C7h5zB6wDTRcsCKGT8x8KmYlGr9b/lgs0LyMzooJAU/A8c+dpppKE47JkGUcxXh0vRDH6eOzqbO33KHq7hpEC/eNf1AxKz6oEE9VZchI8rMUhTtisMty4JriRuSdoAhhpFyChrt3MJrQU40dlGs+Ql2wp6jk9ASiENiAfZR2z+IqBgDUrR6gAAt5LCywJE+0wHuX+L4BQfTByP5wZ/wFWIq9DAAnhdSgMwUFTQJZQFzBzwHxUUmjyuuSltlo2DCoASiQAM7UqrW8J1rnGYF5bVMtq18NBHb2S30c8lrYkMgMiFyYB/DeIDypNOKTDoIDjoI4FPtycj3G/77aYTZTIUbpN6TApmHJxKf/OJig0ZbVlWGBdTxnbndgStcCWjdU4fwBVFiAreysCOPml6Rt1xwtRJ0mHW3iGliAdIdY4sQtglikV/MRm77x5HdO8YlvRVp9expaAPmUSQ4666qVifkIyoxqXmBlVv6aFMsYv+QRdv2SjCQppmVnBRoE0d8B7DJLOTkrdME04m0sl1KDE6UdaGOcnEHnydgn5gcNehewu37Ar0iFH+RpBxPCaIcaID5Oo1gLNCTE6yCQZTMpfpuVpMKyeY5qpoJ27ssDItPHXvU8xR+U9JHqa7vGsH1c6ZeSzcDcnKGhM1RohY6Ut9Ueeu350AV5xsENb0t6WZ8GZyLi/4Q0t4qM7WXFmcjQjPSfjvT70bIeEZ8KfABYCn9k/HQQB/kGf69K72MStK+L3CY3fmXIMbvmbsE064p8wg2kmP48SMv9WO6+U914OcMC92sUAltmH+wL2+EoDreHoR04cVmASNvoQ47pX0qo0Ktz371TeKhwK1WN/Nf3ctssB0TXH3SAOjUAWkhPd4vmfjIvQPq1+tCBive+C1xBr0R2IObFd+W2h0D/vLKxqZlXw1z++PWl5uy748WzQRfB7MrQP9pO8Hp44XicpN0BfPecv8UJ/ndTk9TXR5Md11auINcpbikX0Te5g73yklRFts00Sr/kwyk9kfU6I33mxffjYqYsBKoIjEgybXg4CO37oZek6LE5giELFwAxSbPzj7/QF65YfdgPgKLu4scwNbr86dLKRzqDNR+/WEZeEzCv9WcpLXzgG1LIZFNjxaM0f/KX26PFktz2OUqnQuFvMzdATLQ0IFCZa1a8JPF7Lh/kJ068q4ae4+qoVahokv2jI46l63wKU3yisSZ8auFooBAD/GOFVMQPjaQExcZjbxpM8i8qA+mHEcxTMjcFlw0cQJncFYXZidclwMPDrpLwDnjmqYQAAgpYAAAAAAAB2nYL7zdXlLQudCJzAI6qNFrIaFFGWcTjgSj9y7TVH2pI6FM+QhGtUQEO+ISL6TloLYuJAqpK7MWKQ9mSmzsN+9EtpnrDkLs3GFfSZXswcxQVuWWK1/K1s3j6Vma30Ce5mGVO4VGvslcPtqun1axEyAoD2fp3U3xCRneaYJBq8WyRVX0fNYoBy8ZKkzRvBb+bmPeDsgC6Az9fCdKE4/p9b3BVToi9Cp+5fjk5P42x6b26D/U/ouLGDfTYmhGzZsKxG6JPTsPmh50M41XCNZZVcG+wU1JeaTmE4P5sMv/CRXLK2EqWxcTbuo2LpKFqt2s0s5MtKa5mh9XJemxVC4xUurjfgE6pZAi5FRfn157XMjso3cFaRTFxwCptZ2+FPiZSq1Hr0sgQ5MW0xXhBL6u1tdb1zS1EF8hQRJWv16VCOf+ezl3p/DerOIFinY9lrVK7OBPrwbHgkpkjSsI3+CFW3WdP2jkWySPbfZlPyVWoSduyywLcEXDnzDuWSDgALamAWgZTseEFShym5e2QAXlaUQPoLK7ME7A7Ct3p/7OMZj5s7oqBWVr0loQ2++kKGXShsNPoODZCt+8xmfc3a1TwBpKhBDLMmFkAbnck5FollG8UFbrxmkrlVfZUfp++PSAlVFTe8yD3wqVQVmPKACgZ5VgFmtYZ8as/BdT4v0nT4fVKlWFcrc7+91kCERu0z25HqJTPEphgyIqx/fQmz04oE1vDAWyQjHbx7cdWLG0+9accjUZYNyLxjFS6DPLLvQTAAC+QLgdTTeEKgG4RDAAAAAAAKyyNvgBFEdKxKmyTnST/UABOx15f6Te3B3N6zH97UNHL/W+JmLIy/fbwAAY9aVrGDayjuVo9OdNACVHf389gqcay33VbGdIZcVDACIITTPHdKHc9fqBpQnPcyoEQtjhqaEVo7Az5Y3kYNnMfR96oKAQGSm2wQ68g9vkmDQPB4Yxp2b2H6K++RHZmWCeJSKXfyMn5zKek+3J5cHuv625hutsS9f7JFSsIBlKaJCSl2aT4rlh2ZPE7nr/GXGGujlcfmZwdEyR4X+GP6rBkxgAyEZSz/UzK+kXDNUjd8bHiyR8EMgRs714l4xmBn2rQFsvAf4S/Nv/ngLB68ByKSGmZYA5lVVkafHHM0nQtbTup2Tc1/jLFHgFSe0KSWWkgdJQjaPbWqd9roACTL3pGJq9XSemMelPbKKwBSZ08xoducShoj7iUOblUxngCgAAAAAAAA=',2,2),(10,'XADSS','Test material',1000.00,10.00,100.00,'Sample material','2023-08-02',_binary 'data:image/jpeg;base64,/9j/4AAQSkZJRgABAQEAYABgAAD/2wBDAAUDBAQEAwUEBAQFBQUGBwwIBwcHBw8LCwkMEQ8SEhEPERETFhwXExQaFRERGCEYGh0dHx8fExciJCIeJBweHx7/wgALCAK8ArwBASIA/8QAGwABAAIDAQEAAAAAAAAAAAAAAAUGAQMEAgf/2gAIAQEAAAABmQAAAAAAAAAAAAAAAAAAAAAAAAAAAAAAAAAAAAAAAAAAAAAAAAAAAAAAAAAAAAAAAAAAAAAAAAAAAAAAAAAAAAAAAAAAAAAAAAAAAAAAAAAAAAAAAAAAAAAAAAAAAAAAAAAAAAAAAAAAAAAAAAAAAAAAAAAAAAAAAAAAAAAAAAAAAAAAAAAAAAAAAAAAAAAAAAAAAAGzr3+8aubmwAAAAAAAAAAAAM98zK9noGmNiIfUAAAAAAAAAAAGZix9+QAa4Kuc4AAAAAAAAAADstsmAAGqtV7AAAAAAAAAAATls2AAAIqnaQAAAAAAAAACy2bIAABjkpPKAAAAAAAAABZbNkAAAHJR+YAAAAAAAAAJq4egAAAEfRvAAAAAAAAAB1XzcAAAAK9VAAAAAAAAAC6y4AAAAeaNHAAAAAAAAASl4AAAAAjKPgAAAAAAAAF2lgAAAAMUWOAAAAAAAADq+gegAAAAEFUAAAAAAAAAsVqAAAAANPzvyAAAAAAAALtLAAAAAChx4AAAAAAABn6JvAAAAAFTr4AAAAAAABu+i5AAAAAFequAAAAAAAAHZ9AAAAAACEpwAAAAAAAB330AAAAAIelgAAAAAAAHbfwAAAAAhqYAAAAAAAAb/omQAAAABAVIAAAAAAAAz9G2gAAAACrVwAAAAAAAAXmTAAAAAFHiwAAAAAAABZ7KAAAAAePnWsAAAAAAAAd99AAAAAIilAAAAAAAABm+d4AAAAClw4AAAAAAAAJy4AAAAAcdAwAAAAAAAADN87wAAAAUyGAAAAAAAAASV49AAAACIpeAAAAAAAAACzWYAAAA5qJzgAAAAAAAADNxmgAAANdIjgAAAAAAAAAerlMAAABrpcWAAAAAAAAAA9WmwZAAAc1L4AAAAAAAAAAAmbX0AABiGqekAAAAAAAAAADbZJ7aAAjqzFAAAAAAAAAAABtnJiR9AOeJg47AAAAAAAAAAAABt7uzf7xq5uHkwAAAAAAAAAAAAAAAAAAAAAAAAAB6lJWC4QAAPVhxDc+AAAAAAAAAB1T050PFcrusAASNr784i4GI8gAAAAAAAA7bJM+gc9eg9AAZk7DLZByV2C8gAAAAAAAOizzfoAeIyLj+TTjPrp7pGX6gA5KxDYAAAAAAAGbBZtoAAefGfXoAAIup8YAAAAAADrt0mAAAAAAGusV/AAAAAAATNt3AAAAAAAIeo6QAAAAAGbLZcgAAAAAADjpfGAAAAAD1bpvIAAAAAAANFMjQAAAAB6uUwAAAAAAAAa6XFgAAAAPVxmQAAAAAAAA10qMAAAABm2zwAAAAAAAAGmj8IAAAAWO0ZAAAAAAAAAclF0AAAAErdfQAAAAAAAAAi6RgAAADovnQAAAAAAAAACs1kAAAGbnMAAAAAAAAAAeaNHAAABN3EAAAAAAAAAA4aH5AAANl/wCkAAAAAAAAAAVWugAAFnsoAAAAAAAAAAafn+kAADf9A2gAAAAAAAAAArdXAAAs9lAAAAAAAAAAA1fPtIAAbPoO8AAAAAAAAAABV62AAE7bwAAAAAAAAAADk+f4AAF6kgAAAAAAAAAABSIoAA6voOQAAAAAAAAAABBVAAAsNrAAAAAAAAAAADR888gALvKgAAAAAAAAAAAokcAB6+jbAAAAAAAAAAAAVitAASN7AAAAAAAAAAAAiaSABYLYAAAAAAAAAAABo+d4ABbLAAAAAAAAAAAA07jX4oOgAF3lQAAAAAAAAABqNen10efGmrx+zVp9gPoHYAAAAAAAAAAaYzq8at+Wzn8V+M86doDP0baAAAAAAAAAAcO7Onn3bOXdt01eN0+N4D19I9AAAAAAAAAAAjO7aCtVgANn0gAAAAAAAAAACJlgK7VQA3fRgAAAAAAAAAAMZAr1UB//xAAsEAACAgECBgEDBAMBAAAAAAACAwEEBQBQERITMEBgISAjNBAVIjMxMnCg/9oACAEBAAEFAv8AxQCBloalktRj7Ov22xr9us6mhajRIcPp6ab26Vix0urXDUfWawPTMfXLTsY0dMWa59IrY9rNV6iU94wEosY0C05LEl6JWrseVWmpHhGAmNvHTGp+PQqNGWaARAfEuVAfDlGo9/x9HyLKAeFlBoZvuMp+VYSDl2FElm94yr1T8u7XiwshkS3msmXtUArDzMtW5h3nGV+inzr6Og/d8anq2PPyKetX3fGK6VbYMgrpWd1qL6tiNhzCuZG64Vf89haHOuY4TumKDlp7FkQ5Lm6IHkTsWaH725pjmbsebj7W50o429jzH4m54/8AM2PL/hbnR/L2PMfibnXnlfsean7G6LnmXsWbL+e6Y0uensWUPmubphD+NhKYETLnPdMezpWthyrOSru1FvVrbBlW9Szu2IdyO8+22EomeM7tHxNJ/XR52Vf1HbxQsdB0fMeZkbHRVvWKteY9opW9pObveOt9YfJMoAL1mXs3wZkSoXIfHjmQgN63Ly36JmJo34PxnuBIW7R2C9Bp3jVpLQaPhW74K01htL0NTDWVbJROgMTjvWLaU6s3Wu9IWw1ynJnGlXa7NRPHssatenZJQ6fde300DMNBfsjoco3UZXX7qGv3QdTlC0WSsTo7Lz/4/ETMpoWD0OLXy2qrET4cRMzWxvEW4wtNQ1W+IrtdpGMiNKUtUfoUQUWsdoxIC8CtTa7VWqpEfq+ihmn49wamJid2r1mu1Xx6g1EcI+pqltF+MnTVMVPcRRezVeglXYehTYsY0x0USM7khLHFVxyw1Hx25iJhtCuemYstHRsjolNHXD9YEp0FWwWgxr50rGLjSkKV3HoU4bWPYvcI+ZqY6Z0sBAfB4RrkDXKPh2qanasV2ILbK6GPKpUWiNpIYIbmPkdrpUSdpYCsNsuUgdpqzWez0KG4WUA8LVc0HsgxMzQpQrcmrFgXapVy2IYkioVIRG5mImN6pNctgGJmcfUhMbqYwY3qs1z8/G1OnG7sAWBbrlXZ5uLqb1YSLlvUSWeXjq3XZEcN7v1oeuY4T5KFE1qFipe+Zat5WNr9FW+zHGL1foO8fFV+o3f7iYekomJ8VYSZ11wlXoGXRwLxcOj0JoQxblypvhoXLWrGAD0LMJ4j4eGT8ehsGDBwStvgrGTNIQtfomZT8+Dh1czvRbS+qj/Hg45fTq+jZRXTtd+qvq2PR8wvmR38Kviz0dwdRUxwnvYoOSn6RkQ5LndGOYgHlD0jNh893HBz3PScqHNT7uEH73pLx5093CjwR6I1kL+gyEBSyGrePK/uYuOFP0Ay5RWXOuTGDln37fzpj+V0nwNRyUgzndD+Wpf/AN3zwbY4AlkwurJlw7FOOFXf2nC1rn7MM4woZmyuYXpkzwX+bZng6I5X0I+1BQNHLS+S5Zla56jrPHpdlfwvf7AS1jFwySUJNEDiVR1m2YYRsIwlQNa+11pEYlVdAmupnDcyRZKlVeZcTJtf2B/2j/HoV4p5VBC1/Vm4+O2v+z0NP3rn15v+vtp/t9DjsZv+r6v/xAA7EAACAAMEBwQKAQIHAAAAAAABAgADERIhMVAiMkBBUWBhEzBxgSAjM0JSYnKRobEEEIIUQ2NwkqCi/9oACAEBAAY/Av8ApQaKk+UXSmjVA849z7x7v3j2dfONKU325PuSg4mPWOT4Royh59xpoD4xcCnhHq2DxR1K+PJNX0F/MaK1PE99RlBHWKyTZPCKTFpyLoC7jFaWm4nYrLAERakX/LF/IVubcnDjFlRQbLXVfjFhxQ8gCbOHgu0WXHgYst5HPhOmj6RtVhvKCjZ52jjQH52ynvDAwVa4jOgg84CLgNt7ZBeMc6tHXbHbyBqnDOL9VbzkBprLeM4BOLX5CRuN4zZE65EJm9TmzzOFwyJkO8RQ7s1U/FfkbjzzVF4DI0biM0ReJyRG4HNJf1ZJ/dmkvxyQ+IzSX45J/dmiH5hkiD5s1VuIyOWvnmqdLsjb5bs1eX55EWOAgsd5zVDuNxyIje12bq2/A5DZGCXZv2Zwf95Az790VzeogNv37fYU6KfvOb9U4xXbaLrthnfYOfp2wu2Agu2/PLD+0H52osxoBHyDAZ7aBoRFlrpn72gsxoBFBdLGf1BoY7OcaNx47NacxwXcOQrL6SfqLSNUbGVTTeLTtU8iWkYgxScKdRFUYEd/e1W4CKDQXgOSKoxWKTVtdRGvZPWLu503Aj1al41rI4Dk3QYr4Rr18RF6KYvk/wDqPZN949ifvF0ofeLrK+UaU1v9n6AVi8WB1jSmNWNK9eOyUAqYrPJHQR6pwfGNNCM89WhPWKzWr0EUloF/rQioi1I/4xZdSDsNaWV4mNEVbj6GrZPERVPWCKG45vordxMVfTP4ig9OkxQYrJavQxR0I72tLA4mKtpt17jTQHrFZJtDhvijChzOiLWLU3Tb8d5Qisatk9I9XMB8Y9nXwi+Ww8vQuU/aLpTRfZWNNy0erQDvKTFr1i1L01/OYUEWp9w+GLKLQbFhGqPtGqNjrqtxEaYu45bRB5xXF+OVWWFRFuRePhyu2+in7iygoMttLov+4suKHKO0njwXMLL+RijYbjktAKkxbmXv+syKOKiOKbjkdlRUmLTXzP1mhVhUGKi+WchoLzFt75h/GbFWFQYqL0OByDtZmucOmcFHFQYob1OB27t5g+kZ0UaCjY7ZVtRcc8u1xhFDjtQRd8BFwGe9ug+rarTa7Z9QxT3ThtHaNqr++QCu/dBBxGzBFxMCWN3IPbqMdbZjPbwXkIo2BhkbEbIqDfARcByGJw3XHZDOPgORCjYGGQ4jYgoxMKg3cirOHgdiMw4LyM0vjFNhXibzyOaYNfsCJ15ID71OwPM4XckMnERQ9+vFr+SX6398FG+Ao3cky5nl3yDhfyUx+G/vnbgOSnXiO+duLciitbzT0LTGggOtaGHXg3er1v5BY8BWFelKiAldI4QJQvuqekSh/qCOyWWznfSFX4sIcHFWpEyXS5KQJrrjuEPMMsqReQYQAXMIJAFVxhplKndHsx3MsfKOQC7YCGnfyP8AMIu6RKY6No3DjDzn+lInfyH3tQRILXG2K/aJn0iJH1RMbcVBhppxc1iUbFvC6GH+HAtJ8cfx+Km+P5I3G6P48o78e6UdOQEQjQGkYWuqprSFmHFcIZpj/T0i0PZS7l6mJYVKgMGrWKiTb6iBOnCyF1VgpLl1qMawFVbRAwhVKVI92sKglmWDiTFlUtecVbWJqYDslkAce5HIiyU1pl0BBu9OX594vjyI833U0R3Evx7xPqHJiePp/wD/xAAtEAEAAQIEBAYCAwEBAQAAAAABEQAhMUFQUUBgYXEwgZGhscHh8BAg8dFwoP/aAAgBAQABPyH/AOKBn0eVfOK1Lx740UqWA6/Uwaw80bWbcnXpO0lFu7taUbid7n3oAQEf3Cjsar6x10AoG2DUhd0ckBQJ51i8qCke7PjdD5CamOttypBdrk8iw6wxeBUR+jYcE2WskqVmGax8qCoCJk8hQ5OVmoYGeAcKuPROfekSw9+QPWJvloOHxaMjEpAfYwTXpu6L88UzHuzGh7uYOSb65mS8N1BHF4NnlVF1IhNazq8WxQEQUHG5HO3c31qwub0GRxyCIkjUSs//AJ1iHhP4g0CyH7Max10f60GPiPftW2Rbu2dACDQYEM12dWmTk9TQgw4xTPjKHVd6ErQ4CwWHnqvQFNDi6N9P91Tponvondyev+apEejRDIdh/wCGOJw/ToiiO41TpH8miR736aoWZKPYB0OTYj6tV67EvLQ4uYA1VdeUH7+tCcSxLTYmZ1WVW55ToUOt2HbPVipYbPVNBnGterPV5Z9rQCtwWG7SImVb6ukEhLjQZLsdnj/y0tZNMss/dMgMjg8bf7I6Out4XfX44xL+hvWMPgNjbWxRkYSgBoD0b8UcYUq1JiT/AEtdOKRIlSTA/UcQZbFLV7bLG/V18kwMEoIFkZeGNo5kZtRBs8hMbP71IKvi4MuD7B3py74OROw0qjp/yvSut4h8c5POtqebqmPd5Im/OjVpI7DVuDsW0QlCbngjT39vUoNbtirCyejya5PdkVYrfSaJ7dJX4j8K/wALTlU8tu9ZmPal81l42GPim+P/AI9MgnIKhUdzH6URCd5AFWO2DhwhJyYBV+o4Y53o0vRLaat28W9dcSsHkPWseftnrXkwRf8AlaZMRqeXjq+mlwFknAtw/TW3ruIHj/KCQ3Kl08m+1SsHRs+lIgQxHV18Ltio3zf6UEAAZH941X3KLP7XnXmxZbxAlgu1e3lX2qILrYPSgj+8KY9RUx1kotYGImpyTbnIqB7Fk/7QBAQHhogDZKuY95x7UG/RDFfYsasnfnSjET+ccPanyPI+ayu9Wfirp0osUd5vn6+JChszFSMntqwtp4YBVwCotnKGL3qDAsg4JfEPl/BgsB8qAMAOCFYdOx71HLrA4Om4ZmawKhzrP60psBMRqckzMx2pIYTSoqX3eyjhTyNNJYd/LupE0tHBWC7UEXGP/Sgg0+GF8jEqDcrBwdFFuRAFEhGSZfnqQYUqW3b/ABdDOIVAFW7p+g1QS2KGr00WdujoIM1MAqJh+gasNQUI1egrsdHjyocLFn6x1jPIIr5zC46aLDO+daLvs5jvQXwPc34yy3zHagEBAa3IwGP36UiBAYTbisZdY7G9C3Aeuuy+i/fElW8sX6G2vAgSOJTMDOf1xFir9uvIDLLu9mhahIThi8lYKwbRd3d+QY6ws7t+GiAY/keQhkkYaxImOExK36UPkDByHGO/ocuEgPx/LyIPkjDWLmxwQj3YKwSzHIsRGP4eCi1Zt3eRhzoW75UilEJZ4GPp99yPIxk/vgNoW7tnRAQcjxqZrs/pwEwmCHd5IJPOKZMQYfHlDiL5Jjhg4+fjPiBQUWFAByTZHV/X3420Sl5clbgI8ZL0L6/5yV1BTxu0B6HIoTKjMbv9FMZxaCobldaw9/F83vdyCdtvwrLAmKWtrIqzopLsyosL95qEgGdgoFcj6MqJEEWbZVYJBdutY9mDu2pDuxIwmiLpGHSpSkT2VCBuKaACUlnAz8H9ercgYeh61e+CB0MCkY3u7s9r1bSvF0Mf3vTzp8xjb9ypJ8qDZlahl02E3n8U0ZeD1JpnFH5KjTwhb0+AQLDqUNYsD0X+KDGwD5CVaq8Hyl/nwj0AHICqJpd9iu3MOLlUkCTitQzVhIEQ37/8ojCLb7lTp3IrQ7U5ZZAt6GibEpwdx2yPKo7TF0S50cedMG9B5NE5UWstgsqYK4Cat3rC6/gmQ6lYB05Dz5HkM6wBTH97z4j2/wCeRHsh5v7PgY7r+PE/Ub8iAJgCWfA93+P7/wD/2gAIAQEAAAAQ/wD/AP8A/wD/AP8A/wD/AP8A/wD/AP8A/wD/AP8A/wD/AP8A/wD/AP8A/wD/AP8A/wD/AP8A/wD/AP8A/wD/AP8A/wD/AP8A/wD/AP8A/wD/AP8A/wD/AP8A/wD/AP8A/wD/AP8A/wD/AP8A/wD/AP8A/wD/AP8A/wD/AP8A/wD/AP8A/wD/AP8A/wD/AP8A/wD/AP8A/wD/AP8A/wD/AP8A/wD/AP8A/wD/AP8A/wD/AP8A/wD/AP8A/wD/AP8A/wD/AP8A/wD/AP8A/wD/AP8A/wD/AP8A/wD/AP8A/wD/AP8A/wD/AP8A/wD/AP8A/wD/AP8A/wD/AP8A/wD/AP8A/wD/AP8A/wD/AP8A/wD/AP8A/wD/AP8A/wD/AP8A/wD/AP8A/wAU/wD/AP8A/wD/AP8A/wD/AP8A9oF//wD/AP8A/wD/AP8A/wD/AMQAH/8A/wD/AP8A/wD/AP8A/wDAAAv/AP8A/wD/AP8A/wD/AP8AQAAD/wD/AP8A/wD/AP8A/wD+gAAC/wD/AP8A/wD/AP8A/wD9AAAAv/8A/wD/AP8A/wD/APoAAAAf/wD/AP8A/wD/AP8A8AAAAB//AP8A/wD/AP8A/wDwAAAAD/8A/wD/AP8A/wD/AOAAAAAH/wD/AP8A/wD/AP8A8AAAAB//AP8A/wD/AP8A/wDwAAAAB/8A/wD/AP8A/wD/AOAAAAAD/wD/AP8A/wD/AP8A4AAAAAf/AP8A/wD/AP8A/wCAAAAAB/8A/wD/AP8A/wD/AKAAAAAB/wD/AP8A/wD/AP8AgAAAAAf/AP8A/wD/AP8A/wCAAAAAB/8A/wD/AP8A/wD/AIAAAAAD/wD/AP8A/wD/AP8A4AAAAAP/AP8A/wD/AP8A/wCgAAAAA/8A/wD/AP8A/wD/AOAAAAAH/wD/AP8A/wD/AP8AwAAAAAP/AP8A/wD/AP8A/wDgAAAAB/8A/wD/AP8A/wD/ANAAAAAP/wD/AP8A/wD/AP8A4AAAAA//AP8A/wD/AP8A/wD4AAAAH/8A/wD/AP8A/wD/APAAAAAv/wD/AP8A/wD/AP8A/AAAAF//AP8A/wD/AP8A/wD4AAAAf/8A/wD/AP8A/wD/AP4AAAD/AP8A/wD/AP8A/wD/AP7AAAH/AP8A/wD/AP8A/wD/AP8A4AAL/wD/AP8A/wD/AP8A/wD/APgAB/8A/wD/AP8A/wD/AP8A/wD6AA//AP8A/wD/AP8A/wD/AP8A/tx//wD/AP8A/wD/AP8A/wD/AP8A/wD/AP8A/wD/AP8A/wD/AP8A/P8A/wD6v/8A/wD/AP8A/wD/APwv/wD+b/8A/wD/AP8A/wD/AOAL/wCIH/8A/wD/AP8A/wD/AMAHtIAG/wD/AP8A/wD/AP4AABwAAH//AP8A/wD/APoAAAAAAF//AP8A/wD/APQAAAAAAC//AP8A/wD/ANgAAAAAAA//AP8A/wD/ANAAAAAAAAv/AP8A/wD/AIAAAAAAAAf/AP8A/wD+gAAAAAAAAP8A/wD/AP0AAAAAAAAB/wD/AP8A/wAAAAAAAAAA/wD/AP8A/AAAAAAAAAA//wD/APQAAAAAAAAAP/8A/wDoAAAAAAAAAA//AP8A4AAAAAAAAAAP/wD/APAAAAAAAAAAB/8A/wDAAAAAAAAAAAP/AP8AoAAAAAAAAAAH/wD/AMAAAAAAAAAABf8A/wBAAAAAAAAAAAH/AP8AAAAAAAAAAAAD/wD/AAAAAAAAAAAAAP8A/gAAAAAAAAAAAP8A/gAAAAAAAAAAAH/+AAAAAAAAAAAA/wD/AAAAAAAAAAAAAH/8AAAAAAAAAAAA/wD8AAAAAAAAAAAAP/4AAAAAAAAAAAH/AP4AAAAAAAAAAfBf/gAAAAAAAAACsi/6AAAAAAAAAAFPJ/4AAAAAAAAAAGA//AAAAAAAAAAAQD/4AAAAAAAAAAAAf//EAC0QAQABAgQFBAMAAwEBAQAAAAERACExQVFhUHGBkaFAYLHBMNHwECDh8XCg/9oACAEBAAE/EP8A8UEYb3vgUJIhwYjylHz/AALCah3jtL9Ud2QHyFESof3XmhmHMVaHUmgpBRiJf2aCsF3IKjVPCVjUEl6FBmbhdKWV8UKkjI+5Q4YCwEB/u+BpFl+al03NY7MnaKBJcF/5vcpppCpPJweZ7IRYBVYAJVqbN4hM8jJzY5UICcR7GR0iiD8qNWxAPNSkbivJxPNTyUxBPISz7FtnsRU62bsXoQAZcMHZgfPosQ+0of8AtEOxapHNnyb7tLWBCCImSOD7CLt3cDf2N8/NC8mBQHpThBLDsGZvWB4bMGo5j/Rx8Mi9TkrgB2F7h30ogggMoI9NzpnaCRXdT9Z0XJG4HdDrqZceA2MQTqM+DrpRB6kVWo8kn6q7SJIdENvhtxx5A2SLFluGfbWiEAAFgwj1bVQixYtHZp0Msi4mPGprAUxyE3X4N0oR5Qcs+bj600mRCMH5Hxy41EwxJj+Au7u3rjbARHM0pWAueQL8MOUcYntozllHyPgaLEHrzu27BdjHqPioS3FzGRHKQg4O3zwDKK06m4AmQ5MnbiyGCiXoL+AnWhZAAAG3Ab0wpGOE9mHixHbGzqpeoAdeBY3SdpIn4aGSGBojD8cVmQBy1vB4DgYlAMQWsl8zxQJYMcqMQxo5EPAzIGGbup+OKMzJfcQUEcDnhkyuwmmfE8w7/mfrgg6p+8n3xTOYQ+HgkHJwO/FJaSIu8nBBwVidJfrikrMDnlCaMOBhmE8cl++KNJISEdIoU3DXmTwMh3Huag+OKmhZV1iHiHrwMGEgehL5U4qa9ddTby8uBBCEs5Bj8VNZIeqv3xWyBtHAl5MNY8BtmGKb5l2I68WSMkjqZUR4mXtIXrj14CUhQkNnGvg6cXKHSCTYGHKSTnHAGEIJWbgffIpLSSllVZXvxdwCwDCIyJU2wKNk/uz19dNmhuxEYbNi7xgddeMmVLmmvaGo+JocIUg2TL1ooGNhxOD0fPKryqqzdcXjQpBJZWWt+O2lG3q4CQWDdZBu0/UpYbFgNg+3PjZNyBEYRMEaPnqUH3NTr6qTQALBV1iwjjuNXxhx01REIRM6OmW5gEz3anqBQpKIArH+B7LP4DLnx9SQihETBIq0oY9th0fDQjh6UaWEF10DNpos6TZDd1fBl7CBjuAVtbOZs9yg7piDDsTEdvRTE3CkzLaBl9xi7HVKXgrEthoGAbHsQMZ5qyaJgmyUHszqueI5knKhLOWEn5utCFDM7mR1oSQ94PJyIK/n2PrlVYnmYJzmji1xL4sHxRIoWjn3bPegrVggj1Pwv0egi5GLQ2SH7O/ipaLrzh2WZe9YrN1uuvsx+i3Q9BokhLKQ6kPmrNv6+xoIhl2PuhmFyShFw7k+qXOxLPwFRwJwVXknijkWsYH4FJSpVbqyvN/+PCFVAhV2C9OLfFXsEveKSgyw9ARXvWM2YOq0nR2ek+kcgAAVVyAu0kES4DmEfHeodDI5chJnqFKgkwXnyEnmo43AZDdWeat2loIXiXOorvQKiJIu3HNxf8iqWASJuUKIWK9nmYcnvWOAaM89zc9CWWmJ2TZj0W3qVzpB5XLQ2KMP8MhEIRJmrivsl3wNW8DT3Vj0WnJhAER3HDi5qaS9h5ObsTR8s9EDlm60UCkAAHT/AHSZQKdhxKjCGMsJsAh6hzqYJmzcckt2fyMQqMQEq6BUKFcZV0xPUOdMIBk2O2DvNAIAAwD/AH0PgCOUl6Hie+GOTg+OTSgdhYTmN+Jzn4liA1XA+aBQBcjCcvtbajJgQAQHL8bwqXAjzKnFLRO6TxT6DySu5I9ip5mTOU6TNKKsxgeYpNnDUT/ASwSu1WOdwEfgpm7HBU94FRS2Y33YPzUOvzE+58lXMhaBK6r+fyMEgQFuUl+lTVBeA7hn07UilCI3Eh4ecQwAVdADGhWFCiOcyNi/KhJOtCP/AH0KSJbe1eUYNTOK8n6rw2E+q8OAFB6E2yS2IZQz5471NspF7ynJ2b8NevQkZDdXXYvQkRizubDI878KPX8CESgzDul/uG3zSIgRhEhHR4VEC0S0ddgb9taHHsAR/PDTygzE/hvjWKvMSzeyOjknByAKIAErsGdGTGxeBonN276UEAAGAcPfrgTZLs6amdL5CtH/AIu3BS1AAlVwApIyuh2Nd2XmjDiJ8nhEw3HJ3qPZPAw00H54GKgAkquVCyFuxJ/S7URkcTJCkAs1h3Q91v8AA58+AoBEASq4BvQsAXcQ6N9XpxZKaALJS0MBV/sGTn68KwSq2Axoj3GMWv28Ya8YLSCEPJo00mQsODR0TM65+uJ2syDF1jlp30ow4zastzNkOVSAzZCyYDb+y9Y0iGJdYPy7c6KmAABARtxtzdlg7k6OWjfWm/zQIUMIms+qLKwlFgxWwfqhuBE5rNd3jsNIJABiZdOD0cms/UBm0q6FBBYzMvjH2f8AnHivDhCRG0U1Zv7ScW5hyv6iflmg84Nwx7ewFuBexg4dHCkbMMxEYR5embkKG7m7BflXfnBmLm+wbYThBhk6i3Q19Niq4jIwD47+wpNy7G/MoAkkmLJiJskPX0k6cEWJhivQvUQBS2LewxwLITFN3Rt1PSHe2/TIbjm26PsScwpOjagGhKdTJNkh6+ikqFLdY+6DgCljGMXq39ihb42jMuu0nb0V0iE41g6hPsZfBiehuu5TkkQJCQxHobMg7k3B0IPY4RIRFhLIO4vX0CwEjdpv4DRCAAEGnse9cCXSezL0GGAbpmS9g8+yBNIndJGPMNA9EI0Rh/PDKLAasHgPZJFoJZtmfM/muWFLdYPmgyg65EeyYAMRMaX/ADEyAomLWKeQ9lEQSH7w+F/NJZIReb9eygqE2joxUQokJj+WdcSDsH7fYoCCNRjAWXC3+hKYsgsSxlUwAoCDZTJdK0+K5CjxH5Z/F03VR4PYLVUopyB/VEYrhYkmFE+GQWUMfuo3om2BbqWhASqdCT4KOMJtb3P/AJiUXKKFvBeaGejUIyTmgK6jV9EhxQFe0fNCGGArKqydr1FsoKEQXO36tRB7ojOD8NELSTOTC9pelLyciDNQPtp/csISGTZ/BhW1aPNk+X2AtWKgxWQbrQQmdGEkmaN+l3OrusBUBkDtKW8FTeCaXUl4aRibRYm0NUtu6iY4UMnymKQdhMTGJf8AVJYiDoofmlDDlgD4Cjxh/wAigd5pAPlgAJgZhi/zS2VyuMyIvhU37ceYJl3RSHXqKCOrQkIcXIh5dvwhNtbUZeB3Qj2BOVBRZFurLO1GLGQwCIlsS2zqIeQYE5xrRlctEdlWsA5ZrtFbeDwA8DL/ANqz8S64klfC81hQkEhjCN+09KSyoGTLm/2Rar9/mOJElt80OM8J5o4ZtKDCVIi0hwnD90G8rioZQjnvNSS8UGJEZm3modWFC67nKamp9HzTdts+Pw73F3aMaQew1oRfu6/sprAnoddXmt+v+/WIns/kMg4I96GFvYccMnWIlYv8zPwANMH86e0EM3YIIlc/wf1tX+//2Q==',1,1),(11,'KJHGG','asdf',100.00,20.00,100.00,'hjk','2023-08-02',_binary 'data:image/jpeg;base64,/9j/4AAQSkZJRgABAQEAYABgAAD/2wBDAAUDBAQEAwUEBAQFBQUGBwwIBwcHBw8LCwkMEQ8SEhEPERETFhwXExQaFRERGCEYGh0dHx8fExciJCIeJBweHx7/wgALCAK8ArwBASIA/8QAGwABAAIDAQEAAAAAAAAAAAAAAAUGAQMEAgf/2gAIAQEAAAABmQAAAAAAAAAAAAAAAAAAAAAAAAAAAAAAAAAAAAAAAAAAAAAAAAAAAAAAAAAAAAAAAAAAAAAAAAAAAAAAAAAAAAAAAAAAAAAAAAAAAAAAAAAAAAAAAAAAAAAAAAAAAAAAAAAAAAAAAAAAAAAAAAAAAAAAAAAAAAAAAAAAAAAAAAAAAAAAAAAAAAAAAAAAAAAAAAAAAAGzr3+8aubmwAAAAAAAAAAAAM98zK9noGmNiIfUAAAAAAAAAAAGZix9+QAa4Kuc4AAAAAAAAAADstsmAAGqtV7AAAAAAAAAAATls2AAAIqnaQAAAAAAAAACy2bIAABjkpPKAAAAAAAAABZbNkAAAHJR+YAAAAAAAAAJq4egAAAEfRvAAAAAAAAAB1XzcAAAAK9VAAAAAAAAAC6y4AAAAeaNHAAAAAAAAASl4AAAAAjKPgAAAAAAAAF2lgAAAAMUWOAAAAAAAADq+gegAAAAEFUAAAAAAAAAsVqAAAAANPzvyAAAAAAAALtLAAAAAChx4AAAAAAABn6JvAAAAAFTr4AAAAAAABu+i5AAAAAFequAAAAAAAAHZ9AAAAAACEpwAAAAAAAB330AAAAAIelgAAAAAAAHbfwAAAAAhqYAAAAAAAAb/omQAAAABAVIAAAAAAAAz9G2gAAAACrVwAAAAAAAAXmTAAAAAFHiwAAAAAAABZ7KAAAAAePnWsAAAAAAAAd99AAAAAIilAAAAAAAABm+d4AAAAClw4AAAAAAAAJy4AAAAAcdAwAAAAAAAADN87wAAAAUyGAAAAAAAAASV49AAAACIpeAAAAAAAAACzWYAAAA5qJzgAAAAAAAADNxmgAAANdIjgAAAAAAAAAerlMAAABrpcWAAAAAAAAAA9WmwZAAAc1L4AAAAAAAAAAAmbX0AABiGqekAAAAAAAAAADbZJ7aAAjqzFAAAAAAAAAAABtnJiR9AOeJg47AAAAAAAAAAAABt7uzf7xq5uHkwAAAAAAAAAAAAAAAAAAAAAAAAAB6lJWC4QAAPVhxDc+AAAAAAAAAB1T050PFcrusAASNr784i4GI8gAAAAAAAA7bJM+gc9eg9AAZk7DLZByV2C8gAAAAAAAOizzfoAeIyLj+TTjPrp7pGX6gA5KxDYAAAAAAAGbBZtoAAefGfXoAAIup8YAAAAAADrt0mAAAAAAGusV/AAAAAAATNt3AAAAAAAIeo6QAAAAAGbLZcgAAAAAADjpfGAAAAAD1bpvIAAAAAAANFMjQAAAAB6uUwAAAAAAAAa6XFgAAAAPVxmQAAAAAAAA10qMAAAABm2zwAAAAAAAAGmj8IAAAAWO0ZAAAAAAAAAclF0AAAAErdfQAAAAAAAAAi6RgAAADovnQAAAAAAAAACs1kAAAGbnMAAAAAAAAAAeaNHAAABN3EAAAAAAAAAA4aH5AAANl/wCkAAAAAAAAAAVWugAAFnsoAAAAAAAAAAafn+kAADf9A2gAAAAAAAAAArdXAAAs9lAAAAAAAAAAA1fPtIAAbPoO8AAAAAAAAAABV62AAE7bwAAAAAAAAAADk+f4AAF6kgAAAAAAAAAABSIoAA6voOQAAAAAAAAAABBVAAAsNrAAAAAAAAAAADR888gALvKgAAAAAAAAAAAokcAB6+jbAAAAAAAAAAAAVitAASN7AAAAAAAAAAAAiaSABYLYAAAAAAAAAAABo+d4ABbLAAAAAAAAAAAA07jX4oOgAF3lQAAAAAAAAABqNen10efGmrx+zVp9gPoHYAAAAAAAAAAaYzq8at+Wzn8V+M86doDP0baAAAAAAAAAAcO7Onn3bOXdt01eN0+N4D19I9AAAAAAAAAAAjO7aCtVgANn0gAAAAAAAAAACJlgK7VQA3fRgAAAAAAAAAAMZAr1UB//xAAsEAACAgECBgEDBAMBAAAAAAACAwEEBQBQERITMEBgISAjNBAVIjMxMnCg/9oACAEBAAEFAv8AxQCBloalktRj7Ov22xr9us6mhajRIcPp6ab26Vix0urXDUfWawPTMfXLTsY0dMWa59IrY9rNV6iU94wEosY0C05LEl6JWrseVWmpHhGAmNvHTGp+PQqNGWaARAfEuVAfDlGo9/x9HyLKAeFlBoZvuMp+VYSDl2FElm94yr1T8u7XiwshkS3msmXtUArDzMtW5h3nGV+inzr6Og/d8anq2PPyKetX3fGK6VbYMgrpWd1qL6tiNhzCuZG64Vf89haHOuY4TumKDlp7FkQ5Lm6IHkTsWaH725pjmbsebj7W50o429jzH4m54/8AM2PL/hbnR/L2PMfibnXnlfsean7G6LnmXsWbL+e6Y0uensWUPmubphD+NhKYETLnPdMezpWthyrOSru1FvVrbBlW9Szu2IdyO8+22EomeM7tHxNJ/XR52Vf1HbxQsdB0fMeZkbHRVvWKteY9opW9pObveOt9YfJMoAL1mXs3wZkSoXIfHjmQgN63Ly36JmJo34PxnuBIW7R2C9Bp3jVpLQaPhW74K01htL0NTDWVbJROgMTjvWLaU6s3Wu9IWw1ynJnGlXa7NRPHssatenZJQ6fde300DMNBfsjoco3UZXX7qGv3QdTlC0WSsTo7Lz/4/ETMpoWD0OLXy2qrET4cRMzWxvEW4wtNQ1W+IrtdpGMiNKUtUfoUQUWsdoxIC8CtTa7VWqpEfq+ihmn49wamJid2r1mu1Xx6g1EcI+pqltF+MnTVMVPcRRezVeglXYehTYsY0x0USM7khLHFVxyw1Hx25iJhtCuemYstHRsjolNHXD9YEp0FWwWgxr50rGLjSkKV3HoU4bWPYvcI+ZqY6Z0sBAfB4RrkDXKPh2qanasV2ILbK6GPKpUWiNpIYIbmPkdrpUSdpYCsNsuUgdpqzWez0KG4WUA8LVc0HsgxMzQpQrcmrFgXapVy2IYkioVIRG5mImN6pNctgGJmcfUhMbqYwY3qs1z8/G1OnG7sAWBbrlXZ5uLqb1YSLlvUSWeXjq3XZEcN7v1oeuY4T5KFE1qFipe+Zat5WNr9FW+zHGL1foO8fFV+o3f7iYekomJ8VYSZ11wlXoGXRwLxcOj0JoQxblypvhoXLWrGAD0LMJ4j4eGT8ehsGDBwStvgrGTNIQtfomZT8+Dh1czvRbS+qj/Hg45fTq+jZRXTtd+qvq2PR8wvmR38Kviz0dwdRUxwnvYoOSn6RkQ5LndGOYgHlD0jNh893HBz3PScqHNT7uEH73pLx5093CjwR6I1kL+gyEBSyGrePK/uYuOFP0Ay5RWXOuTGDln37fzpj+V0nwNRyUgzndD+Wpf/AN3zwbY4AlkwurJlw7FOOFXf2nC1rn7MM4woZmyuYXpkzwX+bZng6I5X0I+1BQNHLS+S5Zla56jrPHpdlfwvf7AS1jFwySUJNEDiVR1m2YYRsIwlQNa+11pEYlVdAmupnDcyRZKlVeZcTJtf2B/2j/HoV4p5VBC1/Vm4+O2v+z0NP3rn15v+vtp/t9DjsZv+r6v/xAA7EAACAAMEBwQKAQIHAAAAAAABAgADERIhMVAiMkBBUWBhEzBxgSAjM0JSYnKRobEEEIIUQ2NwkqCi/9oACAEBAAY/Av8ApQaKk+UXSmjVA849z7x7v3j2dfONKU325PuSg4mPWOT4Royh59xpoD4xcCnhHq2DxR1K+PJNX0F/MaK1PE99RlBHWKyTZPCKTFpyLoC7jFaWm4nYrLAERakX/LF/IVubcnDjFlRQbLXVfjFhxQ8gCbOHgu0WXHgYst5HPhOmj6RtVhvKCjZ52jjQH52ynvDAwVa4jOgg84CLgNt7ZBeMc6tHXbHbyBqnDOL9VbzkBprLeM4BOLX5CRuN4zZE65EJm9TmzzOFwyJkO8RQ7s1U/FfkbjzzVF4DI0biM0ReJyRG4HNJf1ZJ/dmkvxyQ+IzSX45J/dmiH5hkiD5s1VuIyOWvnmqdLsjb5bs1eX55EWOAgsd5zVDuNxyIje12bq2/A5DZGCXZv2Zwf95Az790VzeogNv37fYU6KfvOb9U4xXbaLrthnfYOfp2wu2Agu2/PLD+0H52osxoBHyDAZ7aBoRFlrpn72gsxoBFBdLGf1BoY7OcaNx47NacxwXcOQrL6SfqLSNUbGVTTeLTtU8iWkYgxScKdRFUYEd/e1W4CKDQXgOSKoxWKTVtdRGvZPWLu503Aj1al41rI4Dk3QYr4Rr18RF6KYvk/wDqPZN949ifvF0ofeLrK+UaU1v9n6AVi8WB1jSmNWNK9eOyUAqYrPJHQR6pwfGNNCM89WhPWKzWr0EUloF/rQioi1I/4xZdSDsNaWV4mNEVbj6GrZPERVPWCKG45vordxMVfTP4ig9OkxQYrJavQxR0I72tLA4mKtpt17jTQHrFZJtDhvijChzOiLWLU3Tb8d5Qisatk9I9XMB8Y9nXwi+Ww8vQuU/aLpTRfZWNNy0erQDvKTFr1i1L01/OYUEWp9w+GLKLQbFhGqPtGqNjrqtxEaYu45bRB5xXF+OVWWFRFuRePhyu2+in7iygoMttLov+4suKHKO0njwXMLL+RijYbjktAKkxbmXv+syKOKiOKbjkdlRUmLTXzP1mhVhUGKi+WchoLzFt75h/GbFWFQYqL0OByDtZmucOmcFHFQYob1OB27t5g+kZ0UaCjY7ZVtRcc8u1xhFDjtQRd8BFwGe9ug+rarTa7Z9QxT3ThtHaNqr++QCu/dBBxGzBFxMCWN3IPbqMdbZjPbwXkIo2BhkbEbIqDfARcByGJw3XHZDOPgORCjYGGQ4jYgoxMKg3cirOHgdiMw4LyM0vjFNhXibzyOaYNfsCJ15ID71OwPM4XckMnERQ9+vFr+SX6398FG+Ao3cky5nl3yDhfyUx+G/vnbgOSnXiO+duLciitbzT0LTGggOtaGHXg3er1v5BY8BWFelKiAldI4QJQvuqekSh/qCOyWWznfSFX4sIcHFWpEyXS5KQJrrjuEPMMsqReQYQAXMIJAFVxhplKndHsx3MsfKOQC7YCGnfyP8AMIu6RKY6No3DjDzn+lInfyH3tQRILXG2K/aJn0iJH1RMbcVBhppxc1iUbFvC6GH+HAtJ8cfx+Km+P5I3G6P48o78e6UdOQEQjQGkYWuqprSFmHFcIZpj/T0i0PZS7l6mJYVKgMGrWKiTb6iBOnCyF1VgpLl1qMawFVbRAwhVKVI92sKglmWDiTFlUtecVbWJqYDslkAce5HIiyU1pl0BBu9OX594vjyI833U0R3Evx7xPqHJiePp/wD/xAAtEAEAAQIEBAYCAwEBAQAAAAABEQAhMUFQUUBgYXEwgZGhscHh8BAg8dFwoP/aAAgBAQABPyH/AOKBn0eVfOK1Lx740UqWA6/Uwaw80bWbcnXpO0lFu7taUbid7n3oAQEf3Cjsar6x10AoG2DUhd0ckBQJ51i8qCke7PjdD5CamOttypBdrk8iw6wxeBUR+jYcE2WskqVmGax8qCoCJk8hQ5OVmoYGeAcKuPROfekSw9+QPWJvloOHxaMjEpAfYwTXpu6L88UzHuzGh7uYOSb65mS8N1BHF4NnlVF1IhNazq8WxQEQUHG5HO3c31qwub0GRxyCIkjUSs//AJ1iHhP4g0CyH7Max10f60GPiPftW2Rbu2dACDQYEM12dWmTk9TQgw4xTPjKHVd6ErQ4CwWHnqvQFNDi6N9P91Tponvondyev+apEejRDIdh/wCGOJw/ToiiO41TpH8miR736aoWZKPYB0OTYj6tV67EvLQ4uYA1VdeUH7+tCcSxLTYmZ1WVW55ToUOt2HbPVipYbPVNBnGterPV5Z9rQCtwWG7SImVb6ukEhLjQZLsdnj/y0tZNMss/dMgMjg8bf7I6Out4XfX44xL+hvWMPgNjbWxRkYSgBoD0b8UcYUq1JiT/AEtdOKRIlSTA/UcQZbFLV7bLG/V18kwMEoIFkZeGNo5kZtRBs8hMbP71IKvi4MuD7B3py74OROw0qjp/yvSut4h8c5POtqebqmPd5Im/OjVpI7DVuDsW0QlCbngjT39vUoNbtirCyejya5PdkVYrfSaJ7dJX4j8K/wALTlU8tu9ZmPal81l42GPim+P/AI9MgnIKhUdzH6URCd5AFWO2DhwhJyYBV+o4Y53o0vRLaat28W9dcSsHkPWseftnrXkwRf8AlaZMRqeXjq+mlwFknAtw/TW3ruIHj/KCQ3Kl08m+1SsHRs+lIgQxHV18Ltio3zf6UEAAZH941X3KLP7XnXmxZbxAlgu1e3lX2qILrYPSgj+8KY9RUx1kotYGImpyTbnIqB7Fk/7QBAQHhogDZKuY95x7UG/RDFfYsasnfnSjET+ccPanyPI+ayu9Wfirp0osUd5vn6+JChszFSMntqwtp4YBVwCotnKGL3qDAsg4JfEPl/BgsB8qAMAOCFYdOx71HLrA4Om4ZmawKhzrP60psBMRqckzMx2pIYTSoqX3eyjhTyNNJYd/LupE0tHBWC7UEXGP/Sgg0+GF8jEqDcrBwdFFuRAFEhGSZfnqQYUqW3b/ABdDOIVAFW7p+g1QS2KGr00WdujoIM1MAqJh+gasNQUI1egrsdHjyocLFn6x1jPIIr5zC46aLDO+daLvs5jvQXwPc34yy3zHagEBAa3IwGP36UiBAYTbisZdY7G9C3Aeuuy+i/fElW8sX6G2vAgSOJTMDOf1xFir9uvIDLLu9mhahIThi8lYKwbRd3d+QY6ws7t+GiAY/keQhkkYaxImOExK36UPkDByHGO/ocuEgPx/LyIPkjDWLmxwQj3YKwSzHIsRGP4eCi1Zt3eRhzoW75UilEJZ4GPp99yPIxk/vgNoW7tnRAQcjxqZrs/pwEwmCHd5IJPOKZMQYfHlDiL5Jjhg4+fjPiBQUWFAByTZHV/X3420Sl5clbgI8ZL0L6/5yV1BTxu0B6HIoTKjMbv9FMZxaCobldaw9/F83vdyCdtvwrLAmKWtrIqzopLsyosL95qEgGdgoFcj6MqJEEWbZVYJBdutY9mDu2pDuxIwmiLpGHSpSkT2VCBuKaACUlnAz8H9ercgYeh61e+CB0MCkY3u7s9r1bSvF0Mf3vTzp8xjb9ypJ8qDZlahl02E3n8U0ZeD1JpnFH5KjTwhb0+AQLDqUNYsD0X+KDGwD5CVaq8Hyl/nwj0AHICqJpd9iu3MOLlUkCTitQzVhIEQ37/8ojCLb7lTp3IrQ7U5ZZAt6GibEpwdx2yPKo7TF0S50cedMG9B5NE5UWstgsqYK4Cat3rC6/gmQ6lYB05Dz5HkM6wBTH97z4j2/wCeRHsh5v7PgY7r+PE/Ub8iAJgCWfA93+P7/wD/2gAIAQEAAAAQ/wD/AP8A/wD/AP8A/wD/AP8A/wD/AP8A/wD/AP8A/wD/AP8A/wD/AP8A/wD/AP8A/wD/AP8A/wD/AP8A/wD/AP8A/wD/AP8A/wD/AP8A/wD/AP8A/wD/AP8A/wD/AP8A/wD/AP8A/wD/AP8A/wD/AP8A/wD/AP8A/wD/AP8A/wD/AP8A/wD/AP8A/wD/AP8A/wD/AP8A/wD/AP8A/wD/AP8A/wD/AP8A/wD/AP8A/wD/AP8A/wD/AP8A/wD/AP8A/wD/AP8A/wD/AP8A/wD/AP8A/wD/AP8A/wD/AP8A/wD/AP8A/wD/AP8A/wD/AP8A/wD/AP8A/wD/AP8A/wD/AP8A/wD/AP8A/wD/AP8A/wD/AP8A/wD/AP8A/wD/AP8A/wD/AP8A/wAU/wD/AP8A/wD/AP8A/wD/AP8A9oF//wD/AP8A/wD/AP8A/wD/AMQAH/8A/wD/AP8A/wD/AP8A/wDAAAv/AP8A/wD/AP8A/wD/AP8AQAAD/wD/AP8A/wD/AP8A/wD+gAAC/wD/AP8A/wD/AP8A/wD9AAAAv/8A/wD/AP8A/wD/APoAAAAf/wD/AP8A/wD/AP8A8AAAAB//AP8A/wD/AP8A/wDwAAAAD/8A/wD/AP8A/wD/AOAAAAAH/wD/AP8A/wD/AP8A8AAAAB//AP8A/wD/AP8A/wDwAAAAB/8A/wD/AP8A/wD/AOAAAAAD/wD/AP8A/wD/AP8A4AAAAAf/AP8A/wD/AP8A/wCAAAAAB/8A/wD/AP8A/wD/AKAAAAAB/wD/AP8A/wD/AP8AgAAAAAf/AP8A/wD/AP8A/wCAAAAAB/8A/wD/AP8A/wD/AIAAAAAD/wD/AP8A/wD/AP8A4AAAAAP/AP8A/wD/AP8A/wCgAAAAA/8A/wD/AP8A/wD/AOAAAAAH/wD/AP8A/wD/AP8AwAAAAAP/AP8A/wD/AP8A/wDgAAAAB/8A/wD/AP8A/wD/ANAAAAAP/wD/AP8A/wD/AP8A4AAAAA//AP8A/wD/AP8A/wD4AAAAH/8A/wD/AP8A/wD/APAAAAAv/wD/AP8A/wD/AP8A/AAAAF//AP8A/wD/AP8A/wD4AAAAf/8A/wD/AP8A/wD/AP4AAAD/AP8A/wD/AP8A/wD/AP7AAAH/AP8A/wD/AP8A/wD/AP8A4AAL/wD/AP8A/wD/AP8A/wD/APgAB/8A/wD/AP8A/wD/AP8A/wD6AA//AP8A/wD/AP8A/wD/AP8A/tx//wD/AP8A/wD/AP8A/wD/AP8A/wD/AP8A/wD/AP8A/wD/AP8A/P8A/wD6v/8A/wD/AP8A/wD/APwv/wD+b/8A/wD/AP8A/wD/AOAL/wCIH/8A/wD/AP8A/wD/AMAHtIAG/wD/AP8A/wD/AP4AABwAAH//AP8A/wD/APoAAAAAAF//AP8A/wD/APQAAAAAAC//AP8A/wD/ANgAAAAAAA//AP8A/wD/ANAAAAAAAAv/AP8A/wD/AIAAAAAAAAf/AP8A/wD+gAAAAAAAAP8A/wD/AP0AAAAAAAAB/wD/AP8A/wAAAAAAAAAA/wD/AP8A/AAAAAAAAAA//wD/APQAAAAAAAAAP/8A/wDoAAAAAAAAAA//AP8A4AAAAAAAAAAP/wD/APAAAAAAAAAAB/8A/wDAAAAAAAAAAAP/AP8AoAAAAAAAAAAH/wD/AMAAAAAAAAAABf8A/wBAAAAAAAAAAAH/AP8AAAAAAAAAAAAD/wD/AAAAAAAAAAAAAP8A/gAAAAAAAAAAAP8A/gAAAAAAAAAAAH/+AAAAAAAAAAAA/wD/AAAAAAAAAAAAAH/8AAAAAAAAAAAA/wD8AAAAAAAAAAAAP/4AAAAAAAAAAAH/AP4AAAAAAAAAAfBf/gAAAAAAAAACsi/6AAAAAAAAAAFPJ/4AAAAAAAAAAGA//AAAAAAAAAAAQD/4AAAAAAAAAAAAf//EAC0QAQABAgQFBAMAAwEBAQAAAAERACExQVFhUHGBkaFAYLHBMNHwECDh8XCg/9oACAEBAAE/EP8A8UEYb3vgUJIhwYjylHz/AALCah3jtL9Ud2QHyFESof3XmhmHMVaHUmgpBRiJf2aCsF3IKjVPCVjUEl6FBmbhdKWV8UKkjI+5Q4YCwEB/u+BpFl+al03NY7MnaKBJcF/5vcpppCpPJweZ7IRYBVYAJVqbN4hM8jJzY5UICcR7GR0iiD8qNWxAPNSkbivJxPNTyUxBPISz7FtnsRU62bsXoQAZcMHZgfPosQ+0of8AtEOxapHNnyb7tLWBCCImSOD7CLt3cDf2N8/NC8mBQHpThBLDsGZvWB4bMGo5j/Rx8Mi9TkrgB2F7h30ogggMoI9NzpnaCRXdT9Z0XJG4HdDrqZceA2MQTqM+DrpRB6kVWo8kn6q7SJIdENvhtxx5A2SLFluGfbWiEAAFgwj1bVQixYtHZp0Msi4mPGprAUxyE3X4N0oR5Qcs+bj600mRCMH5Hxy41EwxJj+Au7u3rjbARHM0pWAueQL8MOUcYntozllHyPgaLEHrzu27BdjHqPioS3FzGRHKQg4O3zwDKK06m4AmQ5MnbiyGCiXoL+AnWhZAAAG3Ab0wpGOE9mHixHbGzqpeoAdeBY3SdpIn4aGSGBojD8cVmQBy1vB4DgYlAMQWsl8zxQJYMcqMQxo5EPAzIGGbup+OKMzJfcQUEcDnhkyuwmmfE8w7/mfrgg6p+8n3xTOYQ+HgkHJwO/FJaSIu8nBBwVidJfrikrMDnlCaMOBhmE8cl++KNJISEdIoU3DXmTwMh3Huag+OKmhZV1iHiHrwMGEgehL5U4qa9ddTby8uBBCEs5Bj8VNZIeqv3xWyBtHAl5MNY8BtmGKb5l2I68WSMkjqZUR4mXtIXrj14CUhQkNnGvg6cXKHSCTYGHKSTnHAGEIJWbgffIpLSSllVZXvxdwCwDCIyJU2wKNk/uz19dNmhuxEYbNi7xgddeMmVLmmvaGo+JocIUg2TL1ooGNhxOD0fPKryqqzdcXjQpBJZWWt+O2lG3q4CQWDdZBu0/UpYbFgNg+3PjZNyBEYRMEaPnqUH3NTr6qTQALBV1iwjjuNXxhx01REIRM6OmW5gEz3anqBQpKIArH+B7LP4DLnx9SQihETBIq0oY9th0fDQjh6UaWEF10DNpos6TZDd1fBl7CBjuAVtbOZs9yg7piDDsTEdvRTE3CkzLaBl9xi7HVKXgrEthoGAbHsQMZ5qyaJgmyUHszqueI5knKhLOWEn5utCFDM7mR1oSQ94PJyIK/n2PrlVYnmYJzmji1xL4sHxRIoWjn3bPegrVggj1Pwv0egi5GLQ2SH7O/ipaLrzh2WZe9YrN1uuvsx+i3Q9BokhLKQ6kPmrNv6+xoIhl2PuhmFyShFw7k+qXOxLPwFRwJwVXknijkWsYH4FJSpVbqyvN/+PCFVAhV2C9OLfFXsEveKSgyw9ARXvWM2YOq0nR2ek+kcgAAVVyAu0kES4DmEfHeodDI5chJnqFKgkwXnyEnmo43AZDdWeat2loIXiXOorvQKiJIu3HNxf8iqWASJuUKIWK9nmYcnvWOAaM89zc9CWWmJ2TZj0W3qVzpB5XLQ2KMP8MhEIRJmrivsl3wNW8DT3Vj0WnJhAER3HDi5qaS9h5ObsTR8s9EDlm60UCkAAHT/AHSZQKdhxKjCGMsJsAh6hzqYJmzcckt2fyMQqMQEq6BUKFcZV0xPUOdMIBk2O2DvNAIAAwD/AH0PgCOUl6Hie+GOTg+OTSgdhYTmN+Jzn4liA1XA+aBQBcjCcvtbajJgQAQHL8bwqXAjzKnFLRO6TxT6DySu5I9ip5mTOU6TNKKsxgeYpNnDUT/ASwSu1WOdwEfgpm7HBU94FRS2Y33YPzUOvzE+58lXMhaBK6r+fyMEgQFuUl+lTVBeA7hn07UilCI3Eh4ecQwAVdADGhWFCiOcyNi/KhJOtCP/AH0KSJbe1eUYNTOK8n6rw2E+q8OAFB6E2yS2IZQz5471NspF7ynJ2b8NevQkZDdXXYvQkRizubDI878KPX8CESgzDul/uG3zSIgRhEhHR4VEC0S0ddgb9taHHsAR/PDTygzE/hvjWKvMSzeyOjknByAKIAErsGdGTGxeBonN276UEAAGAcPfrgTZLs6amdL5CtH/AIu3BS1AAlVwApIyuh2Nd2XmjDiJ8nhEw3HJ3qPZPAw00H54GKgAkquVCyFuxJ/S7URkcTJCkAs1h3Q91v8AA58+AoBEASq4BvQsAXcQ6N9XpxZKaALJS0MBV/sGTn68KwSq2Axoj3GMWv28Ya8YLSCEPJo00mQsODR0TM65+uJ2syDF1jlp30ow4zastzNkOVSAzZCyYDb+y9Y0iGJdYPy7c6KmAABARtxtzdlg7k6OWjfWm/zQIUMIms+qLKwlFgxWwfqhuBE5rNd3jsNIJABiZdOD0cms/UBm0q6FBBYzMvjH2f8AnHivDhCRG0U1Zv7ScW5hyv6iflmg84Nwx7ewFuBexg4dHCkbMMxEYR5embkKG7m7BflXfnBmLm+wbYThBhk6i3Q19Niq4jIwD47+wpNy7G/MoAkkmLJiJskPX0k6cEWJhivQvUQBS2LewxwLITFN3Rt1PSHe2/TIbjm26PsScwpOjagGhKdTJNkh6+ikqFLdY+6DgCljGMXq39ihb42jMuu0nb0V0iE41g6hPsZfBiehuu5TkkQJCQxHobMg7k3B0IPY4RIRFhLIO4vX0CwEjdpv4DRCAAEGnse9cCXSezL0GGAbpmS9g8+yBNIndJGPMNA9EI0Rh/PDKLAasHgPZJFoJZtmfM/muWFLdYPmgyg65EeyYAMRMaX/ADEyAomLWKeQ9lEQSH7w+F/NJZIReb9eygqE2joxUQokJj+WdcSDsH7fYoCCNRjAWXC3+hKYsgsSxlUwAoCDZTJdK0+K5CjxH5Z/F03VR4PYLVUopyB/VEYrhYkmFE+GQWUMfuo3om2BbqWhASqdCT4KOMJtb3P/AJiUXKKFvBeaGejUIyTmgK6jV9EhxQFe0fNCGGArKqydr1FsoKEQXO36tRB7ojOD8NELSTOTC9pelLyciDNQPtp/csISGTZ/BhW1aPNk+X2AtWKgxWQbrQQmdGEkmaN+l3OrusBUBkDtKW8FTeCaXUl4aRibRYm0NUtu6iY4UMnymKQdhMTGJf8AVJYiDoofmlDDlgD4Cjxh/wAigd5pAPlgAJgZhi/zS2VyuMyIvhU37ceYJl3RSHXqKCOrQkIcXIh5dvwhNtbUZeB3Qj2BOVBRZFurLO1GLGQwCIlsS2zqIeQYE5xrRlctEdlWsA5ZrtFbeDwA8DL/ANqz8S64klfC81hQkEhjCN+09KSyoGTLm/2Rar9/mOJElt80OM8J5o4ZtKDCVIi0hwnD90G8rioZQjnvNSS8UGJEZm3modWFC67nKamp9HzTdts+Pw73F3aMaQew1oRfu6/sprAnoddXmt+v+/WIns/kMg4I96GFvYccMnWIlYv8zPwANMH86e0EM3YIIlc/wf1tX+//2Q==',1,1),(12,'ASDFG','Sample',2000.00,50.00,100.00,'Samplee','2023-08-03',_binary 'data:image/png;base64,/9j/4AAQSkZJRgABAQAAAQABAAD/2wCEAAkGBxISEhUSEhMVFhUVFRcWFhYXFxgYFhUVFRgWFxYVFRYZHSggGholHRYVITEhJSkrLi4uFx8zODMtNygtLisBCgoKDg0OGxAQGzAlICItLS0tLS0tNS0tLS0tLS0tLS0tLS0vLS0tLS0tLS0tLS0tLS0tLS0tLS0tLS0tLS0tLf/AABEIAI4BYwMBIgACEQEDEQH/xAAcAAAABwEBAAAAAAAAAAAAAAABAgMEBQYHAAj/xABIEAABAwIEAgcEBQkHAwUBAAABAgMRAAQFEiExBkETIlFhcYGRMqGx0QcUQlLBFSNTYnKCkuHwFjNDk6Ky0iRj8TRUc8LiRP/EABsBAAIDAQEBAAAAAAAAAAAAAAECAAMEBQYH/8QANhEAAgIBAwICBwYFBQAAAAAAAAECEQMEEiExQRNRBSJSYXGBoQYUMrHR4RVTkcHwIzNCQ6L/2gAMAwEAAhEDEQA/AMuVfIdXJORA2SNZ8aXC2+S4q2XnHTToh2wtVd4TBpNviLC1ph3C2wfvIWU1lTa6Wi3r1KuXPuuHyNKfXHo0dPqamXXcGX//ADXCP2XSfjUBc2jGY9G6oJnQK3jlNK8rXV/QOxf4xcYjcjTNPnQfli4G4NNWLNSjCXU+JMUv+TrjNkCknvkRQ8ZJ81+RNhYOF8ZdK1KIiExPbJ/lVgOLqO9Q/D+HLQzK4zKUSfAaD4U/NvXC1cseXM5V7jVjUoxoeIxajJx5P9Go5dvTY2VULDifUZykWNrGUHnT5jEUHnVM+pmjotldpquWkxvowKci+N3KSdxT9pYPOqClbg5ml27x0c6yT0V9GXxzV2NBFjcuNn6q8hlYUOstvpAU6ynLI7taT+qY2nQjD7gfrIdaJ9yhWV4xxNdJdAbcyhIiAdydTNLWHHuINnRzN3H+Vet9FaOGPSxi+r5fPn+1HN1OWUsja6Gy2eYJ66UpV9pKdUpVzCT2A0emuEXCnGkuK9paQpXioSfjToV5LLT497/M3oWUNKImjqoiasyKpIVdDlUQ0ZVARWafIUFrpoKCay7h6FAaKvaizQE0ZZbVASDN70rdmfOkEqpW4Ogq3FNeBJEa9ZBLYSoVlNlwS2ZcfcWsZlnLOgAJrWLRUE94Pwqg8SAgBABylatezfevU/Z1rwX8THrOp3DN7YNIUpDeQAnrFB2H60VeMIWh9tL7LiFIWkEQdY8KpeBYo3b2qyWnChOYkpTmSe41JcM4naPJbW2GkJWIyyEqBn7tekbowl1bswd1UTFUhDKyPumuFkgeypQ8FGmOPJKbdzrFXVO/Korsk+IsrH0SkFV2rmVI9Ov860WKyf6J7lQdfSmJUJ155TH41pn1lzmj0PzFIuhMa9WhyqKQceSNzTC9xZIBQtLoVBghO/mKqv8AaVIeat1tOJW6NCqIiN5B12plyMy03fELSHEtCStQJEDSBvrTa4xVZ20qu4iP+sYP6ix8KllijRLGPTrWVZlEwrtpF/KkKWswhI6x/Ad9PbC0K3FjYAgqUdkiNzWf8ecQJW4Wmlfmk7frHmo/hSSkl1I7rgj8cxjplwOq2nRCByHzNBh2HHdWhO3YPGpPhHApH1h0SSD0aTy/WPfR7uUaAaknKO/5VnnfUs0+KN7mNJSNCdR311c1aIIlREnee2upKRrtlYPDZPs3DSv3o+NI3PDr6RMoMdiga0O44KtgYLNyg/qutq/3U0e4BaOyrtPi2hX+01z36RwL/s/J/kxPBn5GbBl5PIGkHLhY3RVrv+EHUqVkdlI2KklJjvE6VAPYQ794H1rTj1GDJypJiuE12FLRmUhWXcUKbRRVAmSYHnpU/gloQykLAkSPfUpY2SQ4k/dM+m1Ycmr2uRcsVpEoljIhKPupA9BRMtKvPTSYVXGTfVmngFKKKpul0GuWKG7kViGQV3RilIrkiTRsiQLbANLFltIzKMJGqj2Abml20ACozigr6AobgqWQNY9kanfyHnQwp5csYLuxp1GLZR+K02yHVqtrhbySc3WSAQTqR2QKgxemCZ5cwPnUncYG5JKmZJ5j8Ipq7hSQNWlgxvrvXr6x+RzbkejeHT/0rPe0j/aKk0iobhVc2duf+y3/ALBUw2qvENpT2s6D6CqqSpRS+VJKNTPJN9RYgmuUqiZqKpVZJZUkx6OmgmgmgmsbkPQM0E11BSOQaBmhUui0BoqTXQlCjR/ryNUDG8JvHHEFK0qaL5C0DqqDcmTm5mNKvU1E4dibC3wwlwdJ0qhl56Ez8DXsfsxPcpryoxa1cIPgXC7rDzrjThDLqUjoXBmAga9Y9s1MM8MWqSlQYaCkkEEJAgjsqeVRTXrbOfQgpmaiuImj0Kx2pNTlR2NIlEdsj1FRdRZr1WZJwJfhm6SFGM7ikT3qiAfMVr5KxWCXhDd10K9ErcInbKTEGfKtzwB9a7dBc9sDKo9pTpm8xBoVwSD7ELxdxn9TW2goSrOFEyoJgCBzBms0U/cPPpfeKVoBITBgJB2Aga04+kq+U5iC0pbKw2hKNEgwdVHfT7VQFpYXjoCUoCE7gKUYHflEVXIuRohuE9LaDsQqTy22mp/6y2ohAWkq3gHYDcnsFZrbcI3b+UOXBypmSNEoHbNK4ne29i0pi1JUpX946oytZ7J5DuplLi2Vzdcdx9xpxPlzMsqhJ9sj7ZHb3VQba2dWc4bUsyMqYMK7yeyp3h3AV3K+ldBDYggH7f8A+aur7YQQhIBWfZSNNO09g76rdydj4+FyUTpMRWNVhtOaAlO5P3RUu22QodIqVxHh3Cp3DrIBSyuCsKIkbDuSKisTbykqUcqE7q/AdppZpl+NpWwtu21lGYSeZnvrqgF8TqBhCEZRtmEqjvNdS7feL40fIk1cbXf/AL1lX7bcf/Wlm+Pb8f41ovx0+VRL/Da/tW6x5KHxTTf+zqR7TTgHcRPvFUSmmuU3/RhSHeI4xevpKQGBJmW1pB95qvLZvk7pn+E/A0+fwRlOyHvMpn3Gm6sLaHN0eU1VHw/Y/wDI/ref1LXwZcJLKk3JCFhZgERKYGvrNSmILaEdEpKpmSOXdVb4atbJIWLh5YMjLIIjeeXhUqtppBIZUVI3CjznnXF1OOHjNrcviqXyNGOTrmg4XRkqpCaMiqWiweBdDmpuBRwKrcQCs1yF0ks0UVNoUPm3JNQmO3qm3AorypiANDPbpNSrK0JBU4rKgEBSgJISdyBzMU3fwzCHpUMTWHIOVSmtjyJAGorreiNO3N5U6rhGbVZFSi+5XV8QrKoKJB2JAE+RFS1hZuXAJSAkDckxtvAiiW/BzJeQ6nFrRwpIMLC0THiTVzw/CUpbXL9utRzZcjgI6wI1mK9DGWRvnoYZKCXBK8GrmyY1mGwJ/Z0/CplJqv8ABlutq2S05lzIKh1VBQgqJGoPfU5NfOfSP+lqZx8m/wAzsYvWgn7hTNXKXSc11c7xnVD7TprqCa4mqhqBrqCa6aBKBmuos101KCDNATQTXE0SBVGqE89csKdvGGXCUKUSckwFqIlKdz5VenHAnrESBqR2gaxUnaXocSlSG8gVyO9e0+y2J7Mk/ekc/XSVxiZ1Z/SBfdKkOISpvJ1srakLz8pzH4VecN4pZcQFLUEK5pURNTBUk7pFIu2jCvaaQfFIr1hgEUY0ydlp9RRb69QpBhQMQd+yk3cCs1bso8hHwqF4gwezZacdAUnIgkQtQGblue2KPAKb4M++kGwy3DbuWUlxJMCZE1oWB3JCUllYVMdUnqkdx5VWFuJvbXcFxI1IOyh2VW8JVcpccBeQ0BvnmFTOoHLyqXXzKoxb+RpTnC8ureW4El0TlI2I31G+9MTa29snM64DA2HPzqqpdxFZLbK2lhIBzh2QAZgSrUU1tOFLq7V+eumwOYQc6vkKr460Xet0s7ijjUr/ADNuITMAJ3UfLekuH+EnlK6a6ZURoUoKkgE9q9ZjuirfhXCttaAFCcy8w/OL1V5dnlU+rapV8sKSRCFh0rIKktjKNEamByzEaeQpZu2Sj2RvuTqT4k6mnD394P2PxprjGItW7edZ63JHM/yqBuhg/doY6VbhgBXmTGwrN+JOIFPq7Ej2UjYePaaDiLHV3C5PMwlI+AFO8IwAIhdwoBzdKCJCe9Xf3Ujd9AK5MiGcFfWAsAAHXU60FWnpmubyZ8KCl2zLduMfIscdRs4o+DqD8TRX8RxxoddKyO9KFfCrgeCLcfaeHg6qiWuDpYUsJU4RMddWbYA6etecj6TlLHOaUXspu4V1de0zX4EVJRt8+/3X5FBueKsRBhxoT+sz/KmL3Fj59phv/LIrQMUb6w8KZ9F3U2P0umk3jXyY0tJzW4oP9oCshPQoBJiQCInnUyLtPbVlaZTzSPQUc2zZ3bT/AAiqtR6RjlauNV77Ghp3HuVkXQ7aA3QnerEqwZ/Rp9KTVhVuf8Ie/wCdZ1qMfkxvCl5kK3dDtpdNx30+/I9sSBlIkx7Rig4d4dZfWtpTyStBBUUK9mVEZSDzrdpdL96jKUONvn/Yz5cnhNKXcbdNSiXKur/0eW4TIcdB/aEe8UxZ4Ltycoulz2DISPGn/hmV9CfeIjHCGG1jr3CGSNs6QoKmZ0zDaB60ZPAbLjpeTeslStxkITtGgCjR8Z+jZsws3StoEtg/BQqhYnhyLdxTYdStSTBSkKB89dK62lwRw4lCXXuZsk5TlaLo79Eai4XE3DRnlqB8Kt2D8NP29qq3ShlRUVZl595nLoU8tqxm3xNQWUJLgI7HCBU9bYq9lJF04mPs9N1j4AjWtmPFGbqHL+ZTObirlwvkXPhDha6sEOB/KUqUFApVOux9wTVirP8ADOILhL7bbrzqwqJQYUIVok6a6GKvyTpXhvtNpXh1e5r8S+q4f9jp6DKsmK07DV1BXTXmzYDQUFBNENBprpos101KJQM11FmumpQaDTQE0E0VaqNEoMy3mO2gqaYbCQABoBTLCx1Se+ngNfSfQmn8DRxT6y9Z/P8Aaji6ue7K/dwKkCi5RQZqAqrrGcEpFUj6TrlKWEsnd5RkfqpE/GKupNY79ImI9LflAPVZQEfvHrK/D0pWMis8N3C7NSyDKSZI5RVuXZtXiZbVBI3G4PdVSNh0pCdiZAIPxpg/iKrV382vqoSlOn2lcyKWL7AlDuidOEXds4hPWU2pXXWBIyjkpP8AQqbveKkMKzMNJJSnKJABJVz0qHw7j0kdYT5U+VxfbL1W0k+IT5bimtdgXLuiRsOOc6Cl5pQcCgcqRMipEcSPLHUtlJH3nCEj51U3eNkJMtNISTpIAk+lJtM4rfn81bvEH7RSUIg/rLgHypdyQeWTuNcXpaGhCnIiR7I8Koy3rm9chAUtR3P2R3k7Crlhf0TXSlBV0YHNKFAnzV8qt6+FkNMdAlghObNCZ1PeRQ5kCjLrbhjonkNuL65E5geqPOlcZwwM7dclUTJPnVsu+HShwL6LKANUqO/fJNNsQwZlxIzqQiDMByKlPsOq7lDVmn2E+lDVzGBWA/xh/mGuqbX5h3LyHDFxjIP/AKm0Xp9pQ/ACprCl3CUH64touqUVfm1SnKdB8KzX6039/wCNCLlH6SuBl9HSnCUNyV1dRq6+ZujmSkpV095omJOJKvaG3aKaoUO0etUQuo/SD1oEKH3x61nXoelW/wCn7lj1Nu6NARHbRzVBzqkZV89ety9aetlf6T/V/Oh/BpvpJBWoXkW80TNUTg9k64jMZJzEf3kEeX9b0/vMODQSPzhcWDADgygzAknxmm/geb2kL97jdUOFokad9R2BIbtOlXkKlvpyrXMZdZBA/rlS7SFp0mSDEz2U6eC3CCsawE6aaDurs+h9M9Lvjl5Trp7rMGtm8tPG6rzLUnE0XTAbW6UqAhWQpBVI3E/1NUZ61ZtTmt13KnAvrBxIAjtzACppkBKMnRJ7JTCVDvntrlYeFiJUBz1knxNdnDkxwlbswajHknClRKf2iYcbR0jyUKMAJgnXaJrLrgZ8QuD+ufdV2HCTcpIW51SCBIgkGdYE0gjgiHlvB3VZJgjQTWHVQ3N+H0NWnk1Fb+pnlt/fueJ/Gr5hGCJNt0hccCCkqW2nLCiOeokeyKjWvo8vOlKhkIWqAQdYM67VaW8Nu2mlWymiQlshJT1itSgcojyV6VNJvx5L6dg6nbPG11K/bJQq/R0cwEI9rfn2VfbG7S4DB9lRSe4iqhw3g7qX1vOpKQBpm7AKR4QxSLl4E9V5w5f2ht6jTyFYvtLpPvOmlKPWLbXw7/Tn5C+iZvHtjLi0l8y/zXTRZrpr5pR6Og00UmgJopNGg0HmgmizQTUoNB5rpok100aJQeaScV27c/Ab0JVULjWLIaKGiCpbxKUgcgNVKPdyrb6P0j1OojjXfr8O5XmmscHJll4dukraJCtc6yR2amB6RUsCO2qRwbZMXTa3GlOpUlZQ5CiAVjUkd2tTwwJQ2uHh+9X01LaqRwOvJNFNEqKOFXAMC6c8wD+FAMNvB7N16tp+VTcHaSV04EIUs7JSVHyE156L6nH1uKmVkqM/rGa3UN3qASu5aCACVKU0NIBOuoEVg+OcXXF2Uqc6NOUyS2kAkHTShdkqhz04QUjXMo5QBuZ0nwqu8ZSLlQHspAA8Y1qZwNQU8la1SpRgA7gfOpF3C7e4uW0OdXMoZlyeqkmJVyoN0FclDs3lTvRfrTs6j/TW8H6ErQiW7hY7DAP40gr6GnAoZb3qyJBbExzgzvFC77Bqiv8A0B3Oe9dQtCNGCQcushaZ1PjW+zVc4c4KtLJzpWQvOUlJUpRMpME6bbgVZDUQAJoCaE0UiiQyL6YbtSLloJCes0dwSdFcqzleKuJ0JieSUD8a1D6a4SllYAzSoTzyxMVjV0FKVIzaxQfAUSP5VX95z0TXUwQ0qNj611Cw0RqnXR9k+hrvrDn3T6Grd+U7f76a78o2/wB9NVW/ZGpeZAW7K1JCtp5Uf6qvuqb+u233k0BvbX74qlrJf7DeqQSmljkKABfZU6i8tiTK0gRpvM/KgevrcAlK0k+dMlMlIhkrX2H1NOEvO9qv4jUmxjVuYAaSe1SlEDblANPbrFLKCEpgiMy82ZAB5JAEqJ2AptuTsxbiQrd64nUqV/Ea5HEihs45/Eam8Mft3wuEgZACUrGU5SYzAcxJA8xT1vD7RX+G0fSrMcZf8hJNdivM8QvHZ5Q8VVJs47dAaXAP76KmWMItEqzdC3PfBHodKWc4esnDmKEifunKPQVcolbkRSOKbxP+KD/lmivfSDctiSpPmgH4VL/2Xw3mAP3/AOdFTwfhhnrkHl+cn41HF9iKSKir6QrlZylcSZ0kbGfKnzXE10o/3ykqUUgLKiAkCdZ5DU+tFZ4HQu6LKXurmHXIEQrbXtHOrgxgbdqsNuqt324QMvVBVmVHWPLUc+2lqdjXGiJvLq+bdFu+6FS2F9UzKToBPlTXB7QuPtoTOis6iJ0jap/EeH+kuOlaQ0yjIEdGCFAZZkyNPTsqQwqzQyQyxC33NNNco5qUeQGta6bXrGe0nwWG3dCgYMwYPiKUJqrcJJWh26bWrMUPEE8iRpIHLlVlzV8x9LaH7pqXFfhfK+D/AE6Ho9Ll8XGn36P4hiaCaIVUUqrnUatopNdmpPNQZqlB2imahzUlmriqpRKDLPKonFsMbKjcKSekbQoJM6AAHl5k+dSYOk/L8a4NBYykaHQ7DTyr232c0bx43nfWXC+H7/2OL6RyqUlj8ufmNfojsHbdu4S6mM7gcTqDopMH4VfSsHSq9goCXVgbZdvA1KLVrXopRtmKMqQ+DgJ8KNmFRyVUqlWlLsG3A4ugLt3UETmbUn1SRXlVzIE6Rm7t69U7gjurytidkW330ERldcA8AsxV2KTjFpIpyxUpJtklw+3muQrchBPkAam8OsXnnUlCgJUlAkaamBPrVXt7hSCCjcgp8jUxYXDuecphOphXsxzpJp0uw8Gra6mz8HXrjDqrR7cGO4K3BT+qoa1eKxCyxR36yFuLKswTlUTrCdta2ewuQ42lY5j386WSoZOxxQV1dShANBXGgJqEMZ+mRa/rjaZOToCQnkFZjJ9IqrcH4V9ZcOdUBAmI3mrZ9NJAu7c9rKx/qHzqE+jtJS4udJSI7xSydEfQl/7CM/pFegrqsutdVe4S2ZB/ZjsWgjw/CkV4ElJgqBPcKhPri/vGnOGXClOpBUYnXyqjKpqNpmmO2+hKfkFHb7qBWAN/e91SS3xSC3ga5yz5n3LXCPkRr2Ctj7Q9K78io+8PSjvu60Zpyr/Fy1+ITbEj8Qw5KMgSoEqVG23fTu5wsIQIgpCpUfAEee5pFa89wkckifOr420pNmUnMCTJE9uY+WhE1fHJk9VN/EXbHkpmFYQq4cyW4kR11Hqp1GiZO51qQVwc+kwS2D2dKAT3gE0+wXB3lLzEEDtkx3wPtfCru3laCcxPWUEIABKlKPID1M8gCToK0ubS95S2rM6c4TuUickj9Vc/A0COFrgiSCkd5V+FbfaNkbHzozzyuRNIs7TBwYdbYA6QeotWWZIKtI8aZO2a5gIc/wBdbNevLOx99V958qSFJXorUHrajkRMVaszZKM6ZS+2tKkh4Eaj2/CkX2X8w0d1mZzfjV4WtX3z6mkH3lbZp8ffTrIyUiLwbBL5YEouEoI6vUIBHbry1NbRgNlb24DbCYWpOY5jLigIBKie8jSsjK40/rXvoql9h8p99VTy5Oif+f1GUI9S2Yy4uyunejbcd6cdKshCjlUpSuqMumkD+jXI4guMqpsX5A0ORUA943qrOlUDfvmY/wDFJFxU6dvLl6+NZcuHHmS8aKlXmXQnKF7OLLFYcTXWZSXrNzu6NKgYjmF/Ol18TuDe0uNvuiq/bvKjWTO384NPbcL31jxifxNZpaLTfy0WrUZfaYY8V3MwLZ3f9GfnTtriJ/nav+TSqYP3ygtLWeFKEhOskDv8j6GjKunI9rXzB99VvQ6f+WhvvGT2mLXPFL6R/wCmdHi0uis8YrIMsuSOQbX86YqxFwfbPZrPbTZd24ftKnxIFFaDTd8aB95y+0TNtxm6uR9VMJ3hKyQO8FBjbmRV0slyEnKoSAdQkb67JUazNN8+JhxY8CRNJrvn+S1/xH0rqY8yglFLhGScNztmuYeuLjxBFS7u9YO5ib7epecB/aV8d6Sa4jfUCBcumP11g++r/vF80IsddzfEmofF+MLG1c6F64SlyAcmpIB2mBA86xZ7HrwGRcP6f9xXzp0xirjkFaitUTK9SqB2kTyoPPxaQVDk0JHHhcWVNdCliYCns6VKjc6aDXYVTOLOEFvOuXVo6l3pCVraEZklWpyH7Q7jBqvocXlMmUxOUgEDYzB0mpLC8WWiMkDvCUb/AMNVrPJDuEWQFthF0XGx0DwJOqS2sH0Iq0XuGKtUKduEhKSmQAUlajIABicsk/8AinRxx+CC6oiZggeO4FEZfKtZnxJgd3ZQnqG47UgRxpOxtZcS2oW2HGVFA+0SoFM8yBuK0LB+P7NkhrOFoJOqJJR4g7jwM1SXbcOaEwO4x76Mxwyl9QbCkpUR1S7IlXJIdQJTPeDSrJN9x6ia7Z8YWTryGGnStxYJAS24QkAE9deXKjQHc8qnKoX0bcJ3Nit0u6JWkADpA5mIMg6JEACRr21fa0Rba5K2FVRTRlUWKYBm30sraSpkuZQSlYE+KZqr8K3zSnylCgepyqX+ndAi2Ue1Y9QPlVI4HTlukKGykkHxpJvgDh3NVSK6nbeJMgAEaxXUu33iHmvKn71LWykIVOarOjhxztFFurQAAQNO6sc9ZilxF2a44pdWQv15H3qKu8RyVUr9XHYPShFsOwelVeLjXb6j7JeZD/WU9tAbocjU0bcdg9KKWB2D0o+Nj8vqDZLzGfDDv59TnMDTQGO+DV5ViLwkgHrfqpIOm8ERUDgrIzL0Hsj3kValjKAI2896vWRSVpC7a4ZHJxi6Gmv8CfwFP2OJHxAUSD/8Y7D+rRwJ/lQ5eZHrFByBtQt/ad/YLVrz6Mf8aWPEL5Htq326MHSP2fGmSkgGYG1IuLI2pLG2oOviF7UKIEHQlsbd/V8aZJxtZ9opP7m59KSuSSNQNf6iipA5jXkKewUgq8UcUsIShClK9lKWyVEeHZ37CaJiq7i3SFvslCSQJgETyBKSQmrN9Hls0lpx9RhS3FNpUYlKGVFISOZlSVK21Kqm332rsOslp0NKBSpTjakoWTKClObXTKDMRqCDVtCmZW2INOQRBju0p6LtMbJPgN/GqLhtwW3VNzIBUnzSSJ91TVzekJ0Op/rT3DumaEockT4Jm4xRI0ISDyHMeNERiKDyT57d/Oo/DcPQoJ6RUKUCQkkp7Nte8TQYvhSmxmEjLGaZ0J5g0HBBskxf8xk+H460sMcUNOry0/o1W7S7zJgk/Lwo7hMjU6n8KGwlk+rGxnCylrOBAVqSBzAk6b0qcczb5Jg8z86gGUGBRyNdJ8JpXBEsl/ykDOifOf8AlSX16dsv+r3nNUWtiRJJH9dlN22MsiZ13NTYiWT4uf2B6/PehVcgbhPPmZ7+fhVYeRG5nWkEWq3JCEkwJMdmmvvFHw15ksfYjfqUe4ch36UlgN3C1SAZHOe3up6WGGWVlQWVoASQDl1URqdNqd8LYAl5HSq0SZ0nYDmef9GrJOKgKk2wrziSPZGvYYpqw7GboxvoRM5TO47D86HH8FbDfTMEFMkabaE69p23qHt0xSpKuoWTTa3RmOSRmA1UB1YHu1p5YlKNMg8Son0qLt8tLFAjb4UjCieVfp2yD11+FMkXYQvMEyVCDKtxvEd3bURoBA3oAnaoo0BssP5Yg+x5Zv5U5RjqdPzZn9vT0jxquJa1EjbfanDaBOwjwFHoSzZuAOKTcBbTpALQSUqKtSDIg9sQPWrOxjDC1BCHUKUqYAIJOXeKyn6Mz+fdQBopoeXWGvvq/YBYA3Lr0ylsBlvujVwjzyj901qhK0I0WQ0FCaA1YKZR9Pbcs257HT70ms04YeyuAydDWp/TsibRo9jw96VCsewY/nUx20sxl0NJF4qupglzSupBKIe3sUKn/qmklImD0mvgZ1pjcXK5GrRjuVrUQcvav+I/Om1w6ANCv+I/Os8cEk+ZX8l+hfvVdPqTP11XY3/Cujovz/2h+4v51UF3a/vK9TR2HFHmfU1b4L8/ov0Fcy5flMDfov8ALX86KMYE6dCe7olfOq62+nmDPifnRXboDYRQ8N+19F+gL9xbbXG07LQkCRqhsjnrm11qdOMML1DnqlQ+IrJnLpXafWrhhVsOjZBnrIzGOebra+sUZQ7thi+xa7fE2Ts6g95UB8Ypd25TuFp/iGvvqA/I+pCVQBpRmsCK5C3Ce7SB4aT61Q6H5Jy2fCgduyRQuwfHl/5qi4vgoakAzGlVx1bgOjix4KNMsSl0YHKjSnxB3P8AXbRUR2isxVeOj/Fc/jV86mMJxEuKykGYmc6/npTvE0gKZp3CONJtVLbezBlay4lYEhtaozJWAJykjMFbSVTpT3ivjxhi3UWXg88tJCEohSUE6ZlqSSBG8TrsO7NujXB5eDzm3pSBtT2af/Iv5UFJdyNELhzCicxn51MrRIB7P5fIHyoAiN0+jivlRi6gaFKvJZ+VM5WwJUWvDLpoIT0qErCh9oSkJj7JiI0FM8bvkKbXCQgK6oCScsDchO2iZJPbA5iq39ey6IzDuJkT4bee9NLq5K/aJ7+ZMdpJJju2oKIbF7Eaz/XbTi6MKQfH4UyZfSOa/dSpuUZSSXOr+zz07KauQdiUt3DAjTQU5Rv+OlVtV+oewSPHL8qSexZ5Oy/cPlQcGyXRa+iEyT8qF9CRqJ/nVO/L9xzWP4RQrxp87qGvdQ8GRNyJ+5bzCZ2pDDL9CC6lSsoU0oTpqZSconTWKhU4itWhPoP50ktXefQUyx9mTcPwtAQ4gOAhWUjrdhEjXvMx3VY+FMZaUyLV9YSBmBHJxCiIAPrI57VSnEDQyde4UTTv9BTSgpKgJ0ajxVjDAZ6JrLmVEJSQQgZYjTbc1UGLfSagUPkbE+gpdOJODTMfRPypI4tqpBcrZY2GqX6Mx/KquMVd5LPon/jQnFnv0h9E/wDGg8TJZZAzr36U4FvVTGJu751f6R+FLXGJuhMpcXy1Kh58qnhsm5FmWhSTPr8qFJO5B9Kp7WIvE6ur9akLdpxUFTqiJ+8rb1qPHXVks0fgm5W2t1baQV9FlTOxUpaAkT2ya2jCrToWkNzJA6x+8o6qV5kk1n+DYcw08xbsoKWgFXCgVKJUoQlMkkkxv5Crt9YT2H+I1FNx4Vf58htlkmTQTUWHxIEHXvNOMg7/AFqyOST6L6/sK4JdSkfTWwpdh1QVFLiTAEmOZrDcJJ6VMCdda9GY4JMcikzNYfwRAxAiP0nuNYXr3uyxcf8AbSfXr3L/AAFUefxE2knsPpXVNP4u4lRGVGh7K6kjr5tJ7PqM9NH2vof/2Q==',3,2),(13,'XDABC','abc',50.25,10.00,120.00,'SAmple','2023-08-05',_binary 'data:image/jpeg;base64,UklGRjIkAABXRUJQVlA4ICYkAADw0ACdASr0AfQBPqlQo04mJCemIPCZ+PAVCWdu/rEuWrM3VLaOzmPM59l/sxYn2nqy+x7EoAHZV9Uf9m6dXqupLq+V3uOw/9M66/B3ab2ju139n4vaA84Rv9/0fNn7XewB5a/9nxZPqP/H9g3+U/3X1if9PzIfYH7xemb7YHU6iyFsqrFC2VVihbKqxQtlVYoWyqsULZVWKFsqrFC2VVihbKqxQtlVYoWyqsULZVWKFsqrFC2VVihbKqxQtlVYoWyqsULZVWKFsqrFC2VVihbKqxQtlVYoWyqsULZVWKBWZU8z9W48BS+nWETNtFA8mNQfBszvJ9WvHyN8jmqhnwrfgBI+k9PfE6RGYj1Kli5llBgQH3+Ni8SpMehUKwPowsKYXmfosIEPnvthSXSPHWAfRZnJkheq69CRzXaqzUkTU16FhHkrSfxYO9f2+FAyjC9/AFWQm9DxsEThY/NYKtYG4BmWGfmiNvJWt28pcpxnk/AMikdIQaYJgW9T5/qK78v7xgECYUw5RkMEf/44GwaT5lmN9yWHVdms+FeTELvz6aL/Mndoj5Sy7gw+BfnkCKeW3neafFWT9bTsGmzMoZVWpJI5iKDcHowx2HwPQiw3qZhHp16Qln5xVo9xyBotxeIakV2SrCSRU8fm0tuPPfWFDzs5WpiArsfeqRWhRJwfMOGlAxPLUBlh3zO3L0fTUcc+6qLY+rCkqXIWWdNv2COTnQnpVyCvPC/5VxyUoje4KZk6Z/0YqefZVVukcArx4f7ZD5xuIt6YJkUMaeYkBwOI1g8WodEnD6qtNi+40H/aNC5soBE8rUhxAWL7OnKmOaY1CfQl8r/7EUXKKGCiVVQIgnqtF32E4SejXm4YfijaRTzPTtAYFmy2iogBYCB+Pj3T+lLyb5ojWeUIQppDZdtUF6/aam2t5BscdbNYdr0+SmY+MvtXevlLJGPqlB9cHBYAEoDJLhYjseLQgdnLUnRCxXMPGUjcQTslGNFrSoLlius2ciLkEDcfDBd1JkDjl86hrrLGeAQMFFqTVZEzZgGDJxLBbXJCielXHxlgKgUiLsF3xXRuNPVpE27bbc7c8qe+l1xGGD7mw+YUTrRfbWSzAle8mPrmmzRNlp5FavHFfSs/A2yDEt2nDt7ZhgIMdJ0IGVI8UvsHqtZlu7j0hUCHL5gKV80w6pLyhbVEJXODbUA7TLVOA4KTnkrHnd30SnUEjjspvyVJdrcp2w33/mXk/KoO7heYazeviGN2GsgOK122Mrj/IRRyxiia4bmUN2YSoWk821rR4UV2MIGWYG7B1gp2Vm9cSwNmTSoBv7M3rfAszTs6wlVTF/Jp1rLKgu3FPC9zAXP2wTTVKnXM8HX9pS7K1qFBUR0Tug+DuF2kvOPhlRCmr/KlBzJF4rfqIgjzVOEy4J7TS7xsHqBzH2ahOaUcgeKGVhrgoFlMG5vKKVBoZC1sAUS7pHRLOMkqnCKTJm9nnGiD5SE2qlr/B25ns+D2bIkYpiaeyOaS8sUJteSpBoIdu7+TEkX9yOE2cl6Vy8xKaIC4WG1kFvbpZaatxlR5biiam6MkSKeH5wJferqHj8H3qmBzu+mtRl8UdeJOR+nsEvxf/PXZSxJpnXajKCErG1bByyzO6fstc4tynL0MBDCaBy0AWliXBmcD2Ls6jd52O7VTffrEIJlMFj9Ecj2InmpzSPmnWYqA24W2t3MhwWZFbLbvVLIZvsNU9dzjuWACrZ7N32NshS9I435rgHZujwPoPuIXdPhb0FFHtC1vLfWWPZA7K5kXFazasSpyLhBojYoUtgVw+cGXr0PB+K46hSpzvEEH95aPePia51OIbJ5aivkE9TaKii8Pmv+ADmQQBmEym7H0A8mPVIh6QGoZ+9DY+t+7PpLEzRt/rR30/Zlo7gawG4H3SIwBx8NtGYiIWSDbSM6FmiWWujEo9+okKBxjvQp5A8zkbzBIzLYPoD+vnpNIj0PyWg/+tBgp/3Bb1eb06H8/RE/uUN8fAbRBHiV+yA2MAQLVdpiPFCIFId95IJJ9xL0NUHJi1/dKUMUQE23sqrFC2VVihbKqxRa8AWN6LXgLNhffREQwZnN/cOsULZVWKFsqrFC2VVihbKqxQtlVYoWyqsULZVWKFsqrFC2VVihbKqxQtlVYoWyqsULZVWKFsqrFC2VVihbKqxQtlVYoWyqsULZVWKFsqrFC2VVihbKqxQtlVYoWyqsULZVWKFsqrFC2VViha0AA/v91AAAAAAAAAAAAAAAAAAAALRS/Dde3gw9vWiC3z/fpLcQlilVmqk6vriuY7MOLovH0CPvwdut8qW0Gva0WU3BFAFlDmpAcS1x11ze6ILzIlmzyAQ++UEf+BTpgkSJiIsSzJ2+KzULr0fJNUWE5U0L5cWVk4HCillghpepYJFQ7zJidEQ7fdfHQuZm+HYaLGWe5fwpP7Me59xJ5ZiSJLAdIOvqfndmtzc+8/c/Bhvltl3H2wx0b/3m+xtAksjIxh/Kiy3cctsOWucavS+PZR2RFdCYt0YsIx5OGZoeQePaAWhXYzQoZh/aGy/WfpPTU0qnRvnnHnKLJ21yCe2m1T0SiPAv9ZsOKvPPAzW7+aYJWvs+m2DIBR4Mv0EsXB70aG6dgT09ToJ2meXJJluYMRqJDzt0qatxeivAxQf51dDv67aCs5R+fSLxLasM4Hda/ti9gr8+3eQlILA0U35nJ4OqResPhpGMkRoacPQiENMOSDoVFIdPF8qykv0jSqTF4OzsSOtVz56fWZLB5G+2mG+nsK0z619lkBxt0K6+EtlwnYcj8pEwrBAZbd9RSTD5i9wGBZ3tyGQMfpl6bjy6pTkOHh6x6lwabUpdvfiYJ+BC69p9Daho6iak3BuY0JVnvH2UNPILG6wOligWaPDqhWGxqtxt4lVxolxwHK4rVCqmhv4TyzFwC/4qRKkWVxKkNyWsJ+c2vgvijA0jlGbTUXCv8j6vubQfU+gU7SHXGBaIowFQ3BEIBgkyDHg6NREvJdSIvoSKSbdUakpBjDhg+hr/sx0GyHdxlB0F14EbD2Y11Amk6LFxLa/W0Hm+BNnz+Oyl2dU+AF53xrEogUHh2ccqEF/olVOCg/TlDWPWZb0S3ZzwKNn1eMixD7FGbj/wamYe4wnOLr9Pv2azBvr2FHeYTNoU4WWSiLK1vAbpa7o2IpOsj7Zj907ZjiqQC2bGCwSW6qiOVRmo6c7KZ1FIQFiNSKA2uqWGe0u2JFBT9wyUoXreM6rHmAHpazDW95JUP6hjJjp/KlNc7DVKcOitO1gW8vEaexXE1+fF2K4Xz7W1dCoMQtngSEtxvvjf+l8yBILS1TcHvXXf5hVzIuRlr5PaGtvBLiFn+9XwBaAizj7Vdn9ogycq72jlPoc+/ALWVYtZSXvcB43k3sw0TwpT/dykF23F6Wza3G2+Zq9OWZoV0Uu6qvMNi2jBxlnBEhr+4owzkK8cz2u8tUsjK8OX9OY7Pg72SsKWLs4f528GaT+LwAdWf3cwDRqBXPChS7/W1/nmL/9zTHltZqhFsfdlYuDHhnvUxgSJFd72xZ4su9ggwlJbQVXiML69rxuKTc8QxuoB7g3gNqHOdnjcSuK7f6FAOe5xNZy8kMCA4udTisKZw6+KndJCYbx1TjNwA4zLb2TRB8hcaiRGjAMJ6SajNDebNScRSjWG3I1MTVAY7X/HLZktQkaQplMKwsCUX7fAD0us7t5dQhT0ocGiJ5NhYQaKcLu3UE7oUmsDretjFJIf5j62CdvExe6SgfOf5j95W0X3HnPXRn+IynHJS+/odAnxwzJD+M9TlqMyegHC9ZIvwhWxTC3nEctZI1bXl1qlrQL1CROxK52ReqcZsTjvkYi+j4PpbhWWLwY7P0/GK+63ntAY3evlBnzB03UrZZBH0dzoU7d7+zitMrcSSsybEdGTPnaKciMKUciGNsBxsbvh1d+L4FI4NESQoWbV1V2Mq7N6FChrjB2YV9V8oTR9BLi09ni5kwbMkIb7s831WDYLQEfFHi5S89asQ/VUmHYPLKw9YcPKxn/i5FJCoikZkWYFR6q0ue3ua4EvEKKYr1cirjTckR4oSw/ZhqNFFhvTI9RwsTlmlT0S9sF08ixas9hQ0A9CrGTFD4cZ1508nrOX1P5MTN+PQ2VPMOwQ8ArZzedItzHadGX48rnuLgkOjuraUVTLrsuXEZL3zY2pLJ5oV4o1rDBmMoaXJ21KTEv5tVnHLXfEkx8i6MkJI7YBSb+4DwWHr/UmJPB8x+x+xScRgZTLfqFx8mhqGTYdnt55M4o1IGGe54hHPDsrVFOa5Rm9UXg5P1Ear8Z/3WpNImdCG0lCVP4qY7Scg/rF5/9K9cFdnXhz8jS/y41rUzydZbwHmtPpS35Zc/U7sUsiGfpBUI6nfODD6TmphjZTNwS2XJd+o5o7FHi5CGtS1vxh+xOk+38rfl6Riw3J8+EhLmmNNPqX0Y6l/f/0KKKyU7RKFET1oHI8YVvr7RnhsRDLIZBm5O4Jhj7E8obmjymCO8EQN7GDWGzNxjzplRCOTcQ1SpZVuEQ5EGYvbnDIQnqNRlAW9XAifv4uE5MqOo7Crn7hCH4Xr9KRdNr7hCX8LYVv75pVLNS1tK1PeBDde93vusoEXrzleMNXJGvE7KpuobQrMfz4/NO7OAsFXIkc/pEwE4zQKh13bvmhV9mWCVnopA2gU3j8bxhLyn/zPiFtltPacaTydyGBBStfW25CQ7at4lkKqWaA9zAgi7A6FpSpc35UsYb/FxLfv/5YAWSJeCrv9fdb6oFB1YC+ivOl5gkDVzjKQ6N4jy5Zlq18srb6LL2IXiOvaq8WYdm6QPIFX7XA+DJ/nCWIezM7Kqdz3hhP6h6V19jLqILC921ZdNfDzbXC2PythiNEmgHc3FcSxeakkBG0QSjbzhQqurtDsDyL2zvYmCFUFkMP6rmwDpqEUcMbbMtoVv4Di+aYM6zP6Pvi/OJXTSqgQwNUU7sDSJNPJFybZ+mfjbufAmjj3l6C+J9zodDwPq6mkIG1pd44tK8uwU1DFUZA2qO4Oi6pIo9Ew+0d9uXIgDzpoKKmY+wb56xP9151drP+7Hdt0QNjZQ/uNV4BSMpwdtzEbREQZGgnECK95yjrjP8MeqiTQfSDRk734HxF9CC+AKz4zr815HocVE280ne+ZFoHivraXvgdHJ02vHjZTbrvWrl6vuawzSovqj4hLvMbz7MLJYBJGGkYtoB+uMvhwqf8g8feSjedwiD0rW/4OLMnR0qsDFNiPvhpsiCRqZX70tS5gSND9+rMEo756BzKc3+eXBVsqpFQjzt+0Ng+eM5f/Ibt9Vq8ECv2G/6rTazITrDvAW7JWj6bOlqxv6jTV/IirnVpnvoXTDgV2YYYZLxHa8X+i+CbIst28rfA4P+XcxDE7lBhTD29LrdZO5GnI6h+yfLfwZ4AjuMY8lb0F1EaWzekud0mvfkiQveHRN6DNBSWj/eoxPv56ALYpRebMyCltfA1RIJOAkiGqmBnGpHcw/0uX5Cv1ExiqrN0v8pH6dleGv2cVf9ZhXESox9NozaDKzU3dikPQ8tH0b89O7e0kz686YCYrXRRWnfZA6hZSoNaTjlMfDTOiL2p9EUjYK3u4u7wJ5eg0HzHmFLq67T/RhsUAdzTJIMqWL03z1kebe1kFg/9eQC2k3L/yDMyZoGPWg6GCHEC0TMJ7lrGNaPs7iaYRiKfCeS4uSiNrdIa9yLqRyRIqwO+ZomQzdXIM+VgiLivnmL0BUxhE6x7ZMNeH+AWLvR+JaP1Lm+a19QEDqD6f5d19/A8lTVBk+3KrGv8nnlc3+63y+mQVKkfAd0pD2d9I3RiHqRBMAuLbtzfTk2BTUuXviYmIpg1cuLTno5KtVnLA4/G3vIWHSBkS5IDAteUJQNXTQyeWgIhH7aSa0gM+Om62F2GCNI0ImmrfjuM8JMUw1Rf67LU0JvC856uF9quFGLZ02zvgJ5bzPenp8extF2ZED3Kfve8mkn1ytwwe5nV+tuNXQk//D2ePadLLzFq1opOvkEIRv1WExIXw0eYlioRDAKFueszeQ6Ui9+cdOHxVWLp+S6BkN0T6lzczEC93aelO2xHnXxoXgB6F3/jaFwfDGrLXJp3ifTCCUm+Cm6k/xKkppUi0XLFD6osG/Gw3tzS2Pvv5c6SKFae+PIrvXfsIHZ3oh3X3P7iyW5/5eJ/IVby8zGSv0NV67CYo4L7XJytzU+vugd13xeB7ZiLpvOlneRsd502vG3FPz8fpnlrltxRYhO3SDtvzAMFRdUnoyx4LsVCRPCcetWpayeCod1Jt/z/LckR8q1yPXpgPLl0oLYS1DGQAV3w0m7tf/2GHPASD4qSDCIInJVOrO4GyozKtyp833LHY3+FjoAO4Z8tl3ipe4xapps/PWaGENCLZqWImS0SqGgR+POXTiK5rI2pwZR6vn2krV/Yq7g1ofC9JCHSuOBGNkfm3UKmR2yCtBgrinXyQGPpjoHukEG1dZzZI6x6D9proMvs73+9set+UIig665dYzCdBiSuYHhfQZb9UlTRPrU5PFCVo3e2TbX3Jrcf0Uc36hdRaGzigpTYIBnrl0Ldd48aqmywRh9SMCd3GIn6vNq6A3E4W6MMWf/9y0qmL6T4GStkUwfnBRVuifsCJxhSWm0uePJsucYCbpFDgM22zNPjeeAkxnffNPpQ/RVKUcEM48s9BueeSziB2CXngooMfpFmdH3OcUPuAqx1KfrkhCGeLKYndc7sOG340mWc1S87cCYUK46bhnwSRQDSzxpejXftmeM5qKCPSBzE3f/aFOhaE+/iulajbUTtGG+xPJeo5pNgTJwD4yJeHp7Z7R5nQ3K4bO7c9uHxaqldnu0I/UmJQHod9ils3vCB+JaFTnqtojhGSAzx+SGibn+lSBxZYdF3M27dbB2cnU7i9vWH7zVFpVxgSQsMcDqTQBMiIwZIt5SA+etzfF+qiPnhhSlwGZ1QhWz1pmNcIO4w/TN6abZ7aZDMJupI507F+eBC5G7KR/bFSBqmib9rv01wZoP3dqMBnaaz2wiWDvRAFDC7mTFASA38AJEvViUlNQ5s7umL3KL/y+m8FP/ekku9LNpMjOEskTVMtRHl6OdIHFDpmspHRApmZ6GL2IsT5MuvKd2v5lyfPZXn9W2DUgJyLrTlvVCqIxTZXjg9Xcs+/6Pzlm/iT7RVEcd+6+/gygWRvNhhxsALH3f2IAu61mXod39uhjiVlg4AdrBjKpvXKF0b4EQRME9jrTmLLK5q8/o8q7lFq5ZNckRwcL7KjBhetJ7cu5uOBAipfeWtRZQpQC4LjqjBZTMYJn+O4s5i+h0jSXW2P5z9MYKUrB7743i6zv2F7PbukGcNT9rvI7J3+F6kqhq8wsITCORUwD83GyQvaJNcPq8uRcj8O6g/TX351327eNkKCiCWd8gZNkCArbQ6PI7OWYZCfy37mKCcwzSRwWKpDBSDcfoGKaF75nBHunBIkgx9k/4/JFGGFJdQVTLsRnlE1ukecUbKVLToE5iY1/Lq9jiLtZtUXhj7jmlmumfFQmyprBEZoR5pYjjrfBgRQjfWJgUWn2fc/7sDq0VjKY9Y123POLcmebLsDracZYOQ+tWa7Jl20geqdM6GyVqJmE7T5Tgv1BcqQQfM31FVqSdTWty+/8KopJRrK2fwzVB8P+A5BGHMNTDnt0/r7QWB1Uu79WGMiBdYjKLKmPvUnLc4RPaQJRK6iMAM/4IgxrYles/J8g95yZRtifPTg3aA6PPNxcfOTTeHV+iy7nvrtYWlJBle217iiiV2TUSSTjekNYf1ATCP6T6x5Wj7EqEEbdjIU8mIq+8QAhCRZQsLYERpSixsyf3GV6YUL4A/OsA/vnUpItgYbkuMnnKQ6ALTgcD28nMV0RF3G5K7KUSkYOUmwo6HEnRfUNl+vuEEDUpRq+IkQMiPp6KUxJwlOnPqfToO4EmIu0D+7f7Dny9NXFVvzPejFnw2DiFrWNYxYRq9iIetVwx1X4HPcEZ7WArjtDnynHgVSwICG4hO/02aGvAuR8Dq4fGrrGo+BR4FTkewpxI7v6pZYSQ5xEWw9L79wUhc6XUMXSZPe+V99ZwGvGZWLymGAa2X0KicSThqgBKqWD33RwZsuKSFx9Ws4JKgPdvaw++vF8mofL+Mzl3MivZXAWJtyuO0Cb9YfTJpVa7g8vYHr3FHOyUyiJmZOaudNb1zgck9NnWrzw0+uOZJhPbZdH5cCQvbAt5p8+6IrzL8Gf95QBaOvHGjhpTO9sFdHD+HXA1x36Z22hOgJuIZ3GgJXsNtTkIn712YHPABXBz16dU4BRc9oEmnI7eZWBnII6HeN3iVL8cFlO9Ti2e18AY8ZM+w9uANV8wIHa7rBnghnk1ZifgY1+gtl4Libf1SMiOhpbhJcvLL51AFBSpp1vuzWlVZvI18+CLb8SePBb7QEIAgVNP7vmQpEn57ddWfTG5O25/6/mA/rHYl89dKqzmgDRohhUd5LuNu8rF0l4FVQ2MqFvs5/i4E9EKJ+CsFz/s7Vo48na6uFeQq5SYiaG/Dauksvtq4Glu/1VF4iO+elYDM9uEvx9WyjTlLq++paVMGzsatH8I3TSmxYOefGPDVu8Al8DmuWyYYY3eGYGeuV2pg6GOJLKc8Ky2KLiQS9hZjYvhKY5uJH2Y0X12v7+rjuuRAyvRO7xrqLM3nTMT3YeCkmRRqJJmhovKABja/eDAKwKhp/Prlp0pEhsGaKiNmvRnzthIH6tYMaFB3qiesFre9ypnYFqdWHTsWS824tBcxiaZqTvxy48OiYiDYf9sqpH5MhgqCJBlUHPFqbDco21FhxQiuEXRNtG1TrNNu0Ha7Lqxpyfbgcfv/X3UZWaHpCbn0cKv9/7aWMPZ/9KzLCiSqxpbADYACV04Hrz/TvdauRpt85AGwhw48BbxMioDuZIlUrB+5chd5E3M2+DPP5hC9VVMI8O/uRiN+YTCoY5OKbHmOzjkUOCWke5CiUQdgkiNfTCfmcjDEg7W55tqwRlrLrqhAH3FiHJmZQJuwLt+SvIv7p9/1uBcpr5UL7csKNNcG/Io+sT0hp6hF9B0cyYz0kiYJvuA2O3IQp9uMFyF4VektTEkb+CUXQbrLFaHuwwfVYuL7C/2gmvRSWuwo1M/NhYIS/BFaKnAe07T7FfzfRr2zOleKFw026MsoGuIbvRM+2RMRiMoNgVgaE/tgEDWA2/1t3UUWNR4khH81j5mPxeeZ5GCU8D4ZikIaY0KujFxQ0xr05VYwCpvDYwiBjb3d1TgKz+3TPFMuNSHAUZbToVZP6ZiUjJPsSiOHtnKdbb8GLjI08gQg7lZ/6f54zK9trqvaye8o3eZ/iFbGrcNaIt+5VKa9p0DAy1ALVD8sPUsJ4PLZD0zi0NztTDktFXi2kWlBtZbmsyNz4yve7RFgGnbsP/WRKhKhv35QdGztk6w3kZwoEWwehc7QsnFDtEosvl8ISz5xByFOg4YmGy97Yz3h2xo6A663wKBKrVws4xbMs5UmJY0VFCs5Sq7X8740psMe0Inl8cs34mTJ+W9Rrv0nkUYQNGtmQbEBYmnTp2PvV0TMcyMOvTjZY34RXwym/p5+dQdQHEWLXcdDvWtV/txIR7NW1jlRFZyabUSQ2Vy261JQe+GUjyEI8INwolv2Nq5Zpb6No1DFWoE1BxvysPa3N7Bv4K5XJTXH/7Wj4LNQcetpefx0Wb8b7BaGj9/Sf2TtdjKWPwJcijSl0qG3dKUZxFNw+eDkn6Oljb6Ha9ZtyRweBGVH3XWGl/MINejoDxwK4tq2v2/ybB/ZCT3OgYenBqgYKyED+bpCaruW/kYd9QARNmf8UCueveTOt23Ib+iFJtXZpK+2LItpTCWJhSW764OC0lcv1UmuKTa5DvwKxMfkrjWw+rKm4V/0BePr9G4w6xyFAX8XG5ol4/VSMnD4CAxR2j7TYNh3bKH/Cu+FyL/V+Ivyoyw54QZTirbArVZ6VFD4hEru8aNbpkF1TC7uGPNktb2DIOKUTJEp4Bj1+g16puia8QJuVWdtfUuutSuFYoVVjeAGhFOVVCzCC3DoIgxu5HjalxRjTOzY2tQZAq9h9SEU/E/cyFjaOx5JlsXEdeDd0A0zS3BouaAxsjTSmdVXDm68A6r63E3K3MmNE9LAUtJBnKgrf/8cFxVHP16Epdg/Vzxilux5zDg834pez0SNrFh4eJjKC1eNakNlCCQAixd9855OctrtB759sx+63BWRHzvS3b+TdbZkDeo3yChed4bg+lDo6dFk0sy29JRRsfJhPLJXuweTK0nnAv3Cy/TUkwIR4zTZG3cklbXQD/T4/YUvRLpdPeKAliCccaCZVu+7ChzDtIlEbyw9L4cLzNPf8kazLFSPpf5RU9ZanhVrF8gOtmgeJDiq2DVikYM5jRoP6feThU+LScpg2UEcIeuA07gdFel7pnDSzjZCUu+OJBTwdQ3M1Gm5Zb5pO2Jb2SUCrglBVu2OhiZBtx5YbxF5hCq7bLaV2sVHRbAZq7GHV+cguXy62wprgGrnW4OQxUIEdYs6sKCofplwUzZG5BS3YAbCH2yfIhGVWpOuN9q3yLEcIHGACdkdV5mkJ7NCFy8+s3NGJ6AWum4XjzU3W0nNfkF63+BieqVLuk8PwkFGMftPreJdQ1ZbEGo8paGvq9zyqbbY+1djRjSs2FvGn5NsuknAGxP0Izj5zIeU5jX0jyCrYuRjqW0gQHlY6SMpW/nnsUb0aH3zaRmedtulWZTsX/f8KZxqOi6AaxuKxvFTdTx7H3bVx1tZ3bQ/eHKQjgTD0isJl/6N9I5qEAR/sqkjcKpO3WmGtTBzxZBb2bTEQ2IB5EoJh1aZIsqf/C+z4+giVTAGA/ydXogneM229eXF11ivH35RJPIik3IqVcT3gAFXDYHzptNZX5SPmVUH6ko2ZtxcACxNuWxRa1bsD2ez6gEXc77CCoMZQIQyltsNKo4qKGTiRqqGMnvFwmqAzd0JBgEDAJlZdyCKLrkBFkPd3FUcUT2N2Qf87VdGnd6o79S0jh+2CArnt5zUoxLoaqkf6YAQiYpTAq/s4KQC8NyCsuZKZSMHC2i4LEpFP+7bOp2lmtAxTimIovQkKMCgZHpzisrfLzCH8j1fSCXggulJYBUi3M1WjGj2fVgulbBJaSkZbuZBM0gvtoXODcFRDwIQNN6f9RZX5jHcYBe9UoRQkejimppC4022rPatwR9lxa+nn6hzVpwNdstGr+ci6ZdSmN819/hwSKjdQuup+/j+jUETJVSyP9kXnGSW1n80xGVChukW6yvrRdME7Toyux42FG8+vRrWt4U8aaG3KM/WAcvZsc9KQfWgbEK0f+8d4YE2bTvByXXpQI96cVkzgqp3gwrHnJz1HctTwUl/be38xA9vGxqBDEJG1Ai3KIeCx3jbTddjt9T0OkdYbfJe4iDinxF6/RPJ/h5SL9eNN6Qu/jhMVaV+vSVUY5zqeGBp7ewy8NezjjWYcwETf+4pYNyossWu5B3WtdbtnDKKlBkp1/Z0ZLvQx83bahpe6pgrV432u7UOLhc6czAMDrxkuiSn0ZwruC+ZYHhk/OX+fvmdUmglh0YgyutimXzMvTsixN5kkHh+sRibUynmZGiMH5qLWmmV7p4V7nWwjX4mCmJ4ae4LQkVjaALkvzuJJigm8auD3MJPsoUNRI6LqvAfn7AmTgUek/F1606EWBN1iQbWaREiFJnIZKik4VFDEcjH6ylzrIRyumpTSqPY02qB67sLxMoUWGMZ3jksGsCCovuT2CqCzVMgG39RYojCQau/FBVdv644RqxkR+pQYeDW4HW1rOnpSVOPSk1ZVBEd3CjIdbL+R9imVP+0QeThpzrQSrM+EEnkXJi76cVr9ySF6Byn1+H1AfYDdI/eFe6VQLr660qOGFsAnORnadaBJiUej34HLSpSxnfGqzXBLyru3//Sa/YwbJ7eeYdtdqIZhIhRqOySw1EN3WljCwA7DY2bumJG4Tcu2rhpTXXxxFFM2skdCXMBsfX72/3+qQhxafTaBBcLuwtFxxZdOCC15MhG3rC/xxBKMD+HjBXv0ww+t8ZoWZgwbdwA98p0g902P4bKfWm1R/pah2nVuEdzqAI1Z60WhMahlL9ZdFuqawXjjiWJaSPZNX0KUVNimXNQj5Fiv+AAAAIiRiTk5kiIxrG8943ep+Y0yd3m/seb/W3/URvegQIMO7ZeBQc2iAAGEOW0loDlut2XBlFO5wu9bu9YUSARSzVZJ/Z0uuWjNf51txwTbRJRZGVJnUkSiIYmJRJQb1gGywAAAAAAAAAAAAAAAAAAAAAAAAAAAAA==',1,1);
/*!40000 ALTER TABLE `material` ENABLE KEYS */;
UNLOCK TABLES;

--
-- Table structure for table `materialcategory`
--

DROP TABLE IF EXISTS `materialcategory`;
/*!40101 SET @saved_cs_client     = @@character_set_client */;
/*!50503 SET character_set_client = utf8mb4 */;
CREATE TABLE `materialcategory` (
  `id` int NOT NULL AUTO_INCREMENT,
  `name` varchar(45) DEFAULT NULL,
  PRIMARY KEY (`id`)
) ENGINE=InnoDB AUTO_INCREMENT=9 DEFAULT CHARSET=utf8mb3;
/*!40101 SET character_set_client = @saved_cs_client */;

--
-- Dumping data for table `materialcategory`
--

LOCK TABLES `materialcategory` WRITE;
/*!40000 ALTER TABLE `materialcategory` DISABLE KEYS */;
INSERT INTO `materialcategory` VALUES (1,'Raw Polythene'),(2,'Calfene'),(3,'Dye');
/*!40000 ALTER TABLE `materialcategory` ENABLE KEYS */;
UNLOCK TABLES;

--
-- Table structure for table `materialstatus`
--

DROP TABLE IF EXISTS `materialstatus`;
/*!40101 SET @saved_cs_client     = @@character_set_client */;
/*!50503 SET character_set_client = utf8mb4 */;
CREATE TABLE `materialstatus` (
  `id` int NOT NULL AUTO_INCREMENT,
  `name` varchar(45) DEFAULT NULL,
  PRIMARY KEY (`id`)
) ENGINE=InnoDB AUTO_INCREMENT=3 DEFAULT CHARSET=utf8mb3;
/*!40101 SET character_set_client = @saved_cs_client */;

--
-- Dumping data for table `materialstatus`
--

LOCK TABLES `materialstatus` WRITE;
/*!40000 ALTER TABLE `materialstatus` DISABLE KEYS */;
INSERT INTO `materialstatus` VALUES (1,'Available'),(2,'Not Available');
/*!40000 ALTER TABLE `materialstatus` ENABLE KEYS */;
UNLOCK TABLES;

--
-- Table structure for table `matissue`
--

DROP TABLE IF EXISTS `matissue`;
/*!40101 SET @saved_cs_client     = @@character_set_client */;
/*!50503 SET character_set_client = utf8mb4 */;
CREATE TABLE `matissue` (
  `id` int NOT NULL AUTO_INCREMENT,
  `date` date DEFAULT NULL,
  `issuer_id` int NOT NULL,
  `proorder_id` int NOT NULL,
  PRIMARY KEY (`id`),
  KEY `fk_matissue_employee1_idx` (`issuer_id`),
  KEY `fk_matissue_proorder1_idx` (`proorder_id`)
) ENGINE=InnoDB AUTO_INCREMENT=6 DEFAULT CHARSET=utf8mb3;
/*!40101 SET character_set_client = @saved_cs_client */;

--
-- Dumping data for table `matissue`
--

LOCK TABLES `matissue` WRITE;
/*!40000 ALTER TABLE `matissue` DISABLE KEYS */;
INSERT INTO `matissue` VALUES (1,'2022-10-02',5,2),(2,'2022-10-10',1,2),(3,'2023-07-19',1,3);
/*!40000 ALTER TABLE `matissue` ENABLE KEYS */;
UNLOCK TABLES;

--
-- Table structure for table `matissuematerial`
--

DROP TABLE IF EXISTS `matissuematerial`;
/*!40101 SET @saved_cs_client     = @@character_set_client */;
/*!50503 SET character_set_client = utf8mb4 */;
CREATE TABLE `matissuematerial` (
  `id` int NOT NULL AUTO_INCREMENT,
  `matissue_id` int NOT NULL,
  `material_id` int NOT NULL,
  `qty` decimal(7,3) DEFAULT NULL,
  PRIMARY KEY (`id`),
  KEY `fk_matissue_has_material_material1_idx` (`material_id`),
  KEY `fk_matissue_has_material_matissue1_idx` (`matissue_id`)
) ENGINE=InnoDB AUTO_INCREMENT=60 DEFAULT CHARSET=utf8mb3;
/*!40101 SET character_set_client = @saved_cs_client */;

--
-- Dumping data for table `matissuematerial`
--

LOCK TABLES `matissuematerial` WRITE;
/*!40000 ALTER TABLE `matissuematerial` DISABLE KEYS */;
INSERT INTO `matissuematerial` VALUES (5,2,4,50.000),(54,3,1,5.000),(55,1,1,58.000),(56,1,1,20.000),(57,1,1,10.000);
/*!40000 ALTER TABLE `matissuematerial` ENABLE KEYS */;
UNLOCK TABLES;

--
-- Table structure for table `module`
--

DROP TABLE IF EXISTS `module`;
/*!40101 SET @saved_cs_client     = @@character_set_client */;
/*!50503 SET character_set_client = utf8mb4 */;
CREATE TABLE `module` (
  `id` int NOT NULL AUTO_INCREMENT,
  `name` varchar(45) DEFAULT NULL,
  PRIMARY KEY (`id`)
) ENGINE=InnoDB AUTO_INCREMENT=21 DEFAULT CHARSET=utf8mb3;
/*!40101 SET character_set_client = @saved_cs_client */;

--
-- Dumping data for table `module`
--

LOCK TABLES `module` WRITE;
/*!40000 ALTER TABLE `module` DISABLE KEYS */;
INSERT INTO `module` VALUES (1,'Employee'),(2,'User'),(3,'Privilege'),(4,'Material'),(5,'Purchase Order'),(6,'GRN'),(7,'Supplier Payment'),(8,'Product'),(9,'Production Order'),(10,'Material Issue'),(11,'Production'),(12,'Shop'),(13,'Invoice'),(15,'Invoice By Shops'),(16,'Production By Product'),(17,'Production Progress'),(18,'Supplier'),(19,'Material Stock'),(20,'Count By Designation');
/*!40000 ALTER TABLE `module` ENABLE KEYS */;
UNLOCK TABLES;

--
-- Table structure for table `operation`
--

DROP TABLE IF EXISTS `operation`;
/*!40101 SET @saved_cs_client     = @@character_set_client */;
/*!50503 SET character_set_client = utf8mb4 */;
CREATE TABLE `operation` (
  `id` int NOT NULL AUTO_INCREMENT,
  `name` varchar(45) DEFAULT NULL,
  `module_id` int DEFAULT NULL,
  PRIMARY KEY (`id`),
  KEY `fk_operations_module1_idx` (`module_id`)
) ENGINE=InnoDB AUTO_INCREMENT=9 DEFAULT CHARSET=utf8mb3;
/*!40101 SET character_set_client = @saved_cs_client */;

--
-- Dumping data for table `operation`
--

LOCK TABLES `operation` WRITE;
/*!40000 ALTER TABLE `operation` DISABLE KEYS */;
INSERT INTO `operation` VALUES (5,'Select',NULL),(6,'Insert',NULL),(7,'Delete',NULL),(8,'Update',NULL);
/*!40000 ALTER TABLE `operation` ENABLE KEYS */;
UNLOCK TABLES;

--
-- Table structure for table `payment`
--

DROP TABLE IF EXISTS `payment`;
/*!40101 SET @saved_cs_client     = @@character_set_client */;
/*!50503 SET character_set_client = utf8mb4 */;
CREATE TABLE `payment` (
  `id` int NOT NULL AUTO_INCREMENT,
  `date` date DEFAULT NULL,
  `amount` decimal(7,2) DEFAULT NULL,
  `paymenttype_id` int NOT NULL,
  `paymentstatus_id` int NOT NULL,
  `chequeno` varchar(45) DEFAULT NULL,
  `employee_id` int NOT NULL,
  `time` time DEFAULT NULL,
  `dorealized` date DEFAULT NULL,
  `description` text,
  PRIMARY KEY (`id`),
  UNIQUE KEY `chequeno_UNIQUE` (`chequeno`),
  KEY `fk_payment_paymenttype1_idx` (`paymenttype_id`),
  KEY `fk_payment_paymentstatus1_idx` (`paymentstatus_id`),
  KEY `fk_payment_employee1_idx` (`employee_id`)
) ENGINE=InnoDB AUTO_INCREMENT=8 DEFAULT CHARSET=utf8mb3;
/*!40101 SET character_set_client = @saved_cs_client */;

--
-- Dumping data for table `payment`
--

LOCK TABLES `payment` WRITE;
/*!40000 ALTER TABLE `payment` DISABLE KEYS */;
INSERT INTO `payment` VALUES (1,'2022-01-02',2000.00,1,1,'1232123',1,'20:27:30','2022-01-03','Payment'),(4,'2022-01-10',20000.00,1,2,'1232126',1,'20:27:30','2022-01-18','Payment'),(6,'2023-07-06',1234.00,1,2,'1234567',3,'10:43:00','2023-07-11','Asdfgbvcsdf'),(7,'2023-08-03',1000.00,1,1,'1231234',4,'10:20:00','2023-08-03','Sample');
/*!40000 ALTER TABLE `payment` ENABLE KEYS */;
UNLOCK TABLES;

--
-- Table structure for table `paymentstatus`
--

DROP TABLE IF EXISTS `paymentstatus`;
/*!40101 SET @saved_cs_client     = @@character_set_client */;
/*!50503 SET character_set_client = utf8mb4 */;
CREATE TABLE `paymentstatus` (
  `id` int NOT NULL AUTO_INCREMENT,
  `name` varchar(45) DEFAULT NULL,
  PRIMARY KEY (`id`)
) ENGINE=InnoDB AUTO_INCREMENT=5 DEFAULT CHARSET=utf8mb3;
/*!40101 SET character_set_client = @saved_cs_client */;

--
-- Dumping data for table `paymentstatus`
--

LOCK TABLES `paymentstatus` WRITE;
/*!40000 ALTER TABLE `paymentstatus` DISABLE KEYS */;
INSERT INTO `paymentstatus` VALUES (1,'Realized'),(2,'Completed'),(3,'Returned'),(4,'Stoped');
/*!40000 ALTER TABLE `paymentstatus` ENABLE KEYS */;
UNLOCK TABLES;

--
-- Table structure for table `paymenttype`
--

DROP TABLE IF EXISTS `paymenttype`;
/*!40101 SET @saved_cs_client     = @@character_set_client */;
/*!50503 SET character_set_client = utf8mb4 */;
CREATE TABLE `paymenttype` (
  `id` int NOT NULL AUTO_INCREMENT,
  `name` varchar(45) DEFAULT NULL,
  PRIMARY KEY (`id`)
) ENGINE=InnoDB AUTO_INCREMENT=4 DEFAULT CHARSET=utf8mb3;
/*!40101 SET character_set_client = @saved_cs_client */;

--
-- Dumping data for table `paymenttype`
--

LOCK TABLES `paymenttype` WRITE;
/*!40000 ALTER TABLE `paymenttype` DISABLE KEYS */;
INSERT INTO `paymenttype` VALUES (1,'Cheque');
/*!40000 ALTER TABLE `paymenttype` ENABLE KEYS */;
UNLOCK TABLES;

--
-- Table structure for table `privilage`
--

DROP TABLE IF EXISTS `privilage`;
/*!40101 SET @saved_cs_client     = @@character_set_client */;
/*!50503 SET character_set_client = utf8mb4 */;
CREATE TABLE `privilage` (
  `id` int NOT NULL AUTO_INCREMENT,
  `role_id` int NOT NULL,
  `module_id` int NOT NULL,
  `operations_id` int NOT NULL,
  `authority` varchar(45) DEFAULT NULL,
  PRIMARY KEY (`id`),
  KEY `fk_privilage_role1_idx` (`role_id`),
  KEY `fk_privilage_module1_idx` (`module_id`),
  KEY `fk_privilage_operations1_idx` (`operations_id`)
) ENGINE=InnoDB AUTO_INCREMENT=92 DEFAULT CHARSET=utf8mb3;
/*!40101 SET character_set_client = @saved_cs_client */;

--
-- Dumping data for table `privilage`
--

LOCK TABLES `privilage` WRITE;
/*!40000 ALTER TABLE `privilage` DISABLE KEYS */;
INSERT INTO `privilage` VALUES (4,1,1,6,'employee-insert'),(5,1,1,7,'employee-delete'),(6,1,1,8,'employee-update'),(7,1,1,5,'employee-select'),(9,1,15,5,'invoice by shops-select'),(10,1,16,5,'production by product-select'),(11,1,17,5,'production progress-select'),(12,1,4,6,'material-insert'),(13,1,4,5,'material-select'),(14,1,4,7,'material-delete'),(15,4,4,5,'material-select'),(16,4,4,6,'material-insert'),(17,4,4,7,'material-delete'),(18,4,4,8,'material-update'),(19,4,5,5,'purchase order-select'),(20,4,5,6,'purchase order-insert'),(22,4,5,7,'purchase order-delete'),(23,4,5,8,'purchase order-update'),(24,4,6,5,'grn-select'),(25,4,6,6,'grn-insert'),(26,4,6,7,'grn-delete'),(27,4,6,8,'grn-update'),(28,4,7,5,'supplier payment-select'),(29,4,7,6,'supplier payment-insert'),(30,4,7,7,'supplier payment-delete'),(31,4,7,8,'supplier payment-update'),(32,4,8,5,'product-select'),(33,4,8,6,'product-insert'),(34,4,8,7,'product-delete'),(35,4,8,8,'product-update'),(36,4,9,5,'product order-select'),(37,4,9,6,'product order-insert'),(38,4,9,7,'product order-delete'),(39,4,9,8,'product order-update'),(41,4,15,5,'invoice by shops-select'),(42,4,16,5,'production by product-select'),(43,4,17,5,'production progress-select'),(44,4,10,5,'material issue-select'),(45,4,10,6,'material issue-insert'),(46,4,10,7,'material issue-delete'),(47,4,10,8,'material issue-update'),(48,4,11,5,'production-select'),(49,4,11,6,'production-insert'),(50,4,11,7,'production-delete'),(51,4,11,8,'production-update'),(52,4,13,5,'invoice-select'),(53,4,13,6,'invoice-insert'),(54,4,13,7,'invoice-delete'),(55,4,13,8,'invoice-update'),(56,4,12,5,'shop-select'),(57,4,12,6,'shop-insert'),(58,4,12,7,'shop-delete'),(59,4,12,8,'shop-update'),(60,2,7,5,'supplier payment-select'),(61,5,6,5,'grn-select'),(62,5,6,6,'grn-insert'),(64,5,6,8,'grn-update'),(65,5,10,5,'material issue-select'),(66,5,10,6,'material issue-insert'),(67,5,10,7,'material issue-delete'),(68,5,10,8,'material issue-update'),(69,5,4,5,'material-select'),(74,4,18,5,'supplier-select'),(75,4,18,6,'supplier-insert'),(76,4,18,7,'supplier-delete'),(77,4,18,8,'supplier-update'),(78,4,9,5,'production order-select'),(79,4,9,6,'production order-insert'),(80,4,9,7,'production order-delete'),(81,4,9,8,'production order-update'),(82,4,19,5,'material stock-select'),(83,4,20,5,'count by designation-select'),(84,6,5,5,'purchase order-select'),(85,6,5,6,'purchase order-insert'),(86,6,5,7,'purchase order-delete'),(87,6,5,8,'purchase order-update'),(88,6,9,5,'production order-select'),(89,6,9,6,'production order-insert'),(90,6,9,8,'production order-update'),(91,5,15,5,'invoice by shops-select');
/*!40000 ALTER TABLE `privilage` ENABLE KEYS */;
UNLOCK TABLES;

--
-- Table structure for table `product`
--

DROP TABLE IF EXISTS `product`;
/*!40101 SET @saved_cs_client     = @@character_set_client */;
/*!50503 SET character_set_client = utf8mb4 */;
CREATE TABLE `product` (
  `id` int NOT NULL AUTO_INCREMENT,
  `code` char(5) DEFAULT NULL,
  `name` varchar(45) DEFAULT NULL,
  `qty` decimal(7,3) DEFAULT NULL,
  `dointroduced` date DEFAULT NULL,
  `unitprice` decimal(7,2) DEFAULT NULL,
  `description` text,
  `photo` blob,
  `producttype_id` int NOT NULL,
  `productstatus_id` int NOT NULL,
  `color_id` int NOT NULL,
  `size_id` int NOT NULL,
  `thickness_id` int NOT NULL,
  PRIMARY KEY (`id`),
  KEY `fk_product_producttype1_idx` (`producttype_id`),
  KEY `fk_product_productstatus1_idx` (`productstatus_id`),
  KEY `fk_product_color1_idx` (`color_id`),
  KEY `fk_product_size1_idx` (`size_id`),
  KEY `fk_product_thickness1_idx` (`thickness_id`)
) ENGINE=InnoDB AUTO_INCREMENT=14 DEFAULT CHARSET=utf8mb3 COMMENT='	';
/*!40101 SET character_set_client = @saved_cs_client */;

--
-- Dumping data for table `product`
--

LOCK TABLES `product` WRITE;
/*!40000 ALTER TABLE `product` DISABLE KEYS */;
INSERT INTO `product` VALUES (1,'RD300','Degradable',4755.000,'2022-01-04',113.00,'Polythene roll',_binary 'data:image/jpeg;base64,/9j/4AAQSkZJRgABAQEAYABgAAD/2wBDAAUDBAQEAwUEBAQFBQUGBwwIBwcHBw8LCwkMEQ8SEhEPERETFhwXExQaFRERGCEYGh0dHx8fExciJCIeJBweHx7/wgALCAK8ArwBASIA/8QAGwABAAIDAQEAAAAAAAAAAAAAAAUGAQMEAgf/2gAIAQEAAAABmQAAAAAAAAAAAAAAAAAAAAAAAAAAAAAAAAAAAAAAAAAAAAAAAAAAAAAAAAAAAAAAAAAAAAAAAAAAAAAAAAAAAAAAAAAAAAAAAAAAAAAAAAAAAAAAAAAAAAAAAAAAAAAAAAAAAAAAAAAAAAAAAAAAAAAAAAAAAAAAAAAAAAAAAAAAAAAAAAAAAAAAAAAAAAAAAAAAAAGzr3+8aubmwAAAAAAAAAAAAM98zK9noGmNiIfUAAAAAAAAAAAGZix9+QAa4Kuc4AAAAAAAAAADstsmAAGqtV7AAAAAAAAAAATls2AAAIqnaQAAAAAAAAACy2bIAABjkpPKAAAAAAAAABZbNkAAAHJR+YAAAAAAAAAJq4egAAAEfRvAAAAAAAAAB1XzcAAAAK9VAAAAAAAAAC6y4AAAAeaNHAAAAAAAAASl4AAAAAjKPgAAAAAAAAF2lgAAAAMUWOAAAAAAAADq+gegAAAAEFUAAAAAAAAAsVqAAAAANPzvyAAAAAAAALtLAAAAAChx4AAAAAAABn6JvAAAAAFTr4AAAAAAABu+i5AAAAAFequAAAAAAAAHZ9AAAAAACEpwAAAAAAAB330AAAAAIelgAAAAAAAHbfwAAAAAhqYAAAAAAAAb/omQAAAABAVIAAAAAAAAz9G2gAAAACrVwAAAAAAAAXmTAAAAAFHiwAAAAAAABZ7KAAAAAePnWsAAAAAAAAd99AAAAAIilAAAAAAAABm+d4AAAAClw4AAAAAAAAJy4AAAAAcdAwAAAAAAAADN87wAAAAUyGAAAAAAAAASV49AAAACIpeAAAAAAAAACzWYAAAA5qJzgAAAAAAAADNxmgAAANdIjgAAAAAAAAAerlMAAABrpcWAAAAAAAAAA9WmwZAAAc1L4AAAAAAAAAAAmbX0AABiGqekAAAAAAAAAADbZJ7aAAjqzFAAAAAAAAAAABtnJiR9AOeJg47AAAAAAAAAAAABt7uzf7xq5uHkwAAAAAAAAAAAAAAAAAAAAAAAAAB6lJWC4QAAPVhxDc+AAAAAAAAAB1T050PFcrusAASNr784i4GI8gAAAAAAAA7bJM+gc9eg9AAZk7DLZByV2C8gAAAAAAAOizzfoAeIyLj+TTjPrp7pGX6gA5KxDYAAAAAAAGbBZtoAAefGfXoAAIup8YAAAAAADrt0mAAAAAAGusV/AAAAAAATNt3AAAAAAAIeo6QAAAAAGbLZcgAAAAAADjpfGAAAAAD1bpvIAAAAAAANFMjQAAAAB6uUwAAAAAAAAa6XFgAAAAPVxmQAAAAAAAA10qMAAAABm2zwAAAAAAAAGmj8IAAAAWO0ZAAAAAAAAAclF0AAAAErdfQAAAAAAAAAi6RgAAADovnQAAAAAAAAACs1kAAAGbnMAAAAAAAAAAeaNHAAABN3EAAAAAAAAAA4aH5AAANl/wCkAAAAAAAAAAVWugAAFnsoAAAAAAAAAAafn+kAADf9A2gAAAAAAAAAArdXAAAs9lAAAAAAAAAAA1fPtIAAbPoO8AAAAAAAAAABV62AAE7bwAAAAAAAAAADk+f4AAF6kgAAAAAAAAAABSIoAA6voOQAAAAAAAAAABBVAAAsNrAAAAAAAAAAADR888gALvKgAAAAAAAAAAAokcAB6+jbAAAAAAAAAAAAVitAASN7AAAAAAAAAAAAiaSABYLYAAAAAAAAAAABo+d4ABbLAAAAAAAAAAAA07jX4oOgAF3lQAAAAAAAAABqNen10efGmrx+zVp9gPoHYAAAAAAAAAAaYzq8at+Wzn8V+M86doDP0baAAAAAAAAAAcO7Onn3bOXdt01eN0+N4D19I9AAAAAAAAAAAjO7aCtVgANn0gAAAAAAAAAACJlgK7VQA3fRgAAAAAAAAAAMZAr1UB//xAAsEAACAgECBgEDBAMBAAAAAAACAwEEBQBQERITMEBgISAjNBAVIjMxMnCg/9oACAEBAAEFAv8AxQCBloalktRj7Ov22xr9us6mhajRIcPp6ab26Vix0urXDUfWawPTMfXLTsY0dMWa59IrY9rNV6iU94wEosY0C05LEl6JWrseVWmpHhGAmNvHTGp+PQqNGWaARAfEuVAfDlGo9/x9HyLKAeFlBoZvuMp+VYSDl2FElm94yr1T8u7XiwshkS3msmXtUArDzMtW5h3nGV+inzr6Og/d8anq2PPyKetX3fGK6VbYMgrpWd1qL6tiNhzCuZG64Vf89haHOuY4TumKDlp7FkQ5Lm6IHkTsWaH725pjmbsebj7W50o429jzH4m54/8AM2PL/hbnR/L2PMfibnXnlfsean7G6LnmXsWbL+e6Y0uensWUPmubphD+NhKYETLnPdMezpWthyrOSru1FvVrbBlW9Szu2IdyO8+22EomeM7tHxNJ/XR52Vf1HbxQsdB0fMeZkbHRVvWKteY9opW9pObveOt9YfJMoAL1mXs3wZkSoXIfHjmQgN63Ly36JmJo34PxnuBIW7R2C9Bp3jVpLQaPhW74K01htL0NTDWVbJROgMTjvWLaU6s3Wu9IWw1ynJnGlXa7NRPHssatenZJQ6fde300DMNBfsjoco3UZXX7qGv3QdTlC0WSsTo7Lz/4/ETMpoWD0OLXy2qrET4cRMzWxvEW4wtNQ1W+IrtdpGMiNKUtUfoUQUWsdoxIC8CtTa7VWqpEfq+ihmn49wamJid2r1mu1Xx6g1EcI+pqltF+MnTVMVPcRRezVeglXYehTYsY0x0USM7khLHFVxyw1Hx25iJhtCuemYstHRsjolNHXD9YEp0FWwWgxr50rGLjSkKV3HoU4bWPYvcI+ZqY6Z0sBAfB4RrkDXKPh2qanasV2ILbK6GPKpUWiNpIYIbmPkdrpUSdpYCsNsuUgdpqzWez0KG4WUA8LVc0HsgxMzQpQrcmrFgXapVy2IYkioVIRG5mImN6pNctgGJmcfUhMbqYwY3qs1z8/G1OnG7sAWBbrlXZ5uLqb1YSLlvUSWeXjq3XZEcN7v1oeuY4T5KFE1qFipe+Zat5WNr9FW+zHGL1foO8fFV+o3f7iYekomJ8VYSZ11wlXoGXRwLxcOj0JoQxblypvhoXLWrGAD0LMJ4j4eGT8ehsGDBwStvgrGTNIQtfomZT8+Dh1czvRbS+qj/Hg45fTq+jZRXTtd+qvq2PR8wvmR38Kviz0dwdRUxwnvYoOSn6RkQ5LndGOYgHlD0jNh893HBz3PScqHNT7uEH73pLx5093CjwR6I1kL+gyEBSyGrePK/uYuOFP0Ay5RWXOuTGDln37fzpj+V0nwNRyUgzndD+Wpf/AN3zwbY4AlkwurJlw7FOOFXf2nC1rn7MM4woZmyuYXpkzwX+bZng6I5X0I+1BQNHLS+S5Zla56jrPHpdlfwvf7AS1jFwySUJNEDiVR1m2YYRsIwlQNa+11pEYlVdAmupnDcyRZKlVeZcTJtf2B/2j/HoV4p5VBC1/Vm4+O2v+z0NP3rn15v+vtp/t9DjsZv+r6v/xAA7EAACAAMEBwQKAQIHAAAAAAABAgADERIhMVAiMkBBUWBhEzBxgSAjM0JSYnKRobEEEIIUQ2NwkqCi/9oACAEBAAY/Av8ApQaKk+UXSmjVA849z7x7v3j2dfONKU325PuSg4mPWOT4Royh59xpoD4xcCnhHq2DxR1K+PJNX0F/MaK1PE99RlBHWKyTZPCKTFpyLoC7jFaWm4nYrLAERakX/LF/IVubcnDjFlRQbLXVfjFhxQ8gCbOHgu0WXHgYst5HPhOmj6RtVhvKCjZ52jjQH52ynvDAwVa4jOgg84CLgNt7ZBeMc6tHXbHbyBqnDOL9VbzkBprLeM4BOLX5CRuN4zZE65EJm9TmzzOFwyJkO8RQ7s1U/FfkbjzzVF4DI0biM0ReJyRG4HNJf1ZJ/dmkvxyQ+IzSX45J/dmiH5hkiD5s1VuIyOWvnmqdLsjb5bs1eX55EWOAgsd5zVDuNxyIje12bq2/A5DZGCXZv2Zwf95Az790VzeogNv37fYU6KfvOb9U4xXbaLrthnfYOfp2wu2Agu2/PLD+0H52osxoBHyDAZ7aBoRFlrpn72gsxoBFBdLGf1BoY7OcaNx47NacxwXcOQrL6SfqLSNUbGVTTeLTtU8iWkYgxScKdRFUYEd/e1W4CKDQXgOSKoxWKTVtdRGvZPWLu503Aj1al41rI4Dk3QYr4Rr18RF6KYvk/wDqPZN949ifvF0ofeLrK+UaU1v9n6AVi8WB1jSmNWNK9eOyUAqYrPJHQR6pwfGNNCM89WhPWKzWr0EUloF/rQioi1I/4xZdSDsNaWV4mNEVbj6GrZPERVPWCKG45vordxMVfTP4ig9OkxQYrJavQxR0I72tLA4mKtpt17jTQHrFZJtDhvijChzOiLWLU3Tb8d5Qisatk9I9XMB8Y9nXwi+Ww8vQuU/aLpTRfZWNNy0erQDvKTFr1i1L01/OYUEWp9w+GLKLQbFhGqPtGqNjrqtxEaYu45bRB5xXF+OVWWFRFuRePhyu2+in7iygoMttLov+4suKHKO0njwXMLL+RijYbjktAKkxbmXv+syKOKiOKbjkdlRUmLTXzP1mhVhUGKi+WchoLzFt75h/GbFWFQYqL0OByDtZmucOmcFHFQYob1OB27t5g+kZ0UaCjY7ZVtRcc8u1xhFDjtQRd8BFwGe9ug+rarTa7Z9QxT3ThtHaNqr++QCu/dBBxGzBFxMCWN3IPbqMdbZjPbwXkIo2BhkbEbIqDfARcByGJw3XHZDOPgORCjYGGQ4jYgoxMKg3cirOHgdiMw4LyM0vjFNhXibzyOaYNfsCJ15ID71OwPM4XckMnERQ9+vFr+SX6398FG+Ao3cky5nl3yDhfyUx+G/vnbgOSnXiO+duLciitbzT0LTGggOtaGHXg3er1v5BY8BWFelKiAldI4QJQvuqekSh/qCOyWWznfSFX4sIcHFWpEyXS5KQJrrjuEPMMsqReQYQAXMIJAFVxhplKndHsx3MsfKOQC7YCGnfyP8AMIu6RKY6No3DjDzn+lInfyH3tQRILXG2K/aJn0iJH1RMbcVBhppxc1iUbFvC6GH+HAtJ8cfx+Km+P5I3G6P48o78e6UdOQEQjQGkYWuqprSFmHFcIZpj/T0i0PZS7l6mJYVKgMGrWKiTb6iBOnCyF1VgpLl1qMawFVbRAwhVKVI92sKglmWDiTFlUtecVbWJqYDslkAce5HIiyU1pl0BBu9OX594vjyI833U0R3Evx7xPqHJiePp/wD/xAAtEAEAAQIEBAYCAwEBAQAAAAABEQAhMUFQUUBgYXEwgZGhscHh8BAg8dFwoP/aAAgBAQABPyH/AOKBn0eVfOK1Lx740UqWA6/Uwaw80bWbcnXpO0lFu7taUbid7n3oAQEf3Cjsar6x10AoG2DUhd0ckBQJ51i8qCke7PjdD5CamOttypBdrk8iw6wxeBUR+jYcE2WskqVmGax8qCoCJk8hQ5OVmoYGeAcKuPROfekSw9+QPWJvloOHxaMjEpAfYwTXpu6L88UzHuzGh7uYOSb65mS8N1BHF4NnlVF1IhNazq8WxQEQUHG5HO3c31qwub0GRxyCIkjUSs//AJ1iHhP4g0CyH7Max10f60GPiPftW2Rbu2dACDQYEM12dWmTk9TQgw4xTPjKHVd6ErQ4CwWHnqvQFNDi6N9P91Tponvondyev+apEejRDIdh/wCGOJw/ToiiO41TpH8miR736aoWZKPYB0OTYj6tV67EvLQ4uYA1VdeUH7+tCcSxLTYmZ1WVW55ToUOt2HbPVipYbPVNBnGterPV5Z9rQCtwWG7SImVb6ukEhLjQZLsdnj/y0tZNMss/dMgMjg8bf7I6Out4XfX44xL+hvWMPgNjbWxRkYSgBoD0b8UcYUq1JiT/AEtdOKRIlSTA/UcQZbFLV7bLG/V18kwMEoIFkZeGNo5kZtRBs8hMbP71IKvi4MuD7B3py74OROw0qjp/yvSut4h8c5POtqebqmPd5Im/OjVpI7DVuDsW0QlCbngjT39vUoNbtirCyejya5PdkVYrfSaJ7dJX4j8K/wALTlU8tu9ZmPal81l42GPim+P/AI9MgnIKhUdzH6URCd5AFWO2DhwhJyYBV+o4Y53o0vRLaat28W9dcSsHkPWseftnrXkwRf8AlaZMRqeXjq+mlwFknAtw/TW3ruIHj/KCQ3Kl08m+1SsHRs+lIgQxHV18Ltio3zf6UEAAZH941X3KLP7XnXmxZbxAlgu1e3lX2qILrYPSgj+8KY9RUx1kotYGImpyTbnIqB7Fk/7QBAQHhogDZKuY95x7UG/RDFfYsasnfnSjET+ccPanyPI+ayu9Wfirp0osUd5vn6+JChszFSMntqwtp4YBVwCotnKGL3qDAsg4JfEPl/BgsB8qAMAOCFYdOx71HLrA4Om4ZmawKhzrP60psBMRqckzMx2pIYTSoqX3eyjhTyNNJYd/LupE0tHBWC7UEXGP/Sgg0+GF8jEqDcrBwdFFuRAFEhGSZfnqQYUqW3b/ABdDOIVAFW7p+g1QS2KGr00WdujoIM1MAqJh+gasNQUI1egrsdHjyocLFn6x1jPIIr5zC46aLDO+daLvs5jvQXwPc34yy3zHagEBAa3IwGP36UiBAYTbisZdY7G9C3Aeuuy+i/fElW8sX6G2vAgSOJTMDOf1xFir9uvIDLLu9mhahIThi8lYKwbRd3d+QY6ws7t+GiAY/keQhkkYaxImOExK36UPkDByHGO/ocuEgPx/LyIPkjDWLmxwQj3YKwSzHIsRGP4eCi1Zt3eRhzoW75UilEJZ4GPp99yPIxk/vgNoW7tnRAQcjxqZrs/pwEwmCHd5IJPOKZMQYfHlDiL5Jjhg4+fjPiBQUWFAByTZHV/X3420Sl5clbgI8ZL0L6/5yV1BTxu0B6HIoTKjMbv9FMZxaCobldaw9/F83vdyCdtvwrLAmKWtrIqzopLsyosL95qEgGdgoFcj6MqJEEWbZVYJBdutY9mDu2pDuxIwmiLpGHSpSkT2VCBuKaACUlnAz8H9ercgYeh61e+CB0MCkY3u7s9r1bSvF0Mf3vTzp8xjb9ypJ8qDZlahl02E3n8U0ZeD1JpnFH5KjTwhb0+AQLDqUNYsD0X+KDGwD5CVaq8Hyl/nwj0AHICqJpd9iu3MOLlUkCTitQzVhIEQ37/8ojCLb7lTp3IrQ7U5ZZAt6GibEpwdx2yPKo7TF0S50cedMG9B5NE5UWstgsqYK4Cat3rC6/gmQ6lYB05Dz5HkM6wBTH97z4j2/wCeRHsh5v7PgY7r+PE/Ub8iAJgCWfA93+P7/wD/2gAIAQEAAAAQ/wD/AP8A/wD/AP8A/wD/AP8A/wD/AP8A/wD/AP8A/wD/AP8A/wD/AP8A/wD/AP8A/wD/AP8A/wD/AP8A/wD/AP8A/wD/AP8A/wD/AP8A/wD/AP8A/wD/AP8A/wD/AP8A/wD/AP8A/wD/AP8A/wD/AP8A/wD/AP8A/wD/AP8A/wD/AP8A/wD/AP8A/wD/AP8A/wD/AP8A/wD/AP8A/wD/AP8A/wD/AP8A/wD/AP8A/wD/AP8A/wD/AP8A/wD/AP8A/wD/AP8A/wD/AP8A/wD/AP8A/wD/AP8A/wD/AP8A/wD/AP8A/wD/AP8A/wD/AP8A/wD/AP8A/wD/AP8A/wD/AP8A/wD/AP8A/wD/AP8A/wD/AP8A/wD/AP8A/wD/AP8A/wD/AP8A/wAU/wD/AP8A/wD/AP8A/wD/AP8A9oF//wD/AP8A/wD/AP8A/wD/AMQAH/8A/wD/AP8A/wD/AP8A/wDAAAv/AP8A/wD/AP8A/wD/AP8AQAAD/wD/AP8A/wD/AP8A/wD+gAAC/wD/AP8A/wD/AP8A/wD9AAAAv/8A/wD/AP8A/wD/APoAAAAf/wD/AP8A/wD/AP8A8AAAAB//AP8A/wD/AP8A/wDwAAAAD/8A/wD/AP8A/wD/AOAAAAAH/wD/AP8A/wD/AP8A8AAAAB//AP8A/wD/AP8A/wDwAAAAB/8A/wD/AP8A/wD/AOAAAAAD/wD/AP8A/wD/AP8A4AAAAAf/AP8A/wD/AP8A/wCAAAAAB/8A/wD/AP8A/wD/AKAAAAAB/wD/AP8A/wD/AP8AgAAAAAf/AP8A/wD/AP8A/wCAAAAAB/8A/wD/AP8A/wD/AIAAAAAD/wD/AP8A/wD/AP8A4AAAAAP/AP8A/wD/AP8A/wCgAAAAA/8A/wD/AP8A/wD/AOAAAAAH/wD/AP8A/wD/AP8AwAAAAAP/AP8A/wD/AP8A/wDgAAAAB/8A/wD/AP8A/wD/ANAAAAAP/wD/AP8A/wD/AP8A4AAAAA//AP8A/wD/AP8A/wD4AAAAH/8A/wD/AP8A/wD/APAAAAAv/wD/AP8A/wD/AP8A/AAAAF//AP8A/wD/AP8A/wD4AAAAf/8A/wD/AP8A/wD/AP4AAAD/AP8A/wD/AP8A/wD/AP7AAAH/AP8A/wD/AP8A/wD/AP8A4AAL/wD/AP8A/wD/AP8A/wD/APgAB/8A/wD/AP8A/wD/AP8A/wD6AA//AP8A/wD/AP8A/wD/AP8A/tx//wD/AP8A/wD/AP8A/wD/AP8A/wD/AP8A/wD/AP8A/wD/AP8A/P8A/wD6v/8A/wD/AP8A/wD/APwv/wD+b/8A/wD/AP8A/wD/AOAL/wCIH/8A/wD/AP8A/wD/AMAHtIAG/wD/AP8A/wD/AP4AABwAAH//AP8A/wD/APoAAAAAAF//AP8A/wD/APQAAAAAAC//AP8A/wD/ANgAAAAAAA//AP8A/wD/ANAAAAAAAAv/AP8A/wD/AIAAAAAAAAf/AP8A/wD+gAAAAAAAAP8A/wD/AP0AAAAAAAAB/wD/AP8A/wAAAAAAAAAA/wD/AP8A/AAAAAAAAAA//wD/APQAAAAAAAAAP/8A/wDoAAAAAAAAAA//AP8A4AAAAAAAAAAP/wD/APAAAAAAAAAAB/8A/wDAAAAAAAAAAAP/AP8AoAAAAAAAAAAH/wD/AMAAAAAAAAAABf8A/wBAAAAAAAAAAAH/AP8AAAAAAAAAAAAD/wD/AAAAAAAAAAAAAP8A/gAAAAAAAAAAAP8A/gAAAAAAAAAAAH/+AAAAAAAAAAAA/wD/AAAAAAAAAAAAAH/8AAAAAAAAAAAA/wD8AAAAAAAAAAAAP/4AAAAAAAAAAAH/AP4AAAAAAAAAAfBf/gAAAAAAAAACsi/6AAAAAAAAAAFPJ/4AAAAAAAAAAGA//AAAAAAAAAAAQD/4AAAAAAAAAAAAf//EAC0QAQABAgQFBAMAAwEBAQAAAAERACExQVFhUHGBkaFAYLHBMNHwECDh8XCg/9oACAEBAAE/EP8A8UEYb3vgUJIhwYjylHz/AALCah3jtL9Ud2QHyFESof3XmhmHMVaHUmgpBRiJf2aCsF3IKjVPCVjUEl6FBmbhdKWV8UKkjI+5Q4YCwEB/u+BpFl+al03NY7MnaKBJcF/5vcpppCpPJweZ7IRYBVYAJVqbN4hM8jJzY5UICcR7GR0iiD8qNWxAPNSkbivJxPNTyUxBPISz7FtnsRU62bsXoQAZcMHZgfPosQ+0of8AtEOxapHNnyb7tLWBCCImSOD7CLt3cDf2N8/NC8mBQHpThBLDsGZvWB4bMGo5j/Rx8Mi9TkrgB2F7h30ogggMoI9NzpnaCRXdT9Z0XJG4HdDrqZceA2MQTqM+DrpRB6kVWo8kn6q7SJIdENvhtxx5A2SLFluGfbWiEAAFgwj1bVQixYtHZp0Msi4mPGprAUxyE3X4N0oR5Qcs+bj600mRCMH5Hxy41EwxJj+Au7u3rjbARHM0pWAueQL8MOUcYntozllHyPgaLEHrzu27BdjHqPioS3FzGRHKQg4O3zwDKK06m4AmQ5MnbiyGCiXoL+AnWhZAAAG3Ab0wpGOE9mHixHbGzqpeoAdeBY3SdpIn4aGSGBojD8cVmQBy1vB4DgYlAMQWsl8zxQJYMcqMQxo5EPAzIGGbup+OKMzJfcQUEcDnhkyuwmmfE8w7/mfrgg6p+8n3xTOYQ+HgkHJwO/FJaSIu8nBBwVidJfrikrMDnlCaMOBhmE8cl++KNJISEdIoU3DXmTwMh3Huag+OKmhZV1iHiHrwMGEgehL5U4qa9ddTby8uBBCEs5Bj8VNZIeqv3xWyBtHAl5MNY8BtmGKb5l2I68WSMkjqZUR4mXtIXrj14CUhQkNnGvg6cXKHSCTYGHKSTnHAGEIJWbgffIpLSSllVZXvxdwCwDCIyJU2wKNk/uz19dNmhuxEYbNi7xgddeMmVLmmvaGo+JocIUg2TL1ooGNhxOD0fPKryqqzdcXjQpBJZWWt+O2lG3q4CQWDdZBu0/UpYbFgNg+3PjZNyBEYRMEaPnqUH3NTr6qTQALBV1iwjjuNXxhx01REIRM6OmW5gEz3anqBQpKIArH+B7LP4DLnx9SQihETBIq0oY9th0fDQjh6UaWEF10DNpos6TZDd1fBl7CBjuAVtbOZs9yg7piDDsTEdvRTE3CkzLaBl9xi7HVKXgrEthoGAbHsQMZ5qyaJgmyUHszqueI5knKhLOWEn5utCFDM7mR1oSQ94PJyIK/n2PrlVYnmYJzmji1xL4sHxRIoWjn3bPegrVggj1Pwv0egi5GLQ2SH7O/ipaLrzh2WZe9YrN1uuvsx+i3Q9BokhLKQ6kPmrNv6+xoIhl2PuhmFyShFw7k+qXOxLPwFRwJwVXknijkWsYH4FJSpVbqyvN/+PCFVAhV2C9OLfFXsEveKSgyw9ARXvWM2YOq0nR2ek+kcgAAVVyAu0kES4DmEfHeodDI5chJnqFKgkwXnyEnmo43AZDdWeat2loIXiXOorvQKiJIu3HNxf8iqWASJuUKIWK9nmYcnvWOAaM89zc9CWWmJ2TZj0W3qVzpB5XLQ2KMP8MhEIRJmrivsl3wNW8DT3Vj0WnJhAER3HDi5qaS9h5ObsTR8s9EDlm60UCkAAHT/AHSZQKdhxKjCGMsJsAh6hzqYJmzcckt2fyMQqMQEq6BUKFcZV0xPUOdMIBk2O2DvNAIAAwD/AH0PgCOUl6Hie+GOTg+OTSgdhYTmN+Jzn4liA1XA+aBQBcjCcvtbajJgQAQHL8bwqXAjzKnFLRO6TxT6DySu5I9ip5mTOU6TNKKsxgeYpNnDUT/ASwSu1WOdwEfgpm7HBU94FRS2Y33YPzUOvzE+58lXMhaBK6r+fyMEgQFuUl+lTVBeA7hn07UilCI3Eh4ecQwAVdADGhWFCiOcyNi/KhJOtCP/AH0KSJbe1eUYNTOK8n6rw2E+q8OAFB6E2yS2IZQz5471NspF7ynJ2b8NevQkZDdXXYvQkRizubDI878KPX8CESgzDul/uG3zSIgRhEhHR4VEC0S0ddgb9taHHsAR/PDTygzE/hvjWKvMSzeyOjknByAKIAErsGdGTGxeBonN276UEAAGAcPfrgTZLs6amdL5CtH/AIu3BS1AAlVwApIyuh2Nd2XmjDiJ8nhEw3HJ3qPZPAw00H54GKgAkquVCyFuxJ/S7URkcTJCkAs1h3Q91v8AA58+AoBEASq4BvQsAXcQ6N9XpxZKaALJS0MBV/sGTn68KwSq2Axoj3GMWv28Ya8YLSCEPJo00mQsODR0TM65+uJ2syDF1jlp30ow4zastzNkOVSAzZCyYDb+y9Y0iGJdYPy7c6KmAABARtxtzdlg7k6OWjfWm/zQIUMIms+qLKwlFgxWwfqhuBE5rNd3jsNIJABiZdOD0cms/UBm0q6FBBYzMvjH2f8AnHivDhCRG0U1Zv7ScW5hyv6iflmg84Nwx7ewFuBexg4dHCkbMMxEYR5embkKG7m7BflXfnBmLm+wbYThBhk6i3Q19Niq4jIwD47+wpNy7G/MoAkkmLJiJskPX0k6cEWJhivQvUQBS2LewxwLITFN3Rt1PSHe2/TIbjm26PsScwpOjagGhKdTJNkh6+ikqFLdY+6DgCljGMXq39ihb42jMuu0nb0V0iE41g6hPsZfBiehuu5TkkQJCQxHobMg7k3B0IPY4RIRFhLIO4vX0CwEjdpv4DRCAAEGnse9cCXSezL0GGAbpmS9g8+yBNIndJGPMNA9EI0Rh/PDKLAasHgPZJFoJZtmfM/muWFLdYPmgyg65EeyYAMRMaX/ADEyAomLWKeQ9lEQSH7w+F/NJZIReb9eygqE2joxUQokJj+WdcSDsH7fYoCCNRjAWXC3+hKYsgsSxlUwAoCDZTJdK0+K5CjxH5Z/F03VR4PYLVUopyB/VEYrhYkmFE+GQWUMfuo3om2BbqWhASqdCT4KOMJtb3P/AJiUXKKFvBeaGejUIyTmgK6jV9EhxQFe0fNCGGArKqydr1FsoKEQXO36tRB7ojOD8NELSTOTC9pelLyciDNQPtp/csISGTZ/BhW1aPNk+X2AtWKgxWQbrQQmdGEkmaN+l3OrusBUBkDtKW8FTeCaXUl4aRibRYm0NUtu6iY4UMnymKQdhMTGJf8AVJYiDoofmlDDlgD4Cjxh/wAigd5pAPlgAJgZhi/zS2VyuMyIvhU37ceYJl3RSHXqKCOrQkIcXIh5dvwhNtbUZeB3Qj2BOVBRZFurLO1GLGQwCIlsS2zqIeQYE5xrRlctEdlWsA5ZrtFbeDwA8DL/ANqz8S64klfC81hQkEhjCN+09KSyoGTLm/2Rar9/mOJElt80OM8J5o4ZtKDCVIi0hwnD90G8rioZQjnvNSS8UGJEZm3modWFC67nKamp9HzTdts+Pw73F3aMaQew1oRfu6/sprAnoddXmt+v+/WIns/kMg4I96GFvYccMnWIlYv8zPwANMH86e0EM3YIIlc/wf1tX+//2Q==',1,1,7,3,1),(2,'CD400','Degradable',2200.000,'2021-10-20',250.00,'Polythene roll',NULL,1,1,1,3,3),(3,'RC100','Degradable',551.000,'2023-01-04',1100.00,'Polythene roll',NULL,1,1,7,4,2),(4,'RC300','Polythene',1334.000,'2022-06-21',130.00,'AdafF',_binary 'data:image/jpeg;base64,/9j/4AAQSkZJRgABAQEAYABgAAD/2wBDAAUDBAQEAwUEBAQFBQUGBwwIBwcHBw8LCwkMEQ8SEhEPERETFhwXExQaFRERGCEYGh0dHx8fExciJCIeJBweHx7/wgALCAK8ArwBASIA/8QAGwABAAIDAQEAAAAAAAAAAAAAAAUGAQMEAgf/2gAIAQEAAAABmQAAAAAAAAAAAAAAAAAAAAAAAAAAAAAAAAAAAAAAAAAAAAAAAAAAAAAAAAAAAAAAAAAAAAAAAAAAAAAAAAAAAAAAAAAAAAAAAAAAAAAAAAAAAAAAAAAAAAAAAAAAAAAAAAAAAAAAAAAAAAAAAAAAAAAAAAAAAAAAAAAAAAAAAAAAAAAAAAAAAAAAAAAAAAAAAAAAAAGzr3+8aubmwAAAAAAAAAAAAM98zK9noGmNiIfUAAAAAAAAAAAGZix9+QAa4Kuc4AAAAAAAAAADstsmAAGqtV7AAAAAAAAAAATls2AAAIqnaQAAAAAAAAACy2bIAABjkpPKAAAAAAAAABZbNkAAAHJR+YAAAAAAAAAJq4egAAAEfRvAAAAAAAAAB1XzcAAAAK9VAAAAAAAAAC6y4AAAAeaNHAAAAAAAAASl4AAAAAjKPgAAAAAAAAF2lgAAAAMUWOAAAAAAAADq+gegAAAAEFUAAAAAAAAAsVqAAAAANPzvyAAAAAAAALtLAAAAAChx4AAAAAAABn6JvAAAAAFTr4AAAAAAABu+i5AAAAAFequAAAAAAAAHZ9AAAAAACEpwAAAAAAAB330AAAAAIelgAAAAAAAHbfwAAAAAhqYAAAAAAAAb/omQAAAABAVIAAAAAAAAz9G2gAAAACrVwAAAAAAAAXmTAAAAAFHiwAAAAAAABZ7KAAAAAePnWsAAAAAAAAd99AAAAAIilAAAAAAAABm+d4AAAAClw4AAAAAAAAJy4AAAAAcdAwAAAAAAAADN87wAAAAUyGAAAAAAAAASV49AAAACIpeAAAAAAAAACzWYAAAA5qJzgAAAAAAAADNxmgAAANdIjgAAAAAAAAAerlMAAABrpcWAAAAAAAAAA9WmwZAAAc1L4AAAAAAAAAAAmbX0AABiGqekAAAAAAAAAADbZJ7aAAjqzFAAAAAAAAAAABtnJiR9AOeJg47AAAAAAAAAAAABt7uzf7xq5uHkwAAAAAAAAAAAAAAAAAAAAAAAAAB6lJWC4QAAPVhxDc+AAAAAAAAAB1T050PFcrusAASNr784i4GI8gAAAAAAAA7bJM+gc9eg9AAZk7DLZByV2C8gAAAAAAAOizzfoAeIyLj+TTjPrp7pGX6gA5KxDYAAAAAAAGbBZtoAAefGfXoAAIup8YAAAAAADrt0mAAAAAAGusV/AAAAAAATNt3AAAAAAAIeo6QAAAAAGbLZcgAAAAAADjpfGAAAAAD1bpvIAAAAAAANFMjQAAAAB6uUwAAAAAAAAa6XFgAAAAPVxmQAAAAAAAA10qMAAAABm2zwAAAAAAAAGmj8IAAAAWO0ZAAAAAAAAAclF0AAAAErdfQAAAAAAAAAi6RgAAADovnQAAAAAAAAACs1kAAAGbnMAAAAAAAAAAeaNHAAABN3EAAAAAAAAAA4aH5AAANl/wCkAAAAAAAAAAVWugAAFnsoAAAAAAAAAAafn+kAADf9A2gAAAAAAAAAArdXAAAs9lAAAAAAAAAAA1fPtIAAbPoO8AAAAAAAAAABV62AAE7bwAAAAAAAAAADk+f4AAF6kgAAAAAAAAAABSIoAA6voOQAAAAAAAAAABBVAAAsNrAAAAAAAAAAADR888gALvKgAAAAAAAAAAAokcAB6+jbAAAAAAAAAAAAVitAASN7AAAAAAAAAAAAiaSABYLYAAAAAAAAAAABo+d4ABbLAAAAAAAAAAAA07jX4oOgAF3lQAAAAAAAAABqNen10efGmrx+zVp9gPoHYAAAAAAAAAAaYzq8at+Wzn8V+M86doDP0baAAAAAAAAAAcO7Onn3bOXdt01eN0+N4D19I9AAAAAAAAAAAjO7aCtVgANn0gAAAAAAAAAACJlgK7VQA3fRgAAAAAAAAAAMZAr1UB//xAAsEAACAgECBgEDBAMBAAAAAAACAwEEBQBQERITMEBgISAjNBAVIjMxMnCg/9oACAEBAAEFAv8AxQCBloalktRj7Ov22xr9us6mhajRIcPp6ab26Vix0urXDUfWawPTMfXLTsY0dMWa59IrY9rNV6iU94wEosY0C05LEl6JWrseVWmpHhGAmNvHTGp+PQqNGWaARAfEuVAfDlGo9/x9HyLKAeFlBoZvuMp+VYSDl2FElm94yr1T8u7XiwshkS3msmXtUArDzMtW5h3nGV+inzr6Og/d8anq2PPyKetX3fGK6VbYMgrpWd1qL6tiNhzCuZG64Vf89haHOuY4TumKDlp7FkQ5Lm6IHkTsWaH725pjmbsebj7W50o429jzH4m54/8AM2PL/hbnR/L2PMfibnXnlfsean7G6LnmXsWbL+e6Y0uensWUPmubphD+NhKYETLnPdMezpWthyrOSru1FvVrbBlW9Szu2IdyO8+22EomeM7tHxNJ/XR52Vf1HbxQsdB0fMeZkbHRVvWKteY9opW9pObveOt9YfJMoAL1mXs3wZkSoXIfHjmQgN63Ly36JmJo34PxnuBIW7R2C9Bp3jVpLQaPhW74K01htL0NTDWVbJROgMTjvWLaU6s3Wu9IWw1ynJnGlXa7NRPHssatenZJQ6fde300DMNBfsjoco3UZXX7qGv3QdTlC0WSsTo7Lz/4/ETMpoWD0OLXy2qrET4cRMzWxvEW4wtNQ1W+IrtdpGMiNKUtUfoUQUWsdoxIC8CtTa7VWqpEfq+ihmn49wamJid2r1mu1Xx6g1EcI+pqltF+MnTVMVPcRRezVeglXYehTYsY0x0USM7khLHFVxyw1Hx25iJhtCuemYstHRsjolNHXD9YEp0FWwWgxr50rGLjSkKV3HoU4bWPYvcI+ZqY6Z0sBAfB4RrkDXKPh2qanasV2ILbK6GPKpUWiNpIYIbmPkdrpUSdpYCsNsuUgdpqzWez0KG4WUA8LVc0HsgxMzQpQrcmrFgXapVy2IYkioVIRG5mImN6pNctgGJmcfUhMbqYwY3qs1z8/G1OnG7sAWBbrlXZ5uLqb1YSLlvUSWeXjq3XZEcN7v1oeuY4T5KFE1qFipe+Zat5WNr9FW+zHGL1foO8fFV+o3f7iYekomJ8VYSZ11wlXoGXRwLxcOj0JoQxblypvhoXLWrGAD0LMJ4j4eGT8ehsGDBwStvgrGTNIQtfomZT8+Dh1czvRbS+qj/Hg45fTq+jZRXTtd+qvq2PR8wvmR38Kviz0dwdRUxwnvYoOSn6RkQ5LndGOYgHlD0jNh893HBz3PScqHNT7uEH73pLx5093CjwR6I1kL+gyEBSyGrePK/uYuOFP0Ay5RWXOuTGDln37fzpj+V0nwNRyUgzndD+Wpf/AN3zwbY4AlkwurJlw7FOOFXf2nC1rn7MM4woZmyuYXpkzwX+bZng6I5X0I+1BQNHLS+S5Zla56jrPHpdlfwvf7AS1jFwySUJNEDiVR1m2YYRsIwlQNa+11pEYlVdAmupnDcyRZKlVeZcTJtf2B/2j/HoV4p5VBC1/Vm4+O2v+z0NP3rn15v+vtp/t9DjsZv+r6v/xAA7EAACAAMEBwQKAQIHAAAAAAABAgADERIhMVAiMkBBUWBhEzBxgSAjM0JSYnKRobEEEIIUQ2NwkqCi/9oACAEBAAY/Av8ApQaKk+UXSmjVA849z7x7v3j2dfONKU325PuSg4mPWOT4Royh59xpoD4xcCnhHq2DxR1K+PJNX0F/MaK1PE99RlBHWKyTZPCKTFpyLoC7jFaWm4nYrLAERakX/LF/IVubcnDjFlRQbLXVfjFhxQ8gCbOHgu0WXHgYst5HPhOmj6RtVhvKCjZ52jjQH52ynvDAwVa4jOgg84CLgNt7ZBeMc6tHXbHbyBqnDOL9VbzkBprLeM4BOLX5CRuN4zZE65EJm9TmzzOFwyJkO8RQ7s1U/FfkbjzzVF4DI0biM0ReJyRG4HNJf1ZJ/dmkvxyQ+IzSX45J/dmiH5hkiD5s1VuIyOWvnmqdLsjb5bs1eX55EWOAgsd5zVDuNxyIje12bq2/A5DZGCXZv2Zwf95Az790VzeogNv37fYU6KfvOb9U4xXbaLrthnfYOfp2wu2Agu2/PLD+0H52osxoBHyDAZ7aBoRFlrpn72gsxoBFBdLGf1BoY7OcaNx47NacxwXcOQrL6SfqLSNUbGVTTeLTtU8iWkYgxScKdRFUYEd/e1W4CKDQXgOSKoxWKTVtdRGvZPWLu503Aj1al41rI4Dk3QYr4Rr18RF6KYvk/wDqPZN949ifvF0ofeLrK+UaU1v9n6AVi8WB1jSmNWNK9eOyUAqYrPJHQR6pwfGNNCM89WhPWKzWr0EUloF/rQioi1I/4xZdSDsNaWV4mNEVbj6GrZPERVPWCKG45vordxMVfTP4ig9OkxQYrJavQxR0I72tLA4mKtpt17jTQHrFZJtDhvijChzOiLWLU3Tb8d5Qisatk9I9XMB8Y9nXwi+Ww8vQuU/aLpTRfZWNNy0erQDvKTFr1i1L01/OYUEWp9w+GLKLQbFhGqPtGqNjrqtxEaYu45bRB5xXF+OVWWFRFuRePhyu2+in7iygoMttLov+4suKHKO0njwXMLL+RijYbjktAKkxbmXv+syKOKiOKbjkdlRUmLTXzP1mhVhUGKi+WchoLzFt75h/GbFWFQYqL0OByDtZmucOmcFHFQYob1OB27t5g+kZ0UaCjY7ZVtRcc8u1xhFDjtQRd8BFwGe9ug+rarTa7Z9QxT3ThtHaNqr++QCu/dBBxGzBFxMCWN3IPbqMdbZjPbwXkIo2BhkbEbIqDfARcByGJw3XHZDOPgORCjYGGQ4jYgoxMKg3cirOHgdiMw4LyM0vjFNhXibzyOaYNfsCJ15ID71OwPM4XckMnERQ9+vFr+SX6398FG+Ao3cky5nl3yDhfyUx+G/vnbgOSnXiO+duLciitbzT0LTGggOtaGHXg3er1v5BY8BWFelKiAldI4QJQvuqekSh/qCOyWWznfSFX4sIcHFWpEyXS5KQJrrjuEPMMsqReQYQAXMIJAFVxhplKndHsx3MsfKOQC7YCGnfyP8AMIu6RKY6No3DjDzn+lInfyH3tQRILXG2K/aJn0iJH1RMbcVBhppxc1iUbFvC6GH+HAtJ8cfx+Km+P5I3G6P48o78e6UdOQEQjQGkYWuqprSFmHFcIZpj/T0i0PZS7l6mJYVKgMGrWKiTb6iBOnCyF1VgpLl1qMawFVbRAwhVKVI92sKglmWDiTFlUtecVbWJqYDslkAce5HIiyU1pl0BBu9OX594vjyI833U0R3Evx7xPqHJiePp/wD/xAAtEAEAAQIEBAYCAwEBAQAAAAABEQAhMUFQUUBgYXEwgZGhscHh8BAg8dFwoP/aAAgBAQABPyH/AOKBn0eVfOK1Lx740UqWA6/Uwaw80bWbcnXpO0lFu7taUbid7n3oAQEf3Cjsar6x10AoG2DUhd0ckBQJ51i8qCke7PjdD5CamOttypBdrk8iw6wxeBUR+jYcE2WskqVmGax8qCoCJk8hQ5OVmoYGeAcKuPROfekSw9+QPWJvloOHxaMjEpAfYwTXpu6L88UzHuzGh7uYOSb65mS8N1BHF4NnlVF1IhNazq8WxQEQUHG5HO3c31qwub0GRxyCIkjUSs//AJ1iHhP4g0CyH7Max10f60GPiPftW2Rbu2dACDQYEM12dWmTk9TQgw4xTPjKHVd6ErQ4CwWHnqvQFNDi6N9P91Tponvondyev+apEejRDIdh/wCGOJw/ToiiO41TpH8miR736aoWZKPYB0OTYj6tV67EvLQ4uYA1VdeUH7+tCcSxLTYmZ1WVW55ToUOt2HbPVipYbPVNBnGterPV5Z9rQCtwWG7SImVb6ukEhLjQZLsdnj/y0tZNMss/dMgMjg8bf7I6Out4XfX44xL+hvWMPgNjbWxRkYSgBoD0b8UcYUq1JiT/AEtdOKRIlSTA/UcQZbFLV7bLG/V18kwMEoIFkZeGNo5kZtRBs8hMbP71IKvi4MuD7B3py74OROw0qjp/yvSut4h8c5POtqebqmPd5Im/OjVpI7DVuDsW0QlCbngjT39vUoNbtirCyejya5PdkVYrfSaJ7dJX4j8K/wALTlU8tu9ZmPal81l42GPim+P/AI9MgnIKhUdzH6URCd5AFWO2DhwhJyYBV+o4Y53o0vRLaat28W9dcSsHkPWseftnrXkwRf8AlaZMRqeXjq+mlwFknAtw/TW3ruIHj/KCQ3Kl08m+1SsHRs+lIgQxHV18Ltio3zf6UEAAZH941X3KLP7XnXmxZbxAlgu1e3lX2qILrYPSgj+8KY9RUx1kotYGImpyTbnIqB7Fk/7QBAQHhogDZKuY95x7UG/RDFfYsasnfnSjET+ccPanyPI+ayu9Wfirp0osUd5vn6+JChszFSMntqwtp4YBVwCotnKGL3qDAsg4JfEPl/BgsB8qAMAOCFYdOx71HLrA4Om4ZmawKhzrP60psBMRqckzMx2pIYTSoqX3eyjhTyNNJYd/LupE0tHBWC7UEXGP/Sgg0+GF8jEqDcrBwdFFuRAFEhGSZfnqQYUqW3b/ABdDOIVAFW7p+g1QS2KGr00WdujoIM1MAqJh+gasNQUI1egrsdHjyocLFn6x1jPIIr5zC46aLDO+daLvs5jvQXwPc34yy3zHagEBAa3IwGP36UiBAYTbisZdY7G9C3Aeuuy+i/fElW8sX6G2vAgSOJTMDOf1xFir9uvIDLLu9mhahIThi8lYKwbRd3d+QY6ws7t+GiAY/keQhkkYaxImOExK36UPkDByHGO/ocuEgPx/LyIPkjDWLmxwQj3YKwSzHIsRGP4eCi1Zt3eRhzoW75UilEJZ4GPp99yPIxk/vgNoW7tnRAQcjxqZrs/pwEwmCHd5IJPOKZMQYfHlDiL5Jjhg4+fjPiBQUWFAByTZHV/X3420Sl5clbgI8ZL0L6/5yV1BTxu0B6HIoTKjMbv9FMZxaCobldaw9/F83vdyCdtvwrLAmKWtrIqzopLsyosL95qEgGdgoFcj6MqJEEWbZVYJBdutY9mDu2pDuxIwmiLpGHSpSkT2VCBuKaACUlnAz8H9ercgYeh61e+CB0MCkY3u7s9r1bSvF0Mf3vTzp8xjb9ypJ8qDZlahl02E3n8U0ZeD1JpnFH5KjTwhb0+AQLDqUNYsD0X+KDGwD5CVaq8Hyl/nwj0AHICqJpd9iu3MOLlUkCTitQzVhIEQ37/8ojCLb7lTp3IrQ7U5ZZAt6GibEpwdx2yPKo7TF0S50cedMG9B5NE5UWstgsqYK4Cat3rC6/gmQ6lYB05Dz5HkM6wBTH97z4j2/wCeRHsh5v7PgY7r+PE/Ub8iAJgCWfA93+P7/wD/2gAIAQEAAAAQ/wD/AP8A/wD/AP8A/wD/AP8A/wD/AP8A/wD/AP8A/wD/AP8A/wD/AP8A/wD/AP8A/wD/AP8A/wD/AP8A/wD/AP8A/wD/AP8A/wD/AP8A/wD/AP8A/wD/AP8A/wD/AP8A/wD/AP8A/wD/AP8A/wD/AP8A/wD/AP8A/wD/AP8A/wD/AP8A/wD/AP8A/wD/AP8A/wD/AP8A/wD/AP8A/wD/AP8A/wD/AP8A/wD/AP8A/wD/AP8A/wD/AP8A/wD/AP8A/wD/AP8A/wD/AP8A/wD/AP8A/wD/AP8A/wD/AP8A/wD/AP8A/wD/AP8A/wD/AP8A/wD/AP8A/wD/AP8A/wD/AP8A/wD/AP8A/wD/AP8A/wD/AP8A/wD/AP8A/wD/AP8A/wD/AP8A/wAU/wD/AP8A/wD/AP8A/wD/AP8A9oF//wD/AP8A/wD/AP8A/wD/AMQAH/8A/wD/AP8A/wD/AP8A/wDAAAv/AP8A/wD/AP8A/wD/AP8AQAAD/wD/AP8A/wD/AP8A/wD+gAAC/wD/AP8A/wD/AP8A/wD9AAAAv/8A/wD/AP8A/wD/APoAAAAf/wD/AP8A/wD/AP8A8AAAAB//AP8A/wD/AP8A/wDwAAAAD/8A/wD/AP8A/wD/AOAAAAAH/wD/AP8A/wD/AP8A8AAAAB//AP8A/wD/AP8A/wDwAAAAB/8A/wD/AP8A/wD/AOAAAAAD/wD/AP8A/wD/AP8A4AAAAAf/AP8A/wD/AP8A/wCAAAAAB/8A/wD/AP8A/wD/AKAAAAAB/wD/AP8A/wD/AP8AgAAAAAf/AP8A/wD/AP8A/wCAAAAAB/8A/wD/AP8A/wD/AIAAAAAD/wD/AP8A/wD/AP8A4AAAAAP/AP8A/wD/AP8A/wCgAAAAA/8A/wD/AP8A/wD/AOAAAAAH/wD/AP8A/wD/AP8AwAAAAAP/AP8A/wD/AP8A/wDgAAAAB/8A/wD/AP8A/wD/ANAAAAAP/wD/AP8A/wD/AP8A4AAAAA//AP8A/wD/AP8A/wD4AAAAH/8A/wD/AP8A/wD/APAAAAAv/wD/AP8A/wD/AP8A/AAAAF//AP8A/wD/AP8A/wD4AAAAf/8A/wD/AP8A/wD/AP4AAAD/AP8A/wD/AP8A/wD/AP7AAAH/AP8A/wD/AP8A/wD/AP8A4AAL/wD/AP8A/wD/AP8A/wD/APgAB/8A/wD/AP8A/wD/AP8A/wD6AA//AP8A/wD/AP8A/wD/AP8A/tx//wD/AP8A/wD/AP8A/wD/AP8A/wD/AP8A/wD/AP8A/wD/AP8A/P8A/wD6v/8A/wD/AP8A/wD/APwv/wD+b/8A/wD/AP8A/wD/AOAL/wCIH/8A/wD/AP8A/wD/AMAHtIAG/wD/AP8A/wD/AP4AABwAAH//AP8A/wD/APoAAAAAAF//AP8A/wD/APQAAAAAAC//AP8A/wD/ANgAAAAAAA//AP8A/wD/ANAAAAAAAAv/AP8A/wD/AIAAAAAAAAf/AP8A/wD+gAAAAAAAAP8A/wD/AP0AAAAAAAAB/wD/AP8A/wAAAAAAAAAA/wD/AP8A/AAAAAAAAAA//wD/APQAAAAAAAAAP/8A/wDoAAAAAAAAAA//AP8A4AAAAAAAAAAP/wD/APAAAAAAAAAAB/8A/wDAAAAAAAAAAAP/AP8AoAAAAAAAAAAH/wD/AMAAAAAAAAAABf8A/wBAAAAAAAAAAAH/AP8AAAAAAAAAAAAD/wD/AAAAAAAAAAAAAP8A/gAAAAAAAAAAAP8A/gAAAAAAAAAAAH/+AAAAAAAAAAAA/wD/AAAAAAAAAAAAAH/8AAAAAAAAAAAA/wD8AAAAAAAAAAAAP/4AAAAAAAAAAAH/AP4AAAAAAAAAAfBf/gAAAAAAAAACsi/6AAAAAAAAAAFPJ/4AAAAAAAAAAGA//AAAAAAAAAAAQD/4AAAAAAAAAAAAf//EAC0QAQABAgQFBAMAAwEBAQAAAAERACExQVFhUHGBkaFAYLHBMNHwECDh8XCg/9oACAEBAAE/EP8A8UEYb3vgUJIhwYjylHz/AALCah3jtL9Ud2QHyFESof3XmhmHMVaHUmgpBRiJf2aCsF3IKjVPCVjUEl6FBmbhdKWV8UKkjI+5Q4YCwEB/u+BpFl+al03NY7MnaKBJcF/5vcpppCpPJweZ7IRYBVYAJVqbN4hM8jJzY5UICcR7GR0iiD8qNWxAPNSkbivJxPNTyUxBPISz7FtnsRU62bsXoQAZcMHZgfPosQ+0of8AtEOxapHNnyb7tLWBCCImSOD7CLt3cDf2N8/NC8mBQHpThBLDsGZvWB4bMGo5j/Rx8Mi9TkrgB2F7h30ogggMoI9NzpnaCRXdT9Z0XJG4HdDrqZceA2MQTqM+DrpRB6kVWo8kn6q7SJIdENvhtxx5A2SLFluGfbWiEAAFgwj1bVQixYtHZp0Msi4mPGprAUxyE3X4N0oR5Qcs+bj600mRCMH5Hxy41EwxJj+Au7u3rjbARHM0pWAueQL8MOUcYntozllHyPgaLEHrzu27BdjHqPioS3FzGRHKQg4O3zwDKK06m4AmQ5MnbiyGCiXoL+AnWhZAAAG3Ab0wpGOE9mHixHbGzqpeoAdeBY3SdpIn4aGSGBojD8cVmQBy1vB4DgYlAMQWsl8zxQJYMcqMQxo5EPAzIGGbup+OKMzJfcQUEcDnhkyuwmmfE8w7/mfrgg6p+8n3xTOYQ+HgkHJwO/FJaSIu8nBBwVidJfrikrMDnlCaMOBhmE8cl++KNJISEdIoU3DXmTwMh3Huag+OKmhZV1iHiHrwMGEgehL5U4qa9ddTby8uBBCEs5Bj8VNZIeqv3xWyBtHAl5MNY8BtmGKb5l2I68WSMkjqZUR4mXtIXrj14CUhQkNnGvg6cXKHSCTYGHKSTnHAGEIJWbgffIpLSSllVZXvxdwCwDCIyJU2wKNk/uz19dNmhuxEYbNi7xgddeMmVLmmvaGo+JocIUg2TL1ooGNhxOD0fPKryqqzdcXjQpBJZWWt+O2lG3q4CQWDdZBu0/UpYbFgNg+3PjZNyBEYRMEaPnqUH3NTr6qTQALBV1iwjjuNXxhx01REIRM6OmW5gEz3anqBQpKIArH+B7LP4DLnx9SQihETBIq0oY9th0fDQjh6UaWEF10DNpos6TZDd1fBl7CBjuAVtbOZs9yg7piDDsTEdvRTE3CkzLaBl9xi7HVKXgrEthoGAbHsQMZ5qyaJgmyUHszqueI5knKhLOWEn5utCFDM7mR1oSQ94PJyIK/n2PrlVYnmYJzmji1xL4sHxRIoWjn3bPegrVggj1Pwv0egi5GLQ2SH7O/ipaLrzh2WZe9YrN1uuvsx+i3Q9BokhLKQ6kPmrNv6+xoIhl2PuhmFyShFw7k+qXOxLPwFRwJwVXknijkWsYH4FJSpVbqyvN/+PCFVAhV2C9OLfFXsEveKSgyw9ARXvWM2YOq0nR2ek+kcgAAVVyAu0kES4DmEfHeodDI5chJnqFKgkwXnyEnmo43AZDdWeat2loIXiXOorvQKiJIu3HNxf8iqWASJuUKIWK9nmYcnvWOAaM89zc9CWWmJ2TZj0W3qVzpB5XLQ2KMP8MhEIRJmrivsl3wNW8DT3Vj0WnJhAER3HDi5qaS9h5ObsTR8s9EDlm60UCkAAHT/AHSZQKdhxKjCGMsJsAh6hzqYJmzcckt2fyMQqMQEq6BUKFcZV0xPUOdMIBk2O2DvNAIAAwD/AH0PgCOUl6Hie+GOTg+OTSgdhYTmN+Jzn4liA1XA+aBQBcjCcvtbajJgQAQHL8bwqXAjzKnFLRO6TxT6DySu5I9ip5mTOU6TNKKsxgeYpNnDUT/ASwSu1WOdwEfgpm7HBU94FRS2Y33YPzUOvzE+58lXMhaBK6r+fyMEgQFuUl+lTVBeA7hn07UilCI3Eh4ecQwAVdADGhWFCiOcyNi/KhJOtCP/AH0KSJbe1eUYNTOK8n6rw2E+q8OAFB6E2yS2IZQz5471NspF7ynJ2b8NevQkZDdXXYvQkRizubDI878KPX8CESgzDul/uG3zSIgRhEhHR4VEC0S0ddgb9taHHsAR/PDTygzE/hvjWKvMSzeyOjknByAKIAErsGdGTGxeBonN276UEAAGAcPfrgTZLs6amdL5CtH/AIu3BS1AAlVwApIyuh2Nd2XmjDiJ8nhEw3HJ3qPZPAw00H54GKgAkquVCyFuxJ/S7URkcTJCkAs1h3Q91v8AA58+AoBEASq4BvQsAXcQ6N9XpxZKaALJS0MBV/sGTn68KwSq2Axoj3GMWv28Ya8YLSCEPJo00mQsODR0TM65+uJ2syDF1jlp30ow4zastzNkOVSAzZCyYDb+y9Y0iGJdYPy7c6KmAABARtxtzdlg7k6OWjfWm/zQIUMIms+qLKwlFgxWwfqhuBE5rNd3jsNIJABiZdOD0cms/UBm0q6FBBYzMvjH2f8AnHivDhCRG0U1Zv7ScW5hyv6iflmg84Nwx7ewFuBexg4dHCkbMMxEYR5embkKG7m7BflXfnBmLm+wbYThBhk6i3Q19Niq4jIwD47+wpNy7G/MoAkkmLJiJskPX0k6cEWJhivQvUQBS2LewxwLITFN3Rt1PSHe2/TIbjm26PsScwpOjagGhKdTJNkh6+ikqFLdY+6DgCljGMXq39ihb42jMuu0nb0V0iE41g6hPsZfBiehuu5TkkQJCQxHobMg7k3B0IPY4RIRFhLIO4vX0CwEjdpv4DRCAAEGnse9cCXSezL0GGAbpmS9g8+yBNIndJGPMNA9EI0Rh/PDKLAasHgPZJFoJZtmfM/muWFLdYPmgyg65EeyYAMRMaX/ADEyAomLWKeQ9lEQSH7w+F/NJZIReb9eygqE2joxUQokJj+WdcSDsH7fYoCCNRjAWXC3+hKYsgsSxlUwAoCDZTJdK0+K5CjxH5Z/F03VR4PYLVUopyB/VEYrhYkmFE+GQWUMfuo3om2BbqWhASqdCT4KOMJtb3P/AJiUXKKFvBeaGejUIyTmgK6jV9EhxQFe0fNCGGArKqydr1FsoKEQXO36tRB7ojOD8NELSTOTC9pelLyciDNQPtp/csISGTZ/BhW1aPNk+X2AtWKgxWQbrQQmdGEkmaN+l3OrusBUBkDtKW8FTeCaXUl4aRibRYm0NUtu6iY4UMnymKQdhMTGJf8AVJYiDoofmlDDlgD4Cjxh/wAigd5pAPlgAJgZhi/zS2VyuMyIvhU37ceYJl3RSHXqKCOrQkIcXIh5dvwhNtbUZeB3Qj2BOVBRZFurLO1GLGQwCIlsS2zqIeQYE5xrRlctEdlWsA5ZrtFbeDwA8DL/ANqz8S64klfC81hQkEhjCN+09KSyoGTLm/2Rar9/mOJElt80OM8J5o4ZtKDCVIi0hwnD90G8rioZQjnvNSS8UGJEZm3modWFC67nKamp9HzTdts+Pw73F3aMaQew1oRfu6/sprAnoddXmt+v+/WIns/kMg4I96GFvYccMnWIlYv8zPwANMH86e0EM3YIIlc/wf1tX+//2Q==',1,1,4,4,4),(9,'RD320','Degradable',808.000,'2021-01-04',113.00,'Polythene roll',NULL,1,1,7,3,1),(10,'RA200','Adfg',2780.000,'2023-07-09',1221.00,'Asdf',_binary 'data:image/jpeg;base64,/9j/4AAQSkZJRgABAQEBLAEsAAD/4QBuRXhpZgAASUkqAAgAAAACAA4BAgAyAAAAJgAAAJiCAgAOAAAAWAAAAAAAAABwcm9kdWN0aW9uIG9mIGJsdWUgaG91c2Vob2xkICBnYXJiYWdlIHBsYXN0aWMgYmFnc0FsZXhhbmRyVmVkbWVk/+EFcWh0dHA6Ly9ucy5hZG9iZS5jb20veGFwLzEuMC8APD94cGFja2V0IGJlZ2luPSLvu78iIGlkPSJXNU0wTXBDZWhpSHpyZVN6TlRjemtjOWQiPz4KPHg6eG1wbWV0YSB4bWxuczp4PSJhZG9iZTpuczptZXRhLyI+Cgk8cmRmOlJERiB4bWxuczpyZGY9Imh0dHA6Ly93d3cudzMub3JnLzE5OTkvMDIvMjItcmRmLXN5bnRheC1ucyMiPgoJCTxyZGY6RGVzY3JpcHRpb24gcmRmOmFib3V0PSIiIHhtbG5zOnBob3Rvc2hvcD0iaHR0cDovL25zLmFkb2JlLmNvbS9waG90b3Nob3AvMS4wLyIgeG1sbnM6SXB0YzR4bXBDb3JlPSJodHRwOi8vaXB0Yy5vcmcvc3RkL0lwdGM0eG1wQ29yZS8xLjAveG1sbnMvIiAgIHhtbG5zOkdldHR5SW1hZ2VzR0lGVD0iaHR0cDovL3htcC5nZXR0eWltYWdlcy5jb20vZ2lmdC8xLjAvIiB4bWxuczpkYz0iaHR0cDovL3B1cmwub3JnL2RjL2VsZW1lbnRzLzEuMS8iIHhtbG5zOnBsdXM9Imh0dHA6Ly9ucy51c2VwbHVzLm9yZy9sZGYveG1wLzEuMC8iICB4bWxuczppcHRjRXh0PSJodHRwOi8vaXB0Yy5vcmcvc3RkL0lwdGM0eG1wRXh0LzIwMDgtMDItMjkvIiB4bWxuczp4bXBSaWdodHM9Imh0dHA6Ly9ucy5hZG9iZS5jb20veGFwLzEuMC9yaWdodHMvIiBkYzpSaWdodHM9IkFsZXhhbmRyVmVkbWVkIiBwaG90b3Nob3A6Q3JlZGl0PSJHZXR0eSBJbWFnZXMvaVN0b2NrcGhvdG8iIEdldHR5SW1hZ2VzR0lGVDpBc3NldElEPSI0Njg1NTA3OTYiIHhtcFJpZ2h0czpXZWJTdGF0ZW1lbnQ9Imh0dHBzOi8vd3d3LmlzdG9ja3Bob3RvLmNvbS9sZWdhbC9saWNlbnNlLWFncmVlbWVudD91dG1fbWVkaXVtPW9yZ2FuaWMmYW1wO3V0bV9zb3VyY2U9Z29vZ2xlJmFtcDt1dG1fY2FtcGFpZ249aXB0Y3VybCIgPgo8ZGM6Y3JlYXRvcj48cmRmOlNlcT48cmRmOmxpPkFsZXhhbmRyVmVkbWVkPC9yZGY6bGk+PC9yZGY6U2VxPjwvZGM6Y3JlYXRvcj48ZGM6ZGVzY3JpcHRpb24+PHJkZjpBbHQ+PHJkZjpsaSB4bWw6bGFuZz0ieC1kZWZhdWx0Ij5wcm9kdWN0aW9uIG9mIGJsdWUgaG91c2Vob2xkICBnYXJiYWdlIHBsYXN0aWMgYmFnczwvcmRmOmxpPjwvcmRmOkFsdD48L2RjOmRlc2NyaXB0aW9uPgo8cGx1czpMaWNlbnNvcj48cmRmOlNlcT48cmRmOmxpIHJkZjpwYXJzZVR5cGU9J1Jlc291cmNlJz48cGx1czpMaWNlbnNvclVSTD5odHRwczovL3d3dy5pc3RvY2twaG90by5jb20vcGhvdG8vbGljZW5zZS1nbTQ2ODU1MDc5Ni0/dXRtX21lZGl1bT1vcmdhbmljJmFtcDt1dG1fc291cmNlPWdvb2dsZSZhbXA7dXRtX2NhbXBhaWduPWlwdGN1cmw8L3BsdXM6TGljZW5zb3JVUkw+PC9yZGY6bGk+PC9yZGY6U2VxPjwvcGx1czpMaWNlbnNvcj4KCQk8L3JkZjpEZXNjcmlwdGlvbj4KCTwvcmRmOlJERj4KPC94OnhtcG1ldGE+Cjw/eHBhY2tldCBlbmQ9InciPz4K/+0AllBob3Rvc2hvcCAzLjAAOEJJTQQEAAAAAAB6HAJQAA5BbGV4YW5kclZlZG1lZBwCeAAycHJvZHVjdGlvbiBvZiBibHVlIGhvdXNlaG9sZCAgZ2FyYmFnZSBwbGFzdGljIGJhZ3McAnQADkFsZXhhbmRyVmVkbWVkHAJuABhHZXR0eSBJbWFnZXMvaVN0b2NrcGhvdG//2wBDAAoHBwgHBgoICAgLCgoLDhgQDg0NDh0VFhEYIx8lJCIfIiEmKzcvJik0KSEiMEExNDk7Pj4+JS5ESUM8SDc9Pjv/2wBDAQoLCw4NDhwQEBw7KCIoOzs7Ozs7Ozs7Ozs7Ozs7Ozs7Ozs7Ozs7Ozs7Ozs7Ozs7Ozs7Ozs7Ozs7Ozs7Ozs7Ozv/wgARCAGaAmQDAREAAhEBAxEB/8QAGwAAAgMBAQEAAAAAAAAAAAAAAAECAwQFBgf/xAAaAQEBAQEBAQEAAAAAAAAAAAAAAQIDBAUG/9oADAMBAAIQAxAAAAHvlhpJgADAAAAGACAYgAAKY8bnVkoBCzNWvN1kiKIrVmgikDOuntx6nTnYREoSASRIGPl1yc9lWJavJMGpRc7JqyLi5bS2OnZ3ajGaWiXo7yxCMIzQTAAGAAAAAwAAEAABnjxWdaJbIprLqaJd0TIoFa1FxeRJazq7cdOpFBQaIQwMGN4+PWSzi5ZDSysus3Z1jzpazi1nedA2DrpijnxJrdrLADmkjUSAAGAAAAAAMQxAAAZ48hjdpKWmyizdLeRQILURLzVc39+N+8EooSSIqRIhm8/j1hndkSVJsq+zTZIdeV49nc6dTraxlMdZjZZ6eUKYnUwADmkjSTABgAAAAMBDABAAAcjN4ONWLKoJI0EARLSRLdZ6Pbjf05k04YwqIDCWONwlz89mborTZoskSqJWSjkcu1+s0bxzrK9ZdmiXpy9yUAAAAOcSNBMBiGAAADEMQxDAQAByM3iY1asiVjICAoHqbe/n19Ocs7YyQCABRHGyalE1nm6SVBArESGWnK4dsm8czWbt56UuiLDXWwAAAADnFhcTABgAAADEMQxAMAEBy83kY3IB2MrGZrNPfhr7cZZ1KWSyJAgoEUcuqzrRqaIuViIERDArKiAFWNedzu2zvbxtsQktrfKAAAAHOLC4mMAAAAAGIYAAgGIAOTnXLxpjBHUC3twu78LJomkiqRIYyUpz2+fTUW0JSUqEiQFRURIisLCpRRjdSarNdIpK672awAAADnkjQSGAAAAADIxKkMAEAxAcbGufnTQHU+vG30ee+alncbIkbFYQydWGvh3tzYGYoGSqREqVDEkbFYVAriiWgqLDslZErM9ms62dWyzJFgwOeTLSwBgAAADAiSAAAQAAHKzrl407J9uN/fz6JqedoiKyNkUmWkrKenCqW/x++omFQM5QMdk7JWSsiVFFlBVEV0TWmLiYhVEjFBiHEqsSyrpdcumXVLaWExgIYAAAMQDAAAQABzs3jb56vT59WdXY6RsQhWWxIhvlj7efH18+fpxjZr8/s2/P+tSZiuoWLWK+nGHXi7J46rOqUruSrZu3OtGdX50y2WIljFVlCU2U2RoQVSkpClS+3xuRoJAAAAAAwIjGAAIAAo1nndvPJbsdFZEslsiG+dHTjh7ebH14VawrRAFnjpHze459Y3NfTlHpyr1iKwxszp3M7LZq3PSc0pYWEW46zzoirWKOnOnfINOOuvn21c+nJ1miFKpZSuVys9moahgAAAAAwEAwABAZtYw9uBV3PqyyJGfrxx9fPh7eejfKNgAgtJAKWN58dlZG1SxUJ3M2bM2eehnpGyNzG5hcwzUslNZlcyJTVnPtby72Y3oxu/Ooy88zZ3QsBpYyWe5WJpGAhgADEMAEMAImTfPD24SXZy6zWvXPH14YO3nydOENZKARKAAAMLKs9M2OwT1meszuZ3IlXDuToXK3iEsZqKhbczuHnUsdJc+r59lKpdWdbc66Gd+fzeZ15UpLl6mojSaWM/QazlwwAAAAAYhiARk3zydeM7Ls7p1zw9vPh68arzhqIYDsAAAAACmkJqN1K5YAAFOOjsdNKcdJ3M7mcS8nvMdIkdc7s66fPr0OfXbm32gGCPE209eEMdJY7g2Wkq+kMoiAAAAADEMQELnF245uvCq5w9fPm3zhcqglEaFEYUAgoNAKIdgJY2gAMKUOgBQSgIc+lfHs+nGdxYz1PF9T0HD1ygqSgCTiy+S0XXzQ5elZ6iNJHv7jUMREAAAABAQKrnjdvHzPf4HFdyCtJCgcqoAEKYANAApggJY2lADAIdgApQAklmTmZEalLt83u9L4vpxidNQQI18ZLyd5jvjXx9jSSM91cM2FggACIiBWZyiKqo1yydfFk+h4yBBQAAEVrBAdCMAAKAAaJY6oMAGiVoAEAATxmTLUhLp59/T/ADfsrNt0agkBr5rN83rT3xrSHP0yZZ7i4uEaiZIRnM5niorI1UVENcZdPHj+j4jOnEbktEAGKgYBQAAjCgaAxEdaAABoAABAAFuMNESmoWaOfbu+H6uvj3ttYEUY185hu3PGNnThXnpDHVp6iZ2V07KTTE6xpxpYECBFQVkyW+DvlwfT8Lxuyar1zjYwABUAAUwGgAUDQGKo3QA0AAAGKGgMnjLREpqCWTfW8n0ez5PdO0AijA481la40uHeNOuL598a+kmWbLOjV5xUoMktaxJFiTq1N659cMs8/O+r8+zHWzO6t8oawAIYrQEYUDQAKAGgMKhawAYCAYIpWgMnjDAc1FLJvRy9He+d9drlmsi4Jq2zDLt1nq3nrufPTeaXsazxcdOizAtNNdexpA5dYYlUrnKa5dK0mO8JTz876vgsx1lnUNcxqGsRuQYqBhQCMACgYIwCo2gDABDBGRlaA4txhUCJTTmrM7z/ADvudHn16VxvufGp2rOTmqqM6gNLM9Oh159SUilaYtTs6SARSjJKAM5tzzL58XTxZ/ocLMatz0jrNeuasAAVAwoAaABQNAYBZG6BgCJXYQAEAEsy3MjYCJTUUsz0v8n0dXn9XZmrl8czjUio9TWo2LyuU5PH06vb5utnUwjMdGrAAAAAADk683E6eLJ9Dz3Y3ZnpDWKd8RQAFQMKAGgAUDQGAWRugYAiVoAAQATzLMyNjlVhKic3fw9fc8P09pgOJc9GrcvMnum5KGXOOBxV+id50sLiswxoLCypkxgAAcu+fna8/L+l47cblNRuaenBKAAUAFADQGKgaAwHZC6YIKIKIAAQATxm3NhciiJWt/Pvdnp6X5/1pLxZPOaz6s6M345z9g3JQRxJ5uXrHoZ7Li0rOVEZRBWgs0tqRIsMd8+Dp5uZ9LxauXZzUNYo6cBQACgACgaAxUDQGCOoXTQAYlEACAALMZcgChElLZnoz0Hi+rv4+lHKZus6E34yY9ZaSi44x3jzHm9HffaXFRyojAMBqAAhlV81PXy8z6Xj1cu0pqrXOnpyAAApDAKBoDFQMEYDshdNABiUQAIAAs55kOWNgiUAnnfX8v0Ox5PfBccZrMUefs0zV8IkWaxbny9/fttLik5mUVSMagAACSvXmo35uZ9Px6+XeUtW+dO+TEAIWoYBQNAYqBgjAdkboQAAUQGKABpbys5W1XeUbBUSmpTVmOtnzPtGdV1BMVyzVLIYwNm/N1HpuLSBzIqlQwRgoACSrXmo15ud9Tx6+XocU75Vb5uFQAUhgFA0BioAaMAsV0IAAlaAxQASku5bkBC5jcoROaJZzpZ4Pqy8/pRUc+5nZulFAAt3y7bpcWgRIREiQIkCsSxRS0a8ufXm5/1PFq5eiUufpwhrLhUAhahgFCMBioAaMAsVoAAJWgMUAEpL+WmrmoXELhUhzQWZ6T8/ts8H00VJzbmdnQlFAADv7l5YMAABiABAI5Lzc7flw/T8ejl3nNZ+nCGssQDFSGAUDQAKAGgMLFdCAAoCADhASzLudlNgLXrlFFQrlsz0lnpP5n2nnVScu5ss6OdFAAB39y8sABgAAAAAHHebm9PLg+l5NXPrPO83Tzx1AAAVAwCgEYBQAwRhSoAAVDQCGICWJfjUp0SBG5hcJI2zlJbM9J+D60uHorOPrNydKaAAQJ39tJMAGAAAAACOQ83N6+XD9HyaeXWc1l6+dUCAdIFaAUAA0KAAaA6VoCAKhghDEBLEvxuU2QKrmFxC5jUs1VZnpZ5feeL6FdY7hm+aYkSgHe3NJMAGAAAAACOQ83M6+XD9Hya+Xac1k6+ZUgUQoUGiCmAAhTABoDFqgAAgGEgAyXPNuek87bSREbiFxGwWUss9LMdbPm/YgvNuZp0JQQhKHe3NJMAGAAAAACOO83L7+TH7/Ls5dpTWTr5o0KAhQoCAUwAACxgNAZHVAGIAGEgARbiSlsx2lNJIkRNPOtXHvPO8vo8i1mfg+ouXfm3M06EoIQgXvbmkmIYwAQwAAEceebk+nx5fd5tfLtKaydfMrQQwpDAELRAYAAWMBoyOqAAAKBSJZ1Zz6zzu7n0lz7SJzU822auzqcsZrlY1QvT3yw+75j4eo8/qy2WLsl0y54zyxA725qGAwGIBgAAI4883I9Xjze3zauXaS5ennVoIYUhgCFogMAABowsJVnq5p51bjd+Ol2N353fjdud2SzllKKkkQI1AiBbLxZdyU2dK5rsrsiKatzeeutMmdZyuO/trAYAAAAAMQHGnm5Pq8eb2+bVy6tc3ThG1iGAqYIwAaAxUDRgBPO9/j+l0OHovzsiBWVkAEBECsBDAZZXTlwS1nG1PVsBEBRFROdnejWZ2TLZvSMBgAAAAAAcV5eT6vHn9nn08us2svTzqmA0ZGmNASgwEAUDBAnjrt+V9opCAAASqHQKWIiII6RYbY5Oduzqps1iRIsIxEiZc7t1lWRNc3pGADAAAQgQFXJvm4/o8dHs8+jn0nNZunBWtAARWgwAQACoKAAB51o+T9wEIiIQgJEh2ThKWRh2AwslZ1MbjnUU4VIdlla02y8uXTZvJEjat4DAYEEpsgApaarisy68uH0+Sr18SZmQtQCogFaAAlAAQSgqBhCLPD9Czz+qSSWSAiNi1kscoIQpY6yhEESyHLfnVNmiyNRRI11zXSxqNzV0wLXZ3OPa4YABE4MQiAiJGogQ6eXP6PJL0SnXOaVtISgAIFByCuVyyWUrlUsZURhChLZy6pY2QuY2K5Rbz66eXYsNZLlXJYtZEVkRKkWsiFjASRWGOkpqAhxLHWWenvOfW4YABA8ZEFAAhaBD1zXXxV+vi9ZlnUled2Z0pYygQKpRUIUMRGxykNSVSRuDtiaRuVcKwHY0aAUDAAAJAAVAAQwRzT8n09GbKVqSsJfUaXAgNUM4KctbS8si0vM5kVZR1I7w0nnc5bxazG5q3nVNc7NhSSEtK44UQ1OnNUZoX0oi5ZL5p+7jdrOvnqjpyVgiVo0nNQuWNAAACUqsCMAKhhEmr/H9PTy7goAoj0O1o0AVgAAAAAjDGQ8/GYv3NFz3s71azOLZqoxnmosOYV2RLYtVpsXqZswAR57XhPXwu78utx70dOULivXIGspbc9q9coXDic3G5jcpZSzz0VzGyKRAUrAlNW8Pbo8nuAChBfRaWDBAFCBSKJUyQwMkZjhFMu6jeHZ1CwpiuXDNYokcyzECb1zS7bNku/OojSKpMOvNm6+a728Onz3IhrNO+CRytZ52VVrkyedRsVkSUOblNRuVZBmWoU4c01sx2fzvrWKQBYL6PSYDBBYnPjOEFMBjIwVmKi0REsCzQBTWUrjgmVOpm6tOTGuurmdHLbDSy2/F5++fnteSr6nk1S9Hl6MvTlXede+THNTzuc3T08ySc6OWNxG5FnnpKbCNzXrnFASylFszuvxfT08fQ4LAUek3ZgAwKjmxWMAABgAAMAADTm6tSdkSJzo80daXsbnAzVZ05Ozmad7AAr5ON8lxf1PxI952PN68fTjC4q3xSTm5TU89Kennjcylc0WQZVSzqc6JUzDWIoKhgSzqzz+63x+8AQHpNWQDAZA50UAMAAYAAAAwEbM3fuWgRIiSa5jgS6dZ3Rui20AAMH5b08L9N8XnfZ8XV8/pjZVrFO+CRrKanncNYr1zZKaSKxBK1JpMqkiUAcqSee2j5n2WCgHpNGMAACBRESJEiREIQgAYABvl16loAIDIciOadLU6Mb8p6oAAZPk9PPe/5vP8AufPvzvocfRj6cK98o3ApEpuUte+SVoAJQIFBCASg0CU1u8H1tPLuhAdm1gMQwAAAAAQiJjjOIYDEdKXVqWAAjmxgqJkzrbvHRjTlfQFohLUz498+r6PlOs6nD05OnCFxDWAAJTUblDABAoEIAEoADQXp+f3dXze0ERXVjcgAAABgAAAwAoMsIiICJ0V03NihE5hiBGu4w2a8MHBfhT0izrndN7rznlj7eLL6vLX7ee7nXLXrNWuQAK5RFQCAlACABAoADHGnHp9X4fpoAKc7kMAABEgAAABgAAIQiI5b7LBGI5pWSrrJM5C9DKzytfoVcsZ868M+t73r8i+uI48H0+Ov6Xnvw38u+XfOnfAACU01hcAxAIAVwCoCEBOaVl+O3pPH9J8+vJxZn//EAC8QAAIBAgUCBwACAwEAAwAAAAABAgMRBBASEzEgIQUUIjAyQEEjQhUzUDQkQ0T/2gAIAQEAAQUCyjx9ap/r1d1LK9hzOXCIl0NkM3lToSkQpxpl8r53zlKMSVdjlcsKLFcxFLS2ri9LT7IQhMiYanJVh9k20OdSFXNXt/Ujx9avHVS094rKeUURXQ3lDNQlMp0IxL9N821FTxJ3ZpIxLZWHh3UjDwyN5xw+FHjKjNuNc0tOGEryIYOCLQpFKtCVbKdVtqMpPqjx9avLRSFlMRCPQ3nAUXIjTSy56L9DmkVbzkolso8qjJioxFGxoHaMa3d94wpOkjdhEeJJ4mTNwwTk8Vk6fdR09SF9fHTtHNxuRp26G84U5TIU1H2uyH3LEuVFyFh5CowQomk7I1msXqp1cO5zq4S9SapUhzY2KEpCw8jCUoQreyhfXxy9CRbobybsNiTkQopdHPU2kar5LuaRUkaWWRc1mo7s0HpRCabxNVpVK7r09cynT1uNOMTQxU0UlaXsxP362M+HX3k40RK3s8DqMVOQoCpM20elGs1l2WZZGpIdQcy4nZ4mDmWaeurIoU9MTsailfc9mHK+vjOtQFGxb2lSuRo2NEEOcYjrm42d2aT0o1jmai+V807E1h5ilRpFC80aoodQVdU5p3XsLmPH1sZ8ujSKIo+zpZGij0RHWSJVx1JMUJyNEUa4RHWuazUXLl89SQ6qHXHWbHKTKdJ1HrtHUy42iq/RhMfGnBYyjM3jdibkDnoQufrYxZ6RRbFTS61TkxUT+OI8TBEcTqm6zZeUjbZ/FEeISJV2zcZqLmovk5JDrRHiB17muRyRozYsOKlBZXzZOMpR2hKnE1sWIrRPOVCONRHG0xYyGUBfXxn+tQkyMCNNI46O7FRkbcEOvSgSxhLETkOTeVDTfdhEliGOq2XeWpG4bhuG8jzDHXbNcjkUBUxQgi6FLovYdWCHiEOtMcm+m5fK+SFx9WpWjAlOdVxppZXy0TZtWHKjAljIonjJyHUlLqvaOo1I3DWXZdGo1HcsxU2bYoRLpGo1msUzUjfjEeKHWqM7sSbI0ZsWFiKjT01Y6JZXLNmktFF19edeMSVWpUI0jg7s2ZDVKI8VTgTx0iWInI1N+zJ2jd5akanlY0M2zTEvY1Go1Fy5cueosaTSaSyExMjMTJqDJSw0R1YDqMu30Wt9NtIniEh1ZzI0u6pyNuKHWo0yePsTxdSQ5yfu1OCxoZoNKzuXz1FzuWFB2sWLGksXijURw2ImQ8NqMjgKaMU6tGq/Wutq442+g2kTrlqlQWHL0KZLGxRPGTZKtKRqf0JK5pXsWZpLJCgzQaVl3OxqibhClWqlPwxsjgKECnCEVnisLHE05xcJS7pd+m+dvebZOUUb8FGWLZKu2ObfR+e++v8AM3xm20epmg0CiUfTKHDErdPiGE3YjQ+mNX3tcUSr2U60mObbv/H1fnvv230WuWFkim+64b6VweI0VSrotZ8PNq5GbiRtbrckOqOsOqamyT7fn7+fWfvrNi5iU5aqb6/E+9SScWu5bojO5bUeqm4zTS7rJ1ESrodYdRmo1DmOoJtuXH7/AFX1n7f7ms3wJ2qYR/xvofGXiMW6tTBwxGHnCVKfyVr5qVinV79pJw0uHwuVq0FByHIcxzNRcsaGzb0k8v6W+s/b/clys1wf0w0/5eh8F7GIxVFKl4rRjTxVZYuquxoZWw+mNs6dSxrUox+OIpYic44KteWpS75aWxUmelELSnsMrRtG14/i+P1n7yFxkuf2PFKVoutG3mKSVTxDDwX+Vp2q+JVqpCn4jONTD4jXLwuntYXC0Y0oQpxnj8PGnVhKMZKEbVcJKnOUbZIg+8fjY24sr0LG2jRHKqyGGSFtwKlfu56hysOwvicm3Iat9N+3+ZfnQyPyp/Py9WoUvC6bI+H4aIoRSxc40MbS8SoOnXxbqVXjqriq9RLdqXvOTlTdsNV0nA4DpDVil3kuM3Sps2qZoiaImiJoiV8P3qRioS4/EfmqSX3vzP8APzP+o+051towuJqTL1Msfh2qtKlqW3aUo96Hh1JQhg6MZKEUYumozqUblLGR0EOZwTIx0Tg04+1jl/Httsifj+/+ZrrfEYqqQwkIMxNedJVNVcwmHio1cHFkoONdfHLEQ10lLS5UE2Q5JrtuOElijzEDepmuL68aU++KmrTgfkuP+H+n5morTB2E7o8TVR0FUnEwPegYj/2LjPE0UamsoZS4lz065iqzQsRM8yxYqJiaimUv9hAZL7/7n+9KNbE3fBv+LLF4FYgwtGVCJiX/APNjUi4qrBt1qaJYyCdTEKo5ckcp8S59qfEMoDJff/c/0sfnTg6lpuSQ6tNE8bTTnje1TxSWl1JTlCpO2pnqO5C6loeUcp8Pn2qnxXxIcMl/wlyuB8/ubF3Ue6TbQ0MaV4xV9KLdC7ojlJXU42Y/ZqfB/EgMl/wkR+I/i+j8jyu0l2lkyTs6XfqjKyIcZWRto2omyjYNg2WaJGiRpkWZU+MvgQHy/wDhx4y/M0frHmyfNH2Ice3Y0oxas6nwIcv5P735n+Z/vQxcL4rgZU5oexDj3cX8qnxI/KXyf/HfR+IXK5GV+cP7EePdxfyqcEfnL5/8NC61mzuWJrvT564/H3cX8qnB/efz+9+9C9hciF8fwrlD2I8e7i/lU4P7z+f3v3P9XPVoZHDDw6HBwaFliChx1rj3cX8qmT+U/n926LndigzbFBmiTNioeVqCwUjyTFgzyiROlGmVKrZCTvH1ko6ZHYnTUynS0EabkeXROlKHSuPdxfNQ/HzP5fV/LSNMzRIVCoxYOqxeHzF4cxYBCwUEeWoo2qKNNJDcUoyjGO6jeRvo30b6N5EqeqEcOniZKOFdPHLX2bdOkzy9FnlqRsRRp9MqGIvTdRKdJqThM7/QxfM+Pxk/l9WPNOhrI08NA3acTzKPNHmjzR5lm9I3Zm5M1SNRc7HY7Fy/dy9Clqp84/xBypzjatPoeddz1xblC5qYvfxnM+Pz8lz9WHyuakaompGo1M1yNcjUaka0a0a7m4bjNcjVIux3E+1CbdOrSnuUcUqRSxOHPN0DzFFkZRkWZZlsq3eUbuGUfaui6LlzuY1NE+PzUrOXv3Lly5cuXE++5A3Ubw6rNyRqkXkdyxbLsXsJ5XO56j1HcU3GUdvELY7zlChGTcpaWbYqTI6ok1X2/N4yLp4vFyluVEar5Q620jXE3IG9AeJQ8UPFnmmVqjmp8f0zuXLly5cuXLly5cuXLly5cuXLi7lmaZG3M2qhts0otA/iL0zXA1o3TdN03JGtmrOxZm9WO7f5cujWjciUcWqb04euOdDDpYtHm4nnYEOpu0W6jO5eJqpm5A3oG8b8yVSUlJiaeHuai5cuXLl8rl8u5aRpkaJGzM2ZG2WgfxmukbtM3om8eaqnma5u12XqstMtIsQaR/EfxF6ZqiakazWzXI1SLvqvmzXJG7UNTeVy7NTIdU1qg73OxqNRqNRdnqGmd4lhRkbUxUJs8tI2oo00UXw5rwxu0Deib0jcqmquXrFqzNmozyxsxNqBtwNMB6Ua4moTuO5Y0o0osi3XYsWLFixYsWLFi2Vu0aakeXibETYibEDYpmzTIcdWLwLlPytQWDqCwExeHyF4eLARK1OOHN1G/MvVkbVUVCSFQu1g1JLw8l4cm/8AGM/xkkLw12qqnTknE3YG4Oqzfq3jOqNtThSoyi6cURhE2UbJKlJRyhzOn20lixYsWNJYsWLFixYsaSxYsWLFixYSKUeuHHusnGKyxspb1Du0yM9MsPV01IembqaZbkSdVWq19Q0aFpku9jSQjZ279mUrMSt0NXU1pkhEfVDSSj0WFw17C9lEfl1R46nKw6yN5G6jdRuI1o1onLLG/wC7DOGtuEjRT24W1Rm7z7O7RdlRyZWuiHxr8ssU6FlLvKl8ab0z34nmIHmIHmYHmoFZqbWVCRLtJ8ZLJcy9hDyayt0I/qn1R46WVJdVy+dWhGq/KkaFjyyb2LCpyRo7rC3JUKMRyoxLRZLTasm5KEpPy8dMo+molrhxgqKrVp+H093/AB9E8jTPJ0iOHpxMdhoypvDmkolWCtYaLFixbu12yWVup9SFzZi6Y8dMiXP0KJtQlLYpHlqJ5alExuH1Q+BhaEsQSwkCthLVPK9sBScK7/29E1qhUpdpx703acPVS/ep89ay/Ov+3SuOlk49/oUOFzkyw6cGdkqk1BT9cl3jhvn/APZ0yVpYhWn+0Z+qotMh85IRL2Lj9n+vSutxubKNk2TaZts22aWaS3sUeFz01aqgn6i7quPwwvP9umt2KstUmU2VfVEfOdx8fRjzQoVKkPKVjylY8rWPK1vesWRpRoRUjbrpcLnorYjS/wBl8Zeoj8cLy5x3emrBVKbuiRF2dP1U/wBl9jDOW7t1jRXNGINGI+lKFx0WbTNtmhmllmUviucm7FWu2dllGDqOdGMaS4o09ZVwbeJ8lNHlaxLD1YxUqraoVzyuIK1KVIeVGdp1Vpm+OhD+lCeh36Fx1L6NMXOWI+OdBfxVf9RhT/8ARlX/ANWHb8zDgx/w/P2BXP69C5f0omH/APNWbVLcqG5M/8QAKxEAAgIABAUEAwEBAQEAAAAAAAECEQMQEjETICFAQQQwUFEUIjJhcUKB/9oACAEDAQE/Afi3ifXtb7Ch950V842kOV+0ofZVewlZSGvZv4xtIeI3t7VEVy3zv4de45JDxb2P++ykVlHK+dbiL6Dy1ItvY0vyUl8EvabSJYv0U3v7NWVnXtrKhwKS+FXsyxvo6y3Eq9jcUPvKvei/GVD+GXPLGS2HqluKNeyofZt718ibG/h1yyxoocpTFCvYs6kVXu2Xy37CfwKzljRWw5TmKCXsUNxW5L1EEYGNxMSvYss1Fl56kai37VMo6Flmo1GpFru54qiNzmLDS5b+imdCWNCJL1X0Sx5sbb3y9H0ny6h4iRLHQ/UfRxhSNZxDiF3kvYtGpGs1Fl9/KajuOcp7Cw0uTqUOUUS9TFEvVSew5ye/NhOmQxvs4o8YeOPFkzqzSKKNVDmdWaRRWetIWJewnlrivI8dD9Qx4rYpSZGMnuKAkjSVnRRXcSmo7jxJS2Fh/een7G4rcljxiS9X9EsabLb9nD3LOppZpWVmtHEExFM1RRxfpDm3lWWs1GrJRbFhCiVyJWaSu5liJDxJS/kWH5YkdPI8WCJeqrYl6ibHKT93D3ys1o1mp5xUfJritkPEkdWaSjoWNliUmcGTI+nFhxRcUW3sjTI0FZTj5ITruXMblLY4f2aoRH6hLYl6ljxGy32EXRqfsWjUW2OaNZbIx1SoWCcOKHOER468EeJiK0LC+2KKXPKOlmHLxk+0bJTQ8VDxx4rLb7Re2t+TClplY8dseIayz0z6OIvYavoNU6MOVrtG6Q5jk2Pbt17a5LLzR6eX7IXMskTjYnpYnqV9ni/yeO5XvvkW5B0yLtX7CynHyQlp7PG/kltmu2Xt+OR5+Mk/2TPTv9K+vYRHbKUaMOXjssb+Se2XgS7Ze8x5rbL/AMnppft/3leag2zhSHHSNWUJ9jjfyVcbPJ4yfar3mPfNb5R2MGVdcqZokaGKEfLLwziRWyOMzU5bnnqInp8CZv7Nll8uPsOdKsvCypvYWFIars12bIbkP6o9NirhK9zis1SyYiijplYo2rQ1pfY+o/kntkqG+hxJIbb7Re95PHJ4ybqVnp5dXHLrkmWWWLqUUKWiVjhq6m3Yeo/klF1WUDwP4rwenf7IorPcdo8C2zkrRhYtPSybp9OwxtkL+iaqRBHgl8IuaMVRF0J3k8o5PYW3JNCl2GN4zhtlP4PxzJ0cVilKz0z/AEzoW+TFtnRidOo12GNnDYZPv/HJ4yp8/ppU6zornmrRXYY5LbKGwyfwTKye/NHqqMOXki7Xtvo+wxyW2UNh+SeS+Aeb2GPPwR3F0kemlca9uUbfYY5PbKGw/JL4OOSPHIsn9np5VLu8cxNsoD3JfBrPyVyx2MOVdSLtd1jmJtlDce4/hFm+WJHc9PK4Zvt8cxNso7ol/Xwi2Fm1yLJbHp5VKs32+OYn85LdEt/hIcj5FuNETCdULucYxf5y/wDSJf18Gthb50zSzhyZwJC9K/sj6KP/AKY/SQ8MlhSw31EYErj3OMYu2XlEt++plMWHJi9PI/GI+nQvTx+jgnBOCcJGhGlFFZTipKmSw5J0YH67nEia0WX2uMYu2XlE9+2StnCkcGR+OxemYvSn4qPxonBiLDijSil7byeVI0o0rO8r7LHMT+cvonv20OkiGE5dWKEV2ay8ezXZ45ifzl9EuW+xwlc0i0WjUWWdTqdcq9537CfY2WY5ibZakOW/vUUUUUUUUQ/WSZSK7KzUhO9i+XpnRRRRXt1nWWOYmxWSyooooooooooooooooooooo9PiWtL57RricRGv/DU/ouX0fsdTTL7NL+zR/pw0cNGiJpiWakakaka0azUXk5KO5xDiHE7DH3Jo6aSiiiiiiisqKyo0s0M4bOFI4Mjgs4X+nCX2cKP2cOBogVHwLEkjiSNcjVI6lFIw56ehxI/ZxY/Zx4H5ET8mJ+Sj8g/IZ+Qzjs47+jjf4cVnEZrka5GuX2an9idmxbLzTL9msuh0OhqNRifuhwdEo/Z/wBNDZol9Cw2zgM4BwV9nDh9mjDKgfr9H/w6/R1Op1KZpNBwzhnDGqG0cQ4n+DxGcSRrkamWy+eyyyyyyyyyyy8ovqKETQjSikUV2bSZw4iworYpFLJpM0HDNBw0aDSaUaUUNFc2Ih5eSa6XlZZZZYyyyyyyyy87LLLLLyRgO492s77Jol0GR6xKJrlWw1khj5I+yj08utdysq99c2IupPLCfgl0ZLbNZR3J5+OWI8nlfIiMqdi+Ks6nUplGIuhO6NRF9Sa6XlLk8j6rJEWPnkPlQn1PTyuHfvlRfL55sXB8oxI6ZC6Mj1VZMfLLfnQiy+nseml+3/fkIu0ethUssNk1TGS3EITETzXKmPJ8+HKuvyEJUY71tiIsn1jeUt80JktuyjuYErgWWWX8W+qGPpI2IO1R5onyrbs/Tyd0dTqdTr8LZbNQpFMs1GJGmYi85YbqRiqpWSXTlQ+yg66/GQ3JpaBiMX+Sf85R3MXYf88sSXYsiYf8oWf/xAAqEQACAQIFBAIDAAMBAAAAAAAAARECEgMQITAxEyBAUEFRBCIyBRRCcf/aAAgBAgEBPwH1aw/va45HX9ZySLZXYvXKlsVNu06/obnYbgliezHrFS2LDS52pKn2wR3L073FS2LDS52mycqsoI7nwPmD5FlayEuS5fBc36J7STfBThfZP1stwTnO3Vkmi/6Jb9LVsJSU4P2aLgnY4HifQid6qn5ykXpqu+nBb5FFPA3suv6Oed6CM2kJEemq7acJvkSpoHVsQaFTndgjOTUjYakj0FWdOC3yKmmgdWxJqxYVTMWiyjZgtLSM4ZaQtqUSQyCC0tIIflMpwmxKmgdfb/6SjUWHUxYH2LDpRGX5GtPbaKhiwmLCR0xogtLCMo2NS1lhaQRnPmKl1CpVI6+yUSJVMWA2U4KQqUu6sqw0dM6YsIWGjREjbLWy00JHnax0jWVrYsJiwTpohDaHUSXE5yST5CobFRTTyOvO5H7PgWFUxYCFhpEbNRBBoTlBaW5Mkhlhas4LCwhZOpDrHUT2ST5SobFhqnkdY2S/gWHUxYAsKlELdqygtLSFm2y1s6aISJzgWTqR1EPFL2yKmOFyy6kvZLypfwNeSqCKaeS/6IrqFgv5FgoVCI8CCNiCCC0tIKnCkeKX1MtqYsL7G6KNB4v0OpvvTkqXjJFNJ02LCQqER577MRSoFhogggx1qnspxlUvEQhI+fTPsZjL9dpMg48OnkXPrGVD02PnJManw6Snn1r4MZftOw+R5SNeFSUZfPq/kx6dNiUXCe3GyiVfGXz6l5MxFOmUklxqfsWlpCPjLDu/6I2oII7UUUJ1XZPnO5eifcx8GNT+5aQskMkns6msMTuWngwYf9ZPK1ejff8ABjLRPsiCM2s8Sm5QLFtdqOfARhvWcnkvR1bGKv1feuR5sronVclEta+Ain+SngqyXo33tj17XkuR9keEuMqsl6N899pCMb+u6keUknwJ+HVkvWYy0nKSSe9eChc5VZL1bKkVKH5aKecqsl6tnwY61nbT8BFH9ZVCF6J8D2samafMwv6yqyXoqtplSkej8vB/rJi4F6KraYzGUVZofj4P9ZMXHo6tzGUry8D+svgXHo3yPaZWpQ/K/H/rL4Fx6N89kklyL0dVFX5H0L8ir5Ka1WtMsWmKvK/H5zXHnSSi9HVR1h4o8U6p1TqnVZey5k50tpyKpNSYqu4LKixlpHi/J+PznTx40wdVHVR1h45/sH+wddnVZ1GXMl7ayWUsuZcycoygjwfkwOc6ePGq4K8RLRDrqffJJO08lzsz4a5MHnNeNW4pZqQy1lpBCNDQ0J232x48ECMHnKBLxqlKgl+HBA1Hbqa5MnOSducpJJKTB58iSTHw4dy74ZbUWMtIX2RT9n6mhNP0XL6Ly9l7L6iaiC1lrLSxlpaRkqWzplhZsST2QQQUmFyf9bMkkkklyL0Xo6iOojqnVOodRl7L2XMsRYi2khGmdVMljOnUdKo6LOizonROkjpI6aOkdMsLUWotRCIQ8o7GiPApcCeoqpJLkXIvOqjrI6p1Ki+ouqJffJcXovRejqIVZYWipLUQiF4zHWy9l7LmXMlk+C0mKUdSoeJUyWa5IuLy86heXFzLmSxMnvRS5Qyl+ViqH5bIyjw8F5PR5Lee1irTy5333Iw3DyrQuBdrFux2tToP0s9jGWFhYdJEWlNWpTqpKkU5LwFsYyirz13R2vtxk3huD8f8zW2o/HqupKuB87C2HtY1P6+euPB/Iw+niuk/xuK6qFOVaKeMlm8l4VSnT00dnz3f5DBdUVI/Go6VKQnKkqRTo8l2rwmY1P7EEEEei1z+djBc0jKuZPgXkYq0k0NDQ09JVroVVQTVlcaZpyYDhxlUtCjgXkNTp6j5K/6HxlVx2UclH95VFB89rF4TK/6ZVn//xAA4EAACAAQCCAYCAQIFBQAAAAAAAQIRITEQMhIgIjBAQXGRA1BRYYGhEzNCUrEEI2JygjSSweHw/9oACAEBAAY/AuJfB0xprVKURbGpNWxnrQxaNMV7kKlsvUrfimuAoTdSm4m6Gx315Ndz/M8Rv2hNnwlpd2cuhk/HH0ozRlX0Kw6C/wBRtROPpQ/hB/cSWk/fGUj245vfUP6t1SpXUkenUrU2YZFWNmnF/J7J7s2lFFF1KNLoUh7lYvhFEKb5PGfH6PrvKI/qe69dSimVkiziKKWrEeD/ALEjNJJFKsoirNmA2opdCavK/kU91Q2qsr23Ne2rln1164SE1eB1Nl1RKKFm0nI2YMbeRLcSRtdtX11a0NmhbuevQsl1KvWvqzPyQfKJwtolNdhQ35vyZa9Silu7N9T06HrwE4oa+xsQ19WOPkVZ64QxO3MmvIVq13m0yi1axFFub4XwuewoVZav4/GsrM2I0/ksczMuNTxqU3FirKlD2KYbTl1PU2UkX16vH1PQ9S0upWLsW19qNFJtlKH7H/croxfBXwezM/iQn/UrtxdaFFrbKmVoVeGyi+L0nyKLuX7bnkXeFy3cv2Ld9fMUR6FX5Dep6IrhQ9WWl1NqLthRYX167m5YvuLzNlYVZRHJFYmykOtVnqZeIpRFcKKZtNI2nMoihfeVetfCmtcthVlsbau00i8+hs+F3OSKvh6soUK1ZaRtRFCiLl+Ntr0hKQM240isUTHBOS5SRW5J8RU2Si+WbUWGyi5fiaLC5bWq8KImrE4/E7FnF1ZswpdNSVouTHDEpNE+I2oplEUoX8koVeo4fncflgW3D94aSJrVrvb4WJuLBdfK4H8bmcNoq4e2rQkUe4vhfVfka3MS+UJ7iHoSZIlv76r8oerC/UcH9L3ELlyEnSKVIhwRKUSw99SuE+QsGlEtLczx+T58rX+tbh7aYlHOaNOCBqmGkj8itrIpJrqTfiJdBp6yhSuVoXOmC6nz5U0T/pZOZWJIzp9DZ8OOI0YPD0TOoEaPieK38lInpC2E36j0UjShWzFyJfxZJ1hZKFTWqsKomls/21EvVm2/hGzDX3x0eTHIWFF5G9dw+pn2ScUUTP1klCpDkrHNMmlQ0SSjaRnZVtnqfjj+MaYrUyoyIyrsWRlRlRpJTRTy+ZFL+ViRZYPxXFPSwlgnGtJk9GZSFIXietGTnU/zLrUqU3afuaOovI1110QJ9CamUFJKvM232PUmhJ+osWjRisU1ZorCczMZlrwL3F1Il74ryNbinJzJ4Q/jhcVStDSeHzqvvvMzM8/g5GT7KwshlyG8X5J8bmU7PGaeizQcU1g+onMuVjRSppLkUXCPr5I9zJ8yrMyKVNlElBU0uKfk8tWWFXu58GiLyefkFtZ+R/G6TE+LWo+nl0uLWKH08j+d5LiljCPp5Gt4nxSxhPjyNdPJljCfHlF9SpzRXBriVjCfHHXwsyxYsi30fyOZbVvJFPyT9qmj4iJMujMjOjNPDMTuvXhoeIyMscjn2MsRb7P4lYvozMv9ljL9FEcjkXLl3gnIvJs/E4svM5xRRWNCNFUfrh7H60UTXyUbNl/RNf4j/wAEvF0YvdGwpoyPsWfBw8PeRPxInIyT6lIVjfG2Fy5czF3hYtjC+gzw/GVdC4tBz6bjRh8b8b5LRmmJxQyfBLGHiMxmZzLMyGVHIzGYvq21LkpjgmO7fI2oYmuaNnw44f8AgVjl1TP2wdykUL+dVOKdHNSUxT3t8bFiHFD4exlMpTC5cvuLFi2F0TUSPc/Y31R7jbdzmWLyP3eJ/wBxpeF48T61NpqJe0Bo/j8P7Nvw1/xMsXbc3L66ngn74PiMrMpZHIzI/YfsMxz7FmWLHLC5fDnhbD9r7lYi5mMzLlytYTS2W/spLosLl1rtkysaK+KZjmZCnhosiuES5wxT+P8A6WCfxvLFsLYViR+xGY5mUylIcbvC5m+zOScVDOzmZYuxkZkMhZH8S6Lly+4uZ2VbLl8P/WvEvVFXupk+RahbCrSK+LB3K+Mj9k/hn838GSMp4D7lPCMkJyXwZ12P2RdyriZUuXwt9mVdzKiyL/RmZd98LFi3DX+i7Ls59yz7mX73H5PC53RlZlLYXLn6ool6op/hu7JLwIDJAvgukfsl8n7vsbTnK4qXKXLwmaH5K6Jo6HZljkci/wBGeIrHE/kqyf5S7OZR/Rz7FnqT4p8NRFiWk5SIugkKKG69TxII5VrNWZoqpT5Jk7FqFGyupOZQqiShS1ZDXG9eIhfsRTkqXHapL+U69CU3Lk2cmSivjevqQw6ajkrrCfvjpMeE8boui5pLnxr9uITfIpFJdCsU/gzFplFhWL7NuMl4fhT92Zfoyligrz1JRWkKhkRlRlRlQmlKT1FF68VL04+cSmfrhMiKQI0oYarCcpQLn64PRwb9tZomsEOH04pP18krAu2E3c04otEQ+gtaWK9+K6eS1v6E4mT/AIqwuhFr6Q8JfIo+KnDKjlcsu5ZdzL9mX74/RhrETdWM2VopCIiU9aKH1JYxQenFaMMUtJTM5nRmXczffHaMHcphoj2ZuVxD9ikUXc/f4nc/d4ncn+bxO5L80fc/fH3P3xiniuKUa/g5+Soi6YRHxixV5i1lxLPD/wBo5GeLuZ4u5//EACkQAAIBAwMDAwUBAQAAAAAAAAABESExQRBRYSBxgTCRoUCxwdHh8fD/2gAIAQEAAT8hVFIlSdFfTPEuw6xIS2OCoqKFdMgQ+iu1tIqXGiEFCncZ70Rw+RLyT/mhsgQ1xxljlOyQgk7wIWcHGZR6oQkDXjANDDjaFTgfRkk1fbR5WiGJVEaia1fJfRqe+Ckp7ClGRP6hYucSiSZFIgtEmTkK0es9L0sim7MiNyKohV3J2Il1qyiv7IYnSQiTdk1F8ht8tySgSJEQIMkFPNAnJJsR8iJPam/uMZ0o4DUfY2BfWLiCqRrRuPHxcu/bLASdF3f+MYk1zUoWjsICPR4K5uq5uulC+oUstiJclmlgksjRYnWeu3PJdqvgnzxgqJS5IbuRF6cDwVFqk3ai3ZuFvgqDNiUJENUEbiTb2RfklCNz+JiAm3JLtREparknCyUTdmfA4XYUEO/J4WrFTc5YZRCuyPvd2YhqGqHA2mKSF7vrWC+mhdBaN0yyG50gG5GN8W7P+8RO7nhWKsoiG70REcE7aQ2JbVZuVDO902GVL6Hdg5f8rPvgHpQheERyzgGiGzsI5AktoHNWxEzgFNxVDveG24EiX7Zeju6D1tdhGluSr0rl6pmPSW1yTGsRgS1EQCQfwslT7ISp9gvTGyLXFNlEJJW92Tr8l9+A24IQjsTZVdk2am4UVXC2RHyNUMSdiAouSE+YomlNiklD/B/gTHCUzqW5Yml6n3QYn8EurkTShT0rxZ+ozHpWnIl0tVLIbhrbM7y9hChKFwWFyJzYUdxPknVtJLQHKJDfI3Wic0HO+wYnMqIr7FDRDVDmTExBcYSnuN3GMmNQjqmIYZcRuoYfE8riizJaq+QiMpdiUw33J4p2KCcp39KgL6j9N7eq7hEn4oWkITZFHRJJOil2HKooXL/Q95be9AzJdoV7VzU2RCsGLpTy4FuSNVZJDXkbEtydUja0PfK/yVGMD1w9xCToeKmy8iFQoRKW0cdghDJTqvQRcG9Q36dl0r+A/ChEJED4HrIqiTdq9hPxHcSUtfAkugW5+xsm5m6Cs7sqm8O41IsuCTyJjuH0Dpo9riH9cEf6IsCnuXSBIG2s2bIEJDYPc9A+0kS1g5psz5goCR2kt0zeh4Ez8zgTSSnPQlS96j9OlpLZC/gWxCLwUR2PkaGVZszuQA1dI3sOVSEqfphKNo7hN1t+KCj8oy/syRjm7iiIzkTLGruxC0v4F7pdqjsX3DarwEm+ewwjuC8z9hYV7upKWmWPuQ2GFL5oUW3CqM5TeTB/NZYPN+wlKE7n6En5SzW+ar8jK+7/AJEXGfqP00bpTbnBtH8jnSJF0qUQluxRcsfLEqLfsGL18i5m7sU0a8aZswuDkkWXAlsN08sNKFBbUaA33ZO7kaMoadxsKNxItLGqyT5MtdqElqENqs+wwprhfEfuIFT4FzBL0jgaXNIuUux+xjVn4DCWMlEvBXLKcs4IkyeSHIrDQxfUOwvRR1lsRQCCqVMoioUkFt7lAlT4aBxFOXdiW4xA0qIvjE6zondAp3aDRZG7shuyNF2PahtJLWRJcMZ+Rb/YJ3XuxIU+CnA+YtOmZHcL2H90z8DZN2GXVjErHFCxc7sayFQqTydkiskcX3OUOJ7i0VuhegxdTaSrQR3KJMkKryyibCV/CZX5Q+6pk94khq2B3Utir1nriQYQWR4CruxSsJ2I7lDlhIvLEliOxRoYbse75Gv8HAVZgryCQJhJliX+wxHKI3KkrIglRyzPH4H58xgrsId6MTE5WjdKmwrernoWyhIQ/cx7E+5eS9wtkncXP4y3E2QIrmyy6sS36jQvclvIgmYFvYl41dbOwruNpDTuT2JbIndkVz3kxeZfRUExFXaQ8yexJ0K1tcqPuVD5EW1n2In8q4jMTg2JRuaXLaJwJiEhjn3QrdC9F6IZaEQUTy/0SpcaZmd5It0ygnZIdhhVn5JJr9BESEjBa3UmsjJdkc2YlG0lEZFBLliRgXBFhCWENe7JAkoLc2IYPZJEUtwPaTuhkah4iXo4aEpLoZpyiSRaJvoE+RSyS7j91CK1WbihYwQl6noEvXL6e+hd6EG+RkKe7FwF5dthUls6NGwgdODBVbCYqRbOUQ4NZ0davkmbaNehJPBO8B5UiXNWbkqxXYYHI3a5z+yJr1ZfQWGep9Fi79CRlJBYNgytxufNxSIhOVPUNqostmNjDH3wapaK2jrkFZS0O8Zo0is6QQONyfAjeQhWWkY7JsedBWy22Mu0Y9xfWsrod+hd4WioxKjwvc89EhXlF4ra4FZaRTEJIGhIbXeDMC0WINHyf0kiyroaprvhDJLZNjOUhydWY0RCxxUNhYRwZEUPkSq7/TYdf66H8F0Xd2tSPTaOhlWXi8CSKi1aGYrLRUWaVTFSQ0GCY0YZ7iGySlRcT0YKQJ1FUUBoDRXZKNFCUlWrEo5RqJsk8lQsYbRYX5RuxKgKECPzpv8AR2enlrY7lvfWplo69pA7Hyoyui+KqoNEluCe6CIEkRrJDfGIPklUJkLoMVd341K424kT4Q18DMfgjoXhBbpKg3uGLCLpkX3PYeqIJOHcxalBucCaRrZqTbuH+xm/qbddi6cGOhXF+dbp2KE1cNRAqNEZT+CDJzHnCXp3aod8HCFF65li/wC81I2S5kIM4ZTI7FGVZSR6W7wJUS6mGJ6chSRDZc5TGuRoem7FfaGrHlHdk/2ALfEjBCRPDeAqDRWvGtncOoGSlktZBA0sofJG1TuyHcCZiCZEz9AtbF04MCt0KzVfAOy1sy9PceO8pcssDYcOkcRsQPlpAQlNyABsSFvTg6CpLQw0NUZLErwsSdmIMSJJL7kX59yJJFWxRU5yK0NSJdyVhtyEocHxuhpLJK/SJdjNn6jxhD+g9oRYKAw5qTacaMTsKAnCY226tv6R2XTgduh3dCu5aHbo76X7BOGnsPGvcY6LNwcSSksR75gUAktFirr4JsfBGqWRnJqrUaodk1PhwQhahWAxJvCqgj1RS76jWMnEoEptx6akkqhr1u9zBeuw/wAxadj0x9G7LpY+h/d0fIFZowOyeis0YGlvg5yCXKMhpDuNgR8mZ1uyT86fcclMD4mvBlTN2DJLZpeIqIYTfyrDEZfDE+8PAmYeRWXuEz1VLeYbxQhdZOvkSq7H7nwGZMfRu3Sx36HjoX2yKjFmzJc6ZIrBiNmSXCKAUpLPSfIvgo832ZJNx6LDo2+3RIRKtgqSYMmWtd0WqpZwJVvfMp7kE7p/Ap6z5QYsRy84lcaC7mJZ3MsXZ6Y+jdul3M9Ds7dC+CdDGNDkUUJYgr8xUY3aThrtrBw13SucbFotMwjFzbcaFE/PgxqFZERqiucifTLmi66yM+6Uy+4i1FpY9n9K7dOenLoXzCRnwRdsx6Idy0PejEOdRflFvEIK+8QIo0bZ5EmQW6Rza7EkUuCfcT2EOLVOjoxyU6Ze0z6DPulIRYPv/gx7aZ1x6OOt29FGX31sdyt3uzJZe6FdqyWSVofulVDjd6VS0aqKRAtogQtabpQbYIJYFavWz7hR46W6LDtor9WOrHW7eihW1ukWnSqWxeg76qoaBVrepULfRlr0hpdTYOkbrobcE2Bm0HzGsasHEbgewW+48N20x7HxTHtor9WPVx1K3QrLVWegyK0G3bVjFhZsDeDW36S0IhEdh7AiBqWFxpWPS/oMdOOh3dGXgVOg1XVaHmBW2weV1vH0+fF1vj6Jh0u/0GOnHQ7eejbQraPpMPDKe8obUV2iQulsn19nwdX4GgPoX0OPReNcn7Ms6DWj0yLMVp2qYg0G0irjbEiOq16rPglvRU7JdD+lx07dH4aIyK4PgyPRj1oDVS1oqgJyXcoZUvQs+qz4I9Bgeg39Lj0ctEbiVXEakShqL0G1s9yU8kEz5Jqu/AzZ/MRax2ayNDKWDuJ6Nb9V6DEw9BY+mY6c6St0cQS1Fg9o3ITRd7jLbapJ0JV2kTfpQTce8yvkLNByoWUVGZbuMWpI2KOqcn2QTVxG8xEjHuUrkpKfcqM9pULT8EDeihbtnOkW+xdCKPVOxZLNQs9vpnNiklDgruxNybTLsx+UFA1f3oZDT3MI8C5fAK4BYxislD7d7Cgo9w0ZQe39h7n2HX+4OeIfuOCDVsrVkVrSTwwlIXZF08ouNxC5TsNwENdi+N8T9IoO92AcIb1J0JT5D/3h/uOz0Yzd0PvA8CYoW/sCuhW9VlvSy0fsD9GCCCCCCOp3WmbdCW/NhBSTdhWX7D4BpuvYZPm/ckJLfE42ht/oTnVPclDlTCWJZBPIkEkOg7RSqlGxq/dmJtdUs/8AvYSyk9gSHGVEtnIlCVBxto9CY4aIpmwyY5N2poTHMVQL1XqHLuMFr7awQQR0yST6NgpxP8Q7g5bycPuNhHg7H2P87G+WIrhpit1uLGJWaSwS2KVBSE5XFO63GdIMbNcSBjKKKrTUu0qIUk9zWbSBxIFheaAnntiDxI3kUDY0GnIbIZRioRbS4Xo8A5iOzJCXEgedFfceCQp04RJJJJJJJJJJJJJPoAIUIszbM8DDe427E/8ABJkRve5MhJSMCe4g0ycA2rpM7pwPAzwQmtyUqQPcUXSdUS+xE+4zvLGWMyyxNuJvIQs/YyZfXEBtXjZFIUJupLFNn90j+5MSqss2VLS5b9CTj+P9F3Wmcoh5C0kGBGyRswMHvsa+D0o7h19iSbd0SQ+lAAAHsht8COX+8lLsPBDdRFdfc3xRkyOybyNj2iEw2+52+4b8H/VE+Q2zJLEt7+5Ld7iQ00oazJRgLqENvLciagktDu+w/wCIbr0P+TIc8mxKjzpj9iIsr8ozdpeRpunuOX8xn1cUKRxKF3Y9r8jwngizfga8ObDvuz+ybCfBUGYY9q5jbV7lDFg/Yy+3WxOpJVhk2ekTsCbl7G7C8kFZeSO/vkrv7R+yDLHI9x4Pf/pLY7FOn2X6JMsf7gx3TZuh5i5fIbyuwnfE7n8G24bJbT+6JYTyz/fOyP8AMP8Amiu48jyzy/cVHNSRLI4JpJoVhAbv3sd0iR3BK/zTWC6YVuxDSSTyyVN0ToMzJEu4lscC90JsopZrcbKiWxDo7YdyfcsMe5D8gzG3iP7JVIcuwoPwf2QWd3SRH9x/Jsa7uSfF4f7Jv1DhOyIlfbYfz0kougiupDieXyv2Q4ew/wCY/BsfIcfZGYF4EDj4Ed2O576Pi+xDZ7C7FSpDII9UACBoxxfgX+Ef5iP93QuQH/RvQnat/wA2hO/QPZDA4I3KCFxHS6yUI1MvP8SShd5ZbArajxSCox7YDIkzeyMaHcWBb4EqpRxpLk0rwtk6ztKovcPYlWflX2E1NC5JVKjO8jWKMxaIuyDoYlw4Hp8s48J0PkSbkWKUneBr9kUPyieJ+ZP6S3WiFtLUJn1QdE+iIVLr4s0bwhNNvQV6tSh2JWFDS2CEaMEl6dXkxsyUTcC3BSWQqC8iD13ekUuyaCZpaqJjJX1UOmSQk6qiJwQqgcCdUlkcJyNd0d3yL+NkdZsig1MLEQWll0SDZOPCuhemIhSJiLkEEKBJAiYQnohjXXfQtMhoV+g11ICGkj5TlOccFxL0VJzJQdAdDD+zLDKVqLbaqFR1iVxmVBuHKGqE7CMlNrDXVUb3G7wOEliI5HIU4GdqdDiBpuisUu47E4FNBaWOVDVlaQyOBpHPDESKBZBZDpqTHt0sRdD1RcIRoRohCSIQiTGk4L1FBdSU9Twhs9MkhsX0e6/zHsdgLSFpyJChFxQ5Dux2MTlPLEOriUh6k21kmIQOU20kMlH4jLYuCPoRuT3GQdhISLBZ1SkoYxSxsJK/AKX8Ys3sFi9oU2bBsQDiyid1UYUsgqBMabiJCDJBAkpKKDSkYgRBjRKD6MFw9M2dGKR7hZ0SWdZ1t+iqiDmOT/MG78RCmVOaikoS2SwQ3dIngeTEHoSI3C+RMg9Rs9KWGxVBEyJRh3KgubBj0kQrFGiR20eiYxMDdQ+haTQntPTBSnQtFlDl1M+kxBa1SUQdGpLue4skklseCxDyhPI4Fqhqpx1SQW5odGRWXZYZK9x6CYrDDakJ0J6EGro+tOX3eROUn02daLhsGWw9LYcRIl6CdVbhSZ8ewR1L3G9eflaV8BDs7dVJeDEPYL0/DKb2UFHZQnTok4YoOR51T1ST6DWuzoxjkK41CJxPYcP2C9SCGlwD2BFmic26GWz7PQ3CHfwwyfLljqpsNCIBZlnwMoM0EkimCVrJIwuBIbXRkRjH8oRZ0YdKqo+jdb73EcP3P9j+H/U/Rwv+9hPrXp/AIsDTg4yDA9osF/WAM35P1EvyhkKJ8vYf8ENVc+AKdm2uDEKNTAa1BvAVsqjFwmlN0Jn7x0zzOSyRUbRNXZ0fXu1foiuMub2WSDqqp2J9Kt9dpbDSixYy/q7VDyNQOwrMQmpKujYXYs8B6nwS+XlokffFpWFvaO76a4Qz7TPjxys090Kb8w/1B//aAAwDAQACAAMAAAAQkAgkAkkAEgkkmqmYUD4sNVpsgD/XHiHj4D4QsAAEEEggkkAAEkkxH0AjYACPlAbb94eXFx5J+C8gAgEEkAEkkggkkil2ejYWjpaT5ofvTQegafkQDgAFsEgkkkgEAEkkWwQC4WSMb5tFITyaElEAhAAAAANAgkkkgpggFttaxqWQNkBlAbHuQAgSSbkrgAAABJgAgkkJEEpJpuWBg0mckYDZnEAEy2+dEE9AAAAJMBNkllIAFhtI2Xkf8UBJT+XYG2Xa1DV9WAAAABJoJsstLMAEppyfHp1Sv4Av99JknyAOWxvUxywAJsoEklJoAAltoQhtuJbsIN8TOab9o9juwioMdj1JgNkklpoAJtt3lVry3LpW7EXit3Ip/cnP/nkDSNJBEtkNtIBttiXOiJKYtANUHWhuRY6/4OcULSSJoBMttpJJJNP526gsCTDdJMUmyVBM9/eolyRRr/JAMtkFJJJImTjSYAsm6yM7Mg6mDUkSJypoV5BicFABkkpptn1CIxoxMJbeloraWfE+RySSDAGOQDYEgAEkhpo9Na1rKrEsjZ1sv/Y4AqXGCaHIAtKYOWAAEkkEEOKjHtwS9Eh+gNzNoiZIA73pYBAgE494KgEgggmlElCSXi/NJLJMOtAhm8ZJ1DraoFIEUL1KkEAyQ3YCXF/VqQEnYhq4GkJ2xkiFl0kApHwANciwdz61EhxFKWv/AKY9pD1TM3PssSALdbgASRNHSTQLulPHttlRF2F2IXpJeh28h8u35YRys3XGGKcvYA6FKer2x3her0BS9IKsDsgMmt+HBSNBaqwJlg4uAJ3IA8JnEstegIXpDVrshYXz/wBiCmovUwsSee12AAAAAUjaUZa9CQvSOrXZKxvnfiRGqwOUNID+2wEsSAABma4zLBKSPqR1Y5NcN877r5oM4IKXAQqmC557s17R9WZYPaR5SGrnNtBv/ejNLNsCCBfDX2iX/wDSSyxDfkyw+0jykFWOb6T/APpNFGja2mOZ/wC40R59ZJb0SsQLcfaR5SCrFP8AqfX8o8/Xi5dpWtNjIFyXeSXaA6nSw+0hyklWqf8Ac/D4wDIuFB/vSBAGQBm+aQdV6rOlx9hS1JKlW77nxfSSHpcLNm6RBBxABIJBQWmsgEkfkIXpIcqmeE/RaV+rrILM2VJJGJJJJJJB5hsA3r8jK8TBFG3RneDcxKK4Ur2NIBDxJBJJJIaV3SfxUmZMybLggaMLwbAGi/PIvKoDAHJIIAABIHigevQn6BvSYekABIPaPHLl1Dmxk2TA4BAAAABJKQql6F/SZtTDVJBLAbeBq25n9PN//aDBIAIAAJubsFkIl5aEtTKjbKfDcrbfTZ0yz5IFBxIAJAAAFDIgOhUnLSFs1chWmHq8C/IIOcaVFHpiIAJJJBBkWlB0oOlnlIQEpx39kTza+1rRCJHu1aZoBJJJIO74iM1STMluSv8AMJakxk5JcldJNQ/+s2pCCAAR+FVNhLe8J/8AWpk/4tJwkVYPJboPvsIghx0AA/7UV9H4bv8AbTITU7Q/4Q2tAlpVC5AhpPJOdDgJJH3zVZFU9nKI78LZjqzwLLF8F1UsPUaNNJGyQgAmn3C1kmMTn6gBkqWemRCUH+aAAP8Ai0tVTs4Kb8QeQfthlu6hSIXg8luapRiGWvp9tzkfqzwAbRyewAAASB3OOV4U9G+ud9phU1sGBfowIgQ5WzbSkZfyQYQQa1C7UuetMYjZ5hbWhNOQNCPbDmPU4fUBJfTH00n0koq/iuWzhiAK1MjU3Y+LuoAjPKLDU+JBCCG22m22233+uQqPgAUUBfc1CHn1mIdYlok0zaADSE2km2w2sARNQEAAAT70r0OwFAozx5tcahJZLTDJo0220mmQAQF+XgADFTYEfc40gKDZ5E3LZbZZIQSQABAiG5AAMiA3+XERRYAADgCgLZ5KEGAzLbbZbbZJDPA2MCENIj+r1EK82kJpUwl9/JqOLb7JbbJrbZttLthCH4OyR6dny9bW9DMU2z+F/uUy3//EACoRAAIBBAEEAQQDAQEBAAAAAAABERAhMUEgMEBRYXGBkaHwULHB4dHx/9oACAEDAQE/EO7VXwfDXDBqLbd2+Ekk1UtCC1e4sRSg1AyYZfk6pWkaTXfKiXWyo740fP4Gu5SJCI4tosZAiivwkbqnGSEW/gF1MoWgRt9FOxSViODDZNMlkoF5GfFtSv4LLqZgdYYb6JrEipgSMSyeOAhDb8iQNJKGg0BJkLE/gsiOiklj3Y5ASSx0E2AlWeBW6SqH7Iiw3Z5BYiJJ/g8+g2kpYpWLmlhOHQSbQhauH4VELqx3DQm2xpf8Zdi1XMZoRwTwXo2BQkInqSMSSSJDXlkk1dv4S62lXYzvgUMcsESWwiH7J6UjfGjySkehdkEkkkjdiKzE0/4K2W25mRsjOFlVmRwX0iRkRh7jLSElPGCKQGpAb0SShoL8IkoqSSTXJMhKsslMDNpMXmhMPZ3ScFmV2NfRmCyJbxR+y6ySSZHDLNmJ1NvBcWkgZNbev9RMkEEpDRGQYjsc8BM8oe8JlmWNUXYPcJrwMJwSJkkEEDTlnjQ/AdGTLiRBAu6yQdRYi8MsiW8Fk7kNosyzPss6LUkGfEUgggYxoYlRSh2qxJ9iF2QwhDGLUJ9sUETGR7wtoDXkUMeYEcI0KFgjIBCyyFgYgiEJSSEYdwmuLGsL8ik5yFCJbwpJZGQUZjxNqO8bpBBHFoYYlsEmRIyWWBosjQXWSEMV6RBdm05GiDbF3sT+C62WbG7G3kTnBrjzD0hIhNCI8ibkJSJCQ0PtW0siGWNYCpyM0JDSZUlFiGBMo+MdBJCSQw0bH4obB0SSdFGsWG8txMJdkINVke7rFGFQnPQhXdB1hCE7LEiyJUfBqE30SnggaGNdm2lkUsGE/ViWZeWeRSjGDLDdvsJ0jYOXnjkae3BD7PVDcSbNAbaQ3bHKUjUNiy6EtgYASF5mMGhPjZ2MZgTmLIkMdI7GHAhliasOS8D2x5j4R29Z4YOH0aY4c7NjF7uQ+Jj4dDEuCciIMhkwZE8jmj7GYY5y2xzLZgXz/hHLXYZc1wyZNJGyTgbMXgQkuCBnlQYDFwwqhztDZELgUfYtDjGkbH2s9DrgsPg1qJxcahsaEYxiWVcQhNjFirwLFNqXIEj0OIldhBBFfWWMaGrSJL7GaPrFwYKrVjpF5BL9B+/QYqvAsUZXGdxZkghvGorHQggik0xfIg9DX5kP3I6z4OuXT0q4GcVuZUynowvCfqjfDAWCTBBIcLA1LsQkMUGMa4OjESKGpLE1lE0xEmtqhY/I9fLEx9RUjjPSdcuOzY6sdcIGlqvAaguZFv4P8MhvAmaEzRFloQuDXhSRJBPd8DcbYmQbQskzsQtqsikEIuiFLZilkCUEowDvHY4lQL8g2khYIYyoFNCc0knquuT47NjzVjzV5Q+F1xoDwz7GIFlvsN1khuyyEM2oGaUQYCVC9Bx4HBWIO9Iy4JtEk84RCI4NNXQ0oI2W7lxSIViIcK0l0b7F1yfFZFngsrg/9DwdUIJw5LQ+RP3C+pdMljQh2HCiy7JJLJN3ZAgkwMSTJdkdhgaGYDZkh/v6iwl9es+Dqs8ULgs8Hl/ApiDdU7M2NpoXT6DlkksDbJgUsIDcsYuEeCSTTW5QR0cQuWfIhiXkwMYxX1psXXdVnihY4LfBvI0MauTqliLwaXwxz2WGISVVkydEhjBwjbSERfiqrhBBBFJOHIzEPDMF9e1WeKwa4LD4P+3BiJCcECSSHJTAxwbmHVwwLFFyY4mkhWyEjldhqOyGYjBmvarPHXHThohJtjkaehKVIqtQK0MnW3/hIrkjzqrEk1WXYaDQGLaYM1477BZ6LHquDMBZIpH5ErxwatIkggjwFJaqxiI4o2LsNBQzGYB8dZvms9FjzXCBKUxKwkz8CxDEvRCvAeBfLyXFrgxUXC+c5JpPLQeKWspa0VVXfB9FZ4OjzweavK+RrDsy9NDUxG5ohoZhlySaLZ54MXKOw0qvoyfBkuo+jvjvgsrhtfUsY1cVjAcG1wY8wGOvBkA1Vi7bQ/ppg+B7/gfHB9jvis8FnhufRBciBrYpFXgaHQgF44FxfY5Iyv1T8QyfA3PB9jviuC3XRifoX0YuRQaHS+UYZsPmHAqyPsskPdSxXoy/HF8F1d8VwWKMeDz8jXgWRqp2GqPAuWFs0S28DSpoxdtmhrh5of0cX2O+K4aVGMSZFoi47o9RLo1ESjeQpdn0HlcT+5EsfJYQ9GLts0ZTYyx/Hbb5wz1E0IwyGMuBeT/fyJqIFVLT7HxEywJdiBKEoSq6F5DgZbyY1wGbvFfJ7SXYl0KRJIuyzVHY2DW/HbOQkJmvwJwm7Gs0Vs/sSf1i3r8GgI9EGiwmSSy5fghiJUsRap6h+EXhEoJPgSJCUT2GSMhsY/rF0ZJJJJJJJ4u0tOBRK4MIhJLCJLlyCCCCOmdh3sNcVVLHZ60HkWAst0kkmiSWXLkEEEEEVgiq33kgpQPiS8E+FPzEn5oggjoJmUXJB2JVZqiLjfXlEKLoMfyPIokhbUKQQQQQQQQQQQR0QBpHTVKBC4SSSTSSaSSSSSQ8nsF5CVJGyx8BtQKGRHASEfJ8+g2XL0QRRBY0jANk5IGsQS7UAAAh8yx7X/C5el6tGWNezwno32PDQk/Ecl4ovOPce4+UShIuRWx+Y957qUBKKAnOBVLCVkBr0IIILFiSSWI4MZaRpoRef3+kZDyQuSEVIEzweo9Im6PQIPYKlPJ+vtQ9H79yJyEHn5pN+xty2OeW/ux+R8Qm5gYGsNWxr2P9J/8AB6EPxX79xl6f6PX+T9j/AODn/wBDZpUfd+Ee6gfnfcc0NiWh7iTyywmLWhL45sSdELzUnxILRPSFcOx3AbED0kP9wQk0iLIw0CaS2yHIhEBDoSXBlaEh8SfU9WNuXQm8EnoTeCXgTmJIaaRe4X5f8F3CQ2Emz2j8w28jFBYlEk9UACSBWxi8HrEqlAgQuhikFixbgrGQQ2KGrGLR9WJGCDVccj1Eu6CVYZGReAg0JPAgSEKjJfgv4GtSJaBk2MwgpeBws+II0pXRAEpUk8wJLmQ85XFdq7oSLjd4E4cDg+Ec4ouDUqCJiypYlBwQ3RLJNCSaIuApOmRgJuqH0NRwVUbkTtvujSHYQxNp0TYmSTR1VGZEEcInElDuQUBJDUU8BMeICjJFcNvFUxodMQJckYlidyxa5IpNf0NKnvIRBBDpJI2JSQqsc6JRA1UEJZIgZEi+JATbUCWHMl04ErmjFBjXILGQ1RWYok0QmhLCX4aHh3JknZBJ5Vu+WDIhECQ8DQXEEDNrkUSpEtOhTwMuW0RDFLGO9ybSJyJyiyhMblEjzRh5sODHJkPPBUmxDHw/K75YHnjCohjERflAMQyBOUmX03ukYUG0MoLw+hd1aUN1wQMeXJJlzkrwf/0TTUrvt8kifFHkRvkiSYlwTKHK31EiCcoWpoZC5HmXKKzVcniD2PTOVYgQIEO63xSGxXZZIeRD8kkkkkipiEacMWwTKRTSrOMk+N0Oz+RKfrWkT4dyzfCBumBDLkkNGifgY3A1Ibp4JeB8xfQd1JbiEE1cUyEh9GCOUCsxrpdM9rvHwVXxWRDMJIW0Z1GQ1QxGTjka9gsUbn4QtyEQj//EACYRAAIBBAIDAQACAwEAAAAAAAABERAgITFBUTBAYXFQgaGxwZH/2gAIAQIBAT8Q9lkVQlRvxJThHN/5EklCVsWNpJYe8YGSaGGnAmbV/Kj0TmBmnHvPVHRUfi1Ir9eH6xawWNLJJsSdNYYTY5JrAlujHnKEzefeeF5tSZgTwvC1WhzebESoggeMmWx9IRWQJYdY998eTWozglLXhShs6bUQQi3eM0iDTQSEQxOOUINDIn+C18T2AhZDRYDc+BGw3eqOhqXJF0Ug2XzBuGJC6B7jIIF/BaeBjQiTJUcINn4G0ksc8CW3RL8s2AnA04QkKsEYf8QSnCMxihFwGuyLNHEGm0tIlF0XJCoQQNCVpCgRVZwNRj+GZ/BCzGxjN3yMNsl/CLIItgSbEYUdGR9EImkEECRuLZhSCCPeJThGawRotjXoy7pXZDgS1I2glj5rBFJpDE7E4koik3BLlkFHNIIIqyIbvSJBRoizDTG/Z8PaSUZ94QmwOejLIS3T8IjLQNWiW0qH3DhBItURpS7IisMTMaHhLZBaELZlpCdkOTHQ0xhogarJKEm0iTZ9CVUwMIbon29cjLvLGPRsiNmSDkz0jLI3BlmaRXImkmMPFCpECAaHEOQJUQh8DMcG9EnBDsQtDlHGQztiORIGvYho6UN52INiSSA+pJkevq0ZTIZpGWYW2dSEtA2ots4oSLXhXCJsSrZKaJGWIJxohoZcsacCfpE3tiUYQ2ZcCkJERGEICULY3Y0xkjZEifYSk1JkjihaE8sTNDZi3tnGCVpCXlZEEwu4lVdbg5zEjYtAYkyZCJYZKEBqR0j0jkCENWkNmkNgnOyRCdewlI5i/wCQN4hKRrYV4ENEF6DkJb18RI+yCEwkIIW9joHqCGzkOpZYzSQbpisa5E+iBJyqi9SQa9ITHk5AlwJFZz6C3e7NLXIiXhE6f1IxiteMkiUYalCE5VrXnSXAilJCUoIyv59Bb8bsVNkIdUrfMjJvWHBFgaNQxqUehJJkVhqX663fzY7Huj0LRoJKU84FbNPwMJycXlkkkkMgwSbsaUo3kb9ZbvVj3Y91W4oksiL6ZF4Bc4E5yKSOZWTVEGqRWbOY2aNhv1lu9eN4c00Nnp/4YrXRqTQ0eSQTgbHhxYnRDTYi5TtgimJEksvNHtReqt3q96s0EYNMhPsjQ0XJEhwNsQwmbyOKlMauCIwpgaL4MbjDIrIiSWYZIRSDhE10Yh8tCNgkyUtjJOVMemt+bQVi6Fwan0RtGmY1mUjITDZjnQpFhiSeBLkRkDSZBFFbLJtTnDFAxURISbeWSOWJJa9Rb8T1ZqLdnI8oSmBP/QFmrYJmQJSITghJURI5FqQQsprAlny1ZqcxbG36q34nae7HRYbJ0f2LA3IyG9siEQmYIbOqyiCJkWmbWySfC0JswDSrG2cm79Vbu5sdm49WyMkWGRppw6PapoqPI2diRMTxm13SSiSSScGhC0bMW/WrfifgFRqRrMscAsSXVc8D1mmDkwZKI0zLCYza/GtCeYFo2FtetW7lZzY9sklE5q6zp0JRCmZLZEDRBFG4GocWvyMnFo2YuPWrdy8E5otNHE2LZg5Jk12SCsQybWpza/HuOeDZi4rfprdyveh0WxdCq9iSh5EP2teroldBBBBBBFpZo2ZwqfprfoR9k5sZwLbRkOrEP1ka6lpXF6C3a7HqzQdeCcVYhMkBrsWRVQ/WQmNNWaLi9Bb8LuOkis5o0M537ZrVNXQXqrfhdmyHsdUyRUdHuDO9VSH63ItL2pL1VvwvdshwKisehPB2JBdiQ4oh+tyJRyP9wvVW7VZzYweqwIEBANXA3SiDwTJIHWkP1uaq06S9VbtVJRDs+w18jXofWk1uEyKGo34oNw3DdrI3IkyNKIRFyPkfMb8jVbZCGo9U8C0/WJGiSxiza9CUMNhtHxjaNpJyZ7GiCEQRYxENuYQj5Jg+wk805jU0QNiRD9BDA8C59cWXQxgycgNt7ZgwYJJsEjkyQyGZIIVNhS0NEGTFrrKfTSjWjlmvrOaRDcVj9Eez6kH8k9KJZL8SYGkxJCTZLohq1pzgjzQQyVCZorRORqifWk+yoS+zJBBF8UggikCbon0P2RCrDEJ7CWSSdCcjbJdH48CRglUTYMqKfFI8E0kkkkkkkkkkmp0I9/t8mkJ3FH7aIh2BruKD7pOkfCPlXJib4F1C6iXVCY2HL9GmtmrRLyZLMkMkSpVJDpHKnw0SIkkkkkm0In2PpWGTQ/BPo+Fdlwxt+U11CXwJJpf4EyWPzWz4idwKgoE3JAVYodihyJFzWPgfIi4EhYQ22fggyNDHyT7vWzFcmTJBCEMLWDyLSUZZQ1ck2mNVsax8BJ6R8KMvJ2sl8s/slGDHRjqiHZ9B9lYQ3BLscdsQ1QXUfAhderKMCLi7Ip+DaJZLMkMgggk2CH0tnLJtn/hDZtktiSBmhQeCI+qJdE+idKTkfcM7GxNEY7JXY2hoZEsTBkh0RBBBAmQQRSCCKOsEEEEEDP7n2VhiSlGWBSUoaUGSIpGbERWRsmxCJU1RBkexscpicqjEJ2p8DJ59eeSbnYmLIlcDSdIGh/CPGwSShprvIPIaGJ0YxMWeRVgawKiIYhCGlRojPsJDauV78uKJtaJJRKrijcE5sywJGCWxh4QTOWNFlGIxEkLgwcEKiEQopxAsMgaGhCox12FaxrBlFznyv0WJiSSaMaFnLpyJDWUbq1A7w4/RzTb2Y0SWMUZwIVWM0pFIq0IQJZFY6QTS68r9F3EujF9EMe7uqpx+PKHHyxTauhpCNBj2IND1drQlRXwn2GoceWCCCCCPItXNwLtRaHsdxqvL0/8An/R3Lr/ZEDNJoDWTSrQ1KEh+GPDoQu1zkmTJEvSd6OLW+EJDcIyYh7G0JRKJJJQ0mhdmMElCQg2juvfpq/KpAjt6cEEEEECRxZPQlSJGsUVwQYsC5kJuMoktoTDXw1wKq1MGmA2bWheiyI25I7916q9CoqOj/wBTX+ihUuELVXVVuxWtLDvV3NX+QNgTZLP/xAAoEAEAAgEDAwQCAwEBAAAAAAABABEhMUFREGFxgZGhsSDBMNHw4fH/2gAIAQEAAT8QD5EVwQ2NpYOm8qbfmR/iJmgUE80oYiyHdFjbMq06S2sYh6UVRbmhbLWhmcOnQ5yzQysVEc6zz1GTuXFUtfcy5ijlayxty3zj3jjS44YJ2YJ5M+8024PuXrsjn+iFp9wy+WKJk8zE6IPn8oAJUcS3yOzsx2/fiLlVTmKhAd0QllMoJsxKq4DlOkGL1irVGL16OOtDE2XbKcx2XJcBemmYIBGxydNRimpNGYa3c6WCu4mCnSHCH4bfgfzINSlkUBtFFlPKANobxxiOaWXgCEUWorndmyRd5rmjoBXfYAmlG+sBEVBrtiLlWJUaNvLL6jgJQUr9iI40OgHVai453/o3lhYbJ5fBtE6k6q2s3kuaTRCHZEWt2U9t2HfmZJRo7eq/oj4bMWz3EjVQ4EleZRWHaF2qbeYKJbhjbiiCIjkft8JU/wCzByvxLtWmrte9wC4lxjYcvTUxfaOpOAGZU7iUV9y9/wAVRUFx4dptN4aVDWbfwXnSH8Kw7pk8m4YrpLSQCWLSNmBKcEVxhxNXa3WAjNinXYSpRimgKEVsv9E0GqWC9cBqyhy8Gr5ZgoOAiylytEMscmCYkd9ogIoOXBNkm2S2LAloFsKHnCp9jM1luDD+/mV67nWffWbMOIIS3W4juZYGz0+6w8QUSsRdVqPjMf7LuGeDL7y9dVfciZfWETj3lV7EwImxT4iWF9r3n9zI4IBg0rTq/etTUjVFXXUfxNziZV5hryhxEqZ1hmbfwPMP4alNUCaZS6TEQVaTErWIEM1LVsU9QDEQYNPWsGNiqhpjH9y8ehwYJytvBKdqQBZhy6sxwavV3Z5hoJY0e9sRUtdk0J7XBoQSZYG0uBuy6lQmcL8B/corR3Uex+52PuQfEByzB0h6wzD7Rxp+4O2XFD2gwMcOtc+GV7kDxh+n2jPMeGCCHOnLGLa9kor96YUo3hDmvMGA5WbY/h8Q4Is0ww9Dpt+aQ0hB/DTLEpmoSoIEgG0MTNUKwoWr2l5q52IuJ2+hAQIo0wnqy0BA8AlAtekBe7YfYt9D0I5YteWLnOZllF0FuCA7+2pBKDtkpU0zDVDETgB2Msxtp3T20hgCGxRBvKcGQtlY6ZXiW8W3Fi+2LLHK9tiNzRXTeLfjs1p+PXyY6DKE1/7qj2Y4sF4Uj4j6QCqYvx/ceKh8jC8tODEJqvBmclXLrt/ErBM1smLuNjcNZU2mb7fgQj1hB1NJt+DpGWd4I0JUCE2gao1fO1eghldwOPVgCYtoKFBUXKiLgaOYTn1HQiby224PSWcrL2Jpr7Sovu6vpMj036v6mbMZL/trBaFnH7n+o+vdD/UoCybLQekGJ+ZpSek2BvvEdZqBVbrmV7LwZjW0W8VKKBsYlhm46+k1e2IAvK1XMMwkLpqn7leRwKLfo9RjmUcq693+0CV1duLZ+8UaaQHYRCumF7P4dohb4lmYGK6V0PyIahpDrz+LpMvchDrtKaRV2IJpOfN7z50AeWFVVUSPaecwWjntBbtdocYN6sOAQZl/K+g/ctMW5X+4dfyj3cxa/MVoFQUbL+ofCX4i7CvBDXy/M0Kx3ai3jOMQGvnGXFpfMVpHNcJN/eOFfUv5mqIYg3HRinuTIvlR8yyFytp8q/EovcoZQu7GnFnOpEoiQ3lR7EvKg0or5lq5EMoir9NYGAYhuP8AAS86Sv0TA5lzbpvDT8rrMZSGkP4GN4VQh0BWgV4JyK7MsrVfcavrAPEqM4Ir0ResSaavtOBiWjGB8FzTj5L+oLUOW1BLkCt6/cwAei4rge7cCxh7Ey1A1WqPdgl3/I/qaC2Or/RKJTgNEbvKNzfvNVtoBnaLXBFbtZ6L3jFrDZl7E0krv9TLB0f5csfydyX7mxTzBAi5cX2IHAQA0An0WZZ+mG7+WKVPaGMXxVOAZxswSxt0q+jmHjgroJKc1eW31BsD2sfMrCDuNnU5lhxcYgGPwNYn47XKvNyg3Nj+F0g4ObqEVuRXYzE3V2azEW3vMzk8RB2CKuiu7Gr5RN/Yg7SkoLXYm4h6JqiPB/f9Q/KTluH0LmgQOqXdrGXL0RG1V8rAmzddD41lTCHIae7mULF1dfIxP3xhqDUK6xswVa+7CdM+IJqCLaNpPZnAhfuap8wGnZC3u/1LIPK2exj4lepwGD2lcF+DcpWvz+iajtYp7zJ9rkfMRU2+Y8CpYvHeINfZAhT9odNd8HuymXcm/wAY+ZSLt1fsZ+Yk3fyT93NsfFR8GHB3i+wTS4vuj3P3AZvGmN8/SXGz0X5PpNEyd8S6qt/w3l/iQMdOx/FaTAoFsQvxN0G7iXVmRzTsAmxUcsbMeSLcgjfl4V7pkxuDR+obJs6B7EbFw2NXNcr7sQbqdiLq/kxUY2vCrK2RA5+1g14JXBxlPiKNKrNtL5YEbTs2muh8zaw3TELRfNwGz4ij3hleRtTFPYKnxMmhffSGSXgXHllTlRMXrgfuOipyvppMDgcCiEFAqLRu8sRsmGe+s308C4exXuv6gdGOypYmd22Jd4PolbA+Y13+CUNA+Y7piDUE8iCbp3qUDl6H5nS+lo/hohbGZlcTYN58gEAcAEtiL77Qcd9gLfYmk3N/oZZaKuwD3bZZt6Lb2LY8LnXt2iYjG0ab194t1ZesGMXpEHU0Sh9MRzV92Y72E+22a/XsTTG/NwNx84mGTFaEFXT3f+yzmXtmZcQ5xJW0R2N/MBwrz+qUjDsKJTQPLmKO/sSx195ThbIJdDvB6pNsvqX4V7ibjL6TOIsZrvYSvqHlt+IW3GgCBrhuR92UgidairW/WINkpso268EDeO8aviBLpvFHu/1AMFHdQWaRNGaXibzSMGLmPyNYHSPFP5WJAN2ZkF27+kWzDfdidxOW1hiFCY5/mqD1ZjQcB/x+4Hd82x+xRFAAGAAS1DEQLU940VcVF7y8M1EvEvEuLN5t12n7jpSu8QcnFx1ExbQPlF1xiqgvgn7oQIZFbEAEJvbMUHcIu2avXMU7qe0o017Tt37jbn1VP6QQS2y8rB4iX1EbC3dieAinN6TTbvMGUFBwRDX3M3OcIoqaj9x7uQ0RauxM/Liaf/B2It9O/tuAe4OJU4gS04jINJ8x14XBQ67w0l3+C567xK8vw8nyYkoB/miYuh3a+kvylwWjim8v+pT9iUP7log9ELfdiVK2qy4LB2I5mX3ixVhDWX8sWXhm/TbozeNSDI1jql9RFwX4nFDviGfWE5l5gBgAO0IbrOXSCQqvdlrX2TVEPLF6X4EW0B8x1C9MRGkYAvC6wxAsKHaBV0xqVGyXBfqavyDNGXgg8Qrpe8oVFm6PvSVQJ1C2emD5h6kcIPpfmNnUyB8jbfrBcOWrt+Y1rgaQUxB3EG3aDcdXLCyU9sg53df7mhc2m0orEwZv/BkQbjk5brLWMuxa+IbGr1TB4P6h8eauPFy5FJy2sOo0abEAQSsWjzUZZ0EVW16DLgw0l5PEvSbes3YbTbpvN4bDVMptT3gGgHgly+hLrLgMxHudUe84R922FvbjBMsAOS4oMPJgdR8YmhH1zA1Q4IMZNcR+yE0W3sRtozvrCavaoh7a/ENV3L+TX1K3Fv8A1VOydwi+v4EWDunVw9ovhjhMfR9aozU5CaLhYuogJcAUdHJmKtTTYh0xN/4HGWVdL8CayDutItUrLenYileyGw/xE0VqgjVrzetEau4s5V6mE8HUlwZeJeXxOJt6zmBpAx036t/wJtNbuV+pUrMqD1aOtQu0tTPFTcNcGJUuvQimoPLB0pSFpWJe9iFb8wUTtDdeYVP4DZcvbWJmT28m0LwesCpQJ1qfiWbS94RcAh00pqeYA2rOTpbkwyqh+SDePFPmWqyPaa3b7zSgN0uIK02RpJ1ws1SMvjB+4YHvL18xczd6ji5T99TXoTicypseZzDabdL6ZvObP3N0OppNoNDuSpXQYufrKlQMhCIWAvzAWAekyvkQYhs4JnLo/r/XzDSS6PEoOX4aHSglrExuV5gFruTDOfjYyLTbqXByw1nGsSv0KLk7kMKODbno3u226U4lJRpC6uwd5uo4geM7s5geJa+QZfYDtmC2owW/qXuu0Fdwy2vhPxNR56ur12eoZgQJxNmbw0IuWG3ibaw/1wv/AMgQ6Zm7NutYlZn7H9f3+Gk7L1NYc+wdFSypyycCNEdjyH+Ih1hseC6XEITTq6vE+N0FDMu/eMkLuQ13tLiLfJqgolqRcQzAy2Jiwughl7OMMJFwQC02lZz6KBboQd2K4WYANHEd+8TZzPtInDEGhYrArBYKjyMZVtzf1D1ISzwImvrGbsqVKwyuh1uXLzDbHvM5/UDPpKxDUhNvSH4f3Am3p0s6H+3gZHOR+A08B1q7mo8Pbo6weyvS8NA9TEz5kjyyfcRBzBQG3XtYT43SsXUDBmB9JSZVb8naYaxv7OzrKtprNHXAURzWkvvE8Mw6lPom0U0vfyRihok0MPLFDKQyzEta13gGAibwhVrB2MR1HsltIryyrqkASKtVctFN0m/YiKdx8T4x8TRCfUTMb+sP1NnxGXL6GnSpWYGDzHeb+k2hqQmx4mlXH7m20rbMrepUrCzQXioavaj461N3vXUX4EyvyWMdJ4Pk6YaavWBY0e/8d/iUfhUyNFRgqsqNBA1VjAkYqKsCFoZd+sqQ8lWg0WtIHBmvmEXiwnPaBZeem6XcmkMsVBGPgsEKEjjSFC0aaS3d7WCu41lTer0/vCZp1Jo94hp9EsuipCaF7TUtHdhvN6pkClHLKrAd/wBZD4wtGI35A96mF8gX7w4+VEz3/RDgrhz9I6wsuL1qV+J9mc+Z/U2IawmxPhRm82JtN3mOruwyLyr89RYJkLynrh2i/ENPt02lXY4lxwnpCyOdo/U1/cBSAljcBlu4jAb0zI69ZyUHvNWpociAgwao+hFXa7g9mIEZ44fSNiwo0+8CNNgIH7M0g612YdDUBdnmYUJTxmObfwh2lT2glreMMuGXIqDYlbql+JyR4Z9gRhuxWR1dj2mqWzYb3YDoxFR7oO8CFGro/cSrM4D1gU8PnWK2MVFfSkr8S4K4Ld01+YbDvfmGLOie8LdgBL8sRyBysCkcbUcdAlTf8joakd/M5mxNUOnwmOpN5sTYj94tW7wUDt1MZ4Lh9jrqPH3YK8E3m80GempUDoUiNWD1ak3darA/IA0lie5XlfvKPEVQCO3WUGLTMrRzL795oLoU+Yjpqw6pOweKIsZNxEKtK03QrtVqpkjDVlLZ2l7N6PaJ3lHZGSYShISrncwI4fXXWZUTwV9TQvUtNCHgQKn2svq02WXUEWG+MBVtyhl9u0zPoFmNrekDdKay83SxxY0aYl0TJcW7kBLnK3v+Gx5/DbqdDU8T++pqw6fem856OkdM2vwVL2lVjqPSH7mTcYmwzCGOB5Sgd0XUZRjZQRjZqWjRziLZoXPbG/KonlyKjGRkLopctK2tXFxNZqrhMLKWB6EoRnQcPeF145JXSio0dn7j9BLcJmUqzwNGMAs7RJTRHd1GDBcIFuyfxlBHWwy43hSNRqhtrSDGcplf/MkoZ3+9m56T9I69OPXrt+B0NfT8DeHT7036bxmgmoPH++Pw2uQTfqMDkfYhXWZmsZ87Ec08kd8ouMBxFqH28XU1k0+IU3AzcRgDXMfM5WqD4h4VGlaD0nkDcJbx2cRjwir8z4n660sW4DxMzWGbbtHzluGbzJKlMqzM4PWEyN4b/IzYbwv9TTXnt9TbbwSa9/BgBYj4/JcCh9Kli2L/AHJpFK8CJYvd9xKZw/Yml4+2bJ+kdem52HrtHX8TV8Tbqbw6aPr13jNk0P8Abf8Afw2e69TUmL2L3MZY01jga0y9BpaZ04YWDMribtqJGa4l85i1BUhjRv6YvNgI9AISUm6KhJtSCdRfU46EToD7nwX111ha8NHhgN7DUl1AyujzigZ1mGJrKHUic08GoBRvW9GSsj1kfuDoQ7D9RQPH0kDjUEVlr+ovCXT6S7UtqtrvDjxfuCu1L/U7TeP6R1em746m03hr13hv4/A0h00fD0NYTeaEf26k0HFuvM2eBLzcdYORXXWYPOhFKyg0wQKAMlYZo0yo5xFVNC1uAnRLwwpy+QY94lreWlJ0sHgqw6mU1gImnLNBPYtDIeZjo0gm4x26jDHp0iy8TJjmK1GP4ZOvdKmVTEsZOaNE+Cwf5cTR/pp03PSOs3mz1Om/XeGj+BpDpo+vQ6bxjd8E2m3Rz2gOhKvHOILe8YfqLdN4ihLrlNUa/BBr7xzFmCosWxBQuEW/40X2gY3mlstRyLFNdUMR6FfQyrlq1IcCrasYNba2V9LRTslLLUGtgUS92XzN4aXvCKmTDzTDtKqxDMvq6QSulnSKi/5iK5eGaCHR4n0n4RY88YaPM36bupDWb9d38W3XR9fwNY6r2m756cTZDK89RsOyHkUZy5iDZVMFI3Kmx2xCaQMIHNVZFQFKamokE2eGRlHEJsEOntEVInAhNBAtpVtKOJ4gKS7M9Mg6WBEmVQRqMEwg3dO/R6XCphqXpc5PlDSZFNzx9R30vrfrq6dSCbziGsdXoeu3Qn7fwNZqsM55V66jtN/lXptHR4W/EoDtKx4g7h3BQN4affPRmScSvjrNME7HyI9HxJkSZx5h+NTuLjlxBq79NobgYFpiCEaTZsSsQBhuO1djXY5RqYlLVLgs+t31Kr/dotMaE4R9D6n66vXZCbzchqdHQ/N/f8CDTfeYDx1uhe0wLt1wXu+WpgTiOESqlviJbpmFsOTEZom1yTQY7LqsyoH/AMRqOk1vEdS/uH5GGannpt0LYY/DWLbTFpOylPTAk0J/cWXc/UaI650jB2fuUvw6Dl8dN5q67E26GpDXo7fkR+/4Edfh/D32Om8YaHKP3MxEyMMPmYHwyhEYxUwaMJVFca4TuAwzaGx8TBO8V+/41KTaaMvd5YdN5oQ5/geZ/g7sWjtNvWGu8/qKj5H7i+E3nPQ1mp1dpt0NfSH8L9vxdXp9/honIjN4zYf5RHmUYrEF53gtuJGbzIS4js4+x/ydvOSOk1PiV9WogWMJcuWxCD7y5p9Cbxhp/BYauP8A05Zvczb1mHf/AEhxf7liub9dU36uvU38Q/E/B+34uh5/X4aj5Yw1mpIZX/i5ke3QmZWJyRMQYjMgdoe7ibPKosOyaa4jL1llfEoZHhmCUiSvww/E2l9d9Y/g/wBnmLB3m3rBS/zEw7n7zRN+pr0ej1PyIdCft+L+36/B0nEM1Q38ZgxcD5ZmtDZBVM06cFIl30VDNvNY0GvT/M13Ux7Qgd6pmt4jqTExFldGPV6g1z0JeP4X+zvMRDU95g+1TQ7/ALTQR16bw16M3j0Jt+Z13fiuTxfy9TWGV8Eeg0XZno4fEwDKyMVgFfETQ9WJq8PhFWLVwMuuBXioEGbaE1t1tXHqwClDdoSoo9pf9dp6hFaeSa3iI1Dh1Y9W478HQc9LxDpfXO3QmiL2CaPCHzRf77RZ+8i4Jv0YdTXo9NvzOu78N4/APrpVqHrAUv3JZyVXYgSn+aRBTZ2JhnJyCGElmlV+YYPWum9a1hXzlsKQXBHekY4L7w/UTguAAIVpichVlONWTCymoHVvBBMKaW6ear9G+0VH1i4HZzoy4acKCzmDh+irGJK0er/U04jcL/ZNT660f2ZU+Z/QqCFJ8qKjRVxOnk2iR6AzneYhNo4MTzDHUwy/yMPGR2IavMVPzX1H72Ok36kNehrN+u35hKhBZYuDVhpvVJyeCkpKueFfomivJv6mq5Nw+zNKD/bQhs+oKWRHW2j8zPo8AmoD5rNA9Qs/aVMbaKGmIaCXKp1n7ZL+oL9Lf3B718AlPIo4Q+QcauAewDNun/sI3hDVam3rKStwM1XNO+nOsFiDZs51fSEXi03vUcRxsfZZarjv/wAIoyXk/RgaoW39lygITQU/QgOEWGynxcpQUdKh6APcYGqYVTfZgL7mHgl8q5ol9msJz6KZpBPCyfImh46bQjFf4NEVeEitPEPkmdvEv6elv1NOpAzLS0FB9J3ynMolEK4j0ABDdpMMABrJba93EPYDZK/NfE2R+AfRB6V92bAPH/Uq0Xx/Ub/u/UdqvlX9yrayK0E8VMZhjjEmy7oGaF0qAtIL0CLFtjxLwUeK1mlS9XvKAesx4TptEbwxnzX9TJmjPOQfuBnYKDUrD/nMbIeNXRdXtGvMgFibumd4BlYAi0QNGlzKuJoq8MxVBkMEuyjhC0dWHrL52Y2x2seMMNjfaFGr3gsO80EvoMDNx/g0R13z+48nmiEituAly8D9xJWYTrhNTeIDCoJxLOOpqly5cuXBiy4ryBhy+GVoNXYY7yeD/c17fWr9Tj8z/iA2Hz/1Kz3QfuUaPjB9TI2TyROo9JYtfeoZa+SCNq6r5/8AJpCExoAzI2vJF1QEy0yuOlZ9/wBxQVZhpjuLImdE/wCQQYRDNWMTlmtTXjlN+0Y2o0l5C9YFqfdn9IWF3AVfEN7eBXzUpD3Z37jsrVakasky6NQHS47xUtCtEaGvXEwStQ6h3hSbdJa5gXDWLGk2he/Qs6GnS+ceYnr7kdpPgZxJ8S7R+rHQCUnDIjw8k0fOFJbYbQd7H7r9xjV1joOXQdRXmV5lZSvwHlHuleYSm6vNcbzZI95X/wApQ4K8/wDIvh/zmf8AER4DwI/rctcr5UNz5lycHrHEXg5zCI1uCpwcNRBvIMJyQVJm5WkFt6ssZ9CXewKyXLHJdykQwzmyyB9aqGz/AMmGCq6TvHbvEGpu4/Yy1l6SbX+oubcan/LTeeRYwj9atbGbIGBP7SjFLwxxk1jyyKKg8NVT2cy5A8SOUFUU4gv6Yn7gVrnv0lKaj3OM1NoZItVN7ly5aCGJdtX1mSW4aYsHoUA2JsH2InSDMLaFviPDyS3A9iF+5o9JiM8PuMTyTuSkrDt6XunnPOJ5lfw955TynlPKU5lOeklTiBNn6+IvSvmTQF5bg2p6iP3vD7j9aj+4ju+F/qJqeoX9QkIB3XesNOni6/qNNAeRMND9Upoa/wDcTir4l1i+BiWwziN+PlBWR+qGuN5UDpmAonrKMCd7PvrAzUxYe8ERvAc/ESZaO1qm+T2fuU0WdDgqbWOb0YjC6citHk/qNkoMnC70nuifaZhT3/tg99g2TQlBaSacIX179Mc3fSL1Fbwx6ocH7ZjpvHiy+TUS+cYscD3T9NwNTWCjSEVTUpFlDex7Ce6JdWn1AdPPjofpT5uNcJkjFovmX56F8zyh3S7zA0G8ENB7MF4eswVPeaAncUq1+QH2x+a1vqP+xe9R1XvEOnqdq/TENF9f9ED/AHorRNGiKf3MMABi83vDoi9z6mJS7H9kyCvIP3F3AexNgkX/AOll2dutsd4fqNzj9WlHyClOp84+5V9qdGh/ztHZP1xfbwF/qW7fiV9T6L+4q1bwRXMMyqJNRt3Vl8U1r2lFtF+IzA8UTKXe0ARpdSHziWy/I9ILkmiA+bw/8BLXrmJ0eo9E0ETzUMNA0mgyu3yQMwntAmkdNMPDHg+IroMNIL1jHNzWFUiajswDlRwBuQsDQFNuGMsM76PrzClq/lNLt41e0+hwfbFtKcZ/ufti+gwwn/IbE5fg/wBiNHO6f2TFVM7ifUq/LP6EtY7sgaVIeb7GXtv+BYI4ph2+uQexu5fcbKsd0hj+7f6lBVg4f7YbV90XMvIfQxENg6ZMJY8pt/U10I839wP4MhpF2D9Rtr5UKaj8udp6rAdIgNPZQVoDwRjyZ3IOXlqloQQ9HxmqU6iJUIqEuszhh2M1VvSQWvpB+pyr6D9TvqDc8hynd/jvNTzD8RdYCpqDre/J4iVJvCiah7MKHHzcS5AcP/ssiE30mnHv/wAl1J8Fy4eGaIm0JD4Sv6Jni/rTftg7dwD6GPUY/wC1VHyXqpX0GPV2IYuBYsKFn+YmvetwwTYbXbfCEpRomss8OJd8LaF17NRToNiDbbYTTgaiuIKkMFD9w6+GP3Ldqv8AHEurUNaT2ioeQS99s1IRFTmXWDyZkYusQ15QhML8EK2img36iuvwB9xA9QWiomamdPowKrRg025QURQ0lTxmua4OPQGOkknwnj0kX4grJbiLj1eLKtoFxcPGzRjJ1X5VKGXMQ/gdblvP4gUBWoljLRZ7Bj2ltcniWHYoWF+JglaQWZOILJUCtFJR5BcT3Jid1tFg1Oe8W4hbDoPEUhDU3cduLll7fMeIopYDYaf4hpFlHcNfJEwIvnAluS4DN2sxFZmhBb3ijNnklHQ1F8GtFWiXLW16zDBG1XLzC+NYDMm+JbtLeZnmFnAKYqJrqa3qjreEpF3iKSAaSsrLrVG5EqlCkU4KiA6QgjUJVhN6JNIR6kSl8w0ZwhGM0JDDLJTbM48Fev5VBj3lAh02hLmvsQo2gkVqwaBtkG2TZkugYtsHErIvmI/YMXIjhlCWBi+qiirqBnIN69oGW9gD6UBhxRreRIhCoyEXPLAgqqbhhTai/djPTACxzNcfGmLdhlKBHi3JmUaHVK3g5+rCqxr0ix2Fh2i1rGswJlluV7gT/wB6a4frCu33IFx70dIv7QZUgzXMo46WUL0Sp8gmgQOEOIsJySiiOWbjA0PecomtIWrW8tVRGrlMtiWD5jWvMuesQVqXuA3nalgxHj3lwrEMhlr43lqLqQbPx3Kad42oDCwz1tGIQMu3MILctvWW5jYZSchi7s9A6kJVWDvAuuCNPzF9QXk9pfELpiw94MAUcJ1lepJvAJbGflM3KOCoS2O1QEkysmVw8119Ii+WapXpG4d1lYJA64Bp95frQ0sHwWLHD6QgAwKJgVqyqN5ge8AK2gsgwBbIKGEaN7CB1Xkwza3xmiU4ASn+ZRqv+1CvlxKIfDBjNkekyh+wgKGbJmIs7wITmFkKuEDS2iaTebQSieU2QzACqzKQAsBY1oxBMQSElrtDTjo69LuEFHRnZSwzLmiYZPVQOir4JmOMxQhWsDv0beWvfQhDpqxfw8QejpLouXMjiqdYlXVQaD0i+spaJX3EplBg5vmM7OdQvX+5R6hmuqZ09bTVwRQBTzDQtBeWCCqTM0kWh7ylbx+JjXejvDfaY1RlLPJAYdjwm/yY8SrCGOmuI5BNoYDFY50iukzJdMMiJQxbq5qZdVO5LsLGxF0lgXrnreizNJuespxanyYlVK6Jc8oaXaDbNd5cTm8S5bkYNSppLm+OmyM0IY6jmHQgdmI3dbgoO3VKiDAgNbgVF9hlCAsAKCXpyNbWWd5ZAQe3eCG2Nrl3A/aHzLfliLF48QyMDfpBUbNkKy+XRh1yJmTWm0xnpuDddpnqHRixYlyMRy1ixYO8oblljclx5ixlwZcvFTsIHxowjNy/xsE7QhQfg6Q/CMYxOBg2A2iTpAujE90adGUYYiPQ6D0XeYC8TS8fiVzSJtNx6x1wOQNMUlM0dFzMPCn+x3gF9xflV7BqfX7m+hj0lxGp8EQE5cK6IqfMB8WYrvLzLmQghBg85lwYQuZcuXLjY6FuPS+g46EDQX1IZDJYESv7I/8AKx/4eJ78v9V+4sdL/EsM9FrbpQynEcGIptFtkeaIgorpumkFly4u0GZ1r8cdz7RIhuG3nKbC21JblRYY6hMDBitoa4BgLmQj5iSzWLlm57yzklnJKcko7kYmhQeHZ95uBKYLwKsv1J2nwwWG32Mu73zAWjc6bdXbbSOv4vU6v4HQ07mZV21hUHEmN6z6SvT339R2/ewhp0gywOh0votEsl3Z/C6Sq5gXcSliMEqd1HXKKNRCgcE+F1uXF95tI4J05/6giWVbU2swMZYyoLK/nBtSYrTUFeLK6UosNY4XtlQfeWDxL4iHRd3MOMXVqgG6WtcKCYjkJYk9bNWOxwi+ElivomM7WLxBd+GXLly4mEwfMWXLlxZcuXGXL/AZV4iALvrAQayDV0D1LlEcFaNx06LlzQ6m/V0mp5/kqIcRDgnAe02R7T5E+B1MiA0adYAaAvWpreZ8CFRItQ1nzP1D4E+X+01YdIhcVIc/qJBUvi3MBpbQlaEBfGhqakdHiankmaOtM9UTeE+mbPWbQhHeM36OsdI6fgQhLd5/Uzo5G72iVVV3fEEuwpKSOy/zd4/6L7n/2Q==',1,1,2,2,3),(13,'XD112','Asdf',1692.000,'2023-08-03',1375.00,'GH',_binary 'data:image/jpeg;base64,UklGRjIkAABXRUJQVlA4ICYkAADw0ACdASr0AfQBPqlQo04mJCemIPCZ+PAVCWdu/rEuWrM3VLaOzmPM59l/sxYn2nqy+x7EoAHZV9Uf9m6dXqupLq+V3uOw/9M66/B3ab2ju139n4vaA84Rv9/0fNn7XewB5a/9nxZPqP/H9g3+U/3X1if9PzIfYH7xemb7YHU6iyFsqrFC2VVihbKqxQtlVYoWyqsULZVWKFsqrFC2VVihbKqxQtlVYoWyqsULZVWKFsqrFC2VVihbKqxQtlVYoWyqsULZVWKFsqrFC2VVihbKqxQtlVYoWyqsULZVWKBWZU8z9W48BS+nWETNtFA8mNQfBszvJ9WvHyN8jmqhnwrfgBI+k9PfE6RGYj1Kli5llBgQH3+Ni8SpMehUKwPowsKYXmfosIEPnvthSXSPHWAfRZnJkheq69CRzXaqzUkTU16FhHkrSfxYO9f2+FAyjC9/AFWQm9DxsEThY/NYKtYG4BmWGfmiNvJWt28pcpxnk/AMikdIQaYJgW9T5/qK78v7xgECYUw5RkMEf/44GwaT5lmN9yWHVdms+FeTELvz6aL/Mndoj5Sy7gw+BfnkCKeW3neafFWT9bTsGmzMoZVWpJI5iKDcHowx2HwPQiw3qZhHp16Qln5xVo9xyBotxeIakV2SrCSRU8fm0tuPPfWFDzs5WpiArsfeqRWhRJwfMOGlAxPLUBlh3zO3L0fTUcc+6qLY+rCkqXIWWdNv2COTnQnpVyCvPC/5VxyUoje4KZk6Z/0YqefZVVukcArx4f7ZD5xuIt6YJkUMaeYkBwOI1g8WodEnD6qtNi+40H/aNC5soBE8rUhxAWL7OnKmOaY1CfQl8r/7EUXKKGCiVVQIgnqtF32E4SejXm4YfijaRTzPTtAYFmy2iogBYCB+Pj3T+lLyb5ojWeUIQppDZdtUF6/aam2t5BscdbNYdr0+SmY+MvtXevlLJGPqlB9cHBYAEoDJLhYjseLQgdnLUnRCxXMPGUjcQTslGNFrSoLlius2ciLkEDcfDBd1JkDjl86hrrLGeAQMFFqTVZEzZgGDJxLBbXJCielXHxlgKgUiLsF3xXRuNPVpE27bbc7c8qe+l1xGGD7mw+YUTrRfbWSzAle8mPrmmzRNlp5FavHFfSs/A2yDEt2nDt7ZhgIMdJ0IGVI8UvsHqtZlu7j0hUCHL5gKV80w6pLyhbVEJXODbUA7TLVOA4KTnkrHnd30SnUEjjspvyVJdrcp2w33/mXk/KoO7heYazeviGN2GsgOK122Mrj/IRRyxiia4bmUN2YSoWk821rR4UV2MIGWYG7B1gp2Vm9cSwNmTSoBv7M3rfAszTs6wlVTF/Jp1rLKgu3FPC9zAXP2wTTVKnXM8HX9pS7K1qFBUR0Tug+DuF2kvOPhlRCmr/KlBzJF4rfqIgjzVOEy4J7TS7xsHqBzH2ahOaUcgeKGVhrgoFlMG5vKKVBoZC1sAUS7pHRLOMkqnCKTJm9nnGiD5SE2qlr/B25ns+D2bIkYpiaeyOaS8sUJteSpBoIdu7+TEkX9yOE2cl6Vy8xKaIC4WG1kFvbpZaatxlR5biiam6MkSKeH5wJferqHj8H3qmBzu+mtRl8UdeJOR+nsEvxf/PXZSxJpnXajKCErG1bByyzO6fstc4tynL0MBDCaBy0AWliXBmcD2Ls6jd52O7VTffrEIJlMFj9Ecj2InmpzSPmnWYqA24W2t3MhwWZFbLbvVLIZvsNU9dzjuWACrZ7N32NshS9I435rgHZujwPoPuIXdPhb0FFHtC1vLfWWPZA7K5kXFazasSpyLhBojYoUtgVw+cGXr0PB+K46hSpzvEEH95aPePia51OIbJ5aivkE9TaKii8Pmv+ADmQQBmEym7H0A8mPVIh6QGoZ+9DY+t+7PpLEzRt/rR30/Zlo7gawG4H3SIwBx8NtGYiIWSDbSM6FmiWWujEo9+okKBxjvQp5A8zkbzBIzLYPoD+vnpNIj0PyWg/+tBgp/3Bb1eb06H8/RE/uUN8fAbRBHiV+yA2MAQLVdpiPFCIFId95IJJ9xL0NUHJi1/dKUMUQE23sqrFC2VVihbKqxRa8AWN6LXgLNhffREQwZnN/cOsULZVWKFsqrFC2VVihbKqxQtlVYoWyqsULZVWKFsqrFC2VVihbKqxQtlVYoWyqsULZVWKFsqrFC2VVihbKqxQtlVYoWyqsULZVWKFsqrFC2VVihbKqxQtlVYoWyqsULZVWKFsqrFC2VViha0AA/v91AAAAAAAAAAAAAAAAAAAALRS/Dde3gw9vWiC3z/fpLcQlilVmqk6vriuY7MOLovH0CPvwdut8qW0Gva0WU3BFAFlDmpAcS1x11ze6ILzIlmzyAQ++UEf+BTpgkSJiIsSzJ2+KzULr0fJNUWE5U0L5cWVk4HCillghpepYJFQ7zJidEQ7fdfHQuZm+HYaLGWe5fwpP7Me59xJ5ZiSJLAdIOvqfndmtzc+8/c/Bhvltl3H2wx0b/3m+xtAksjIxh/Kiy3cctsOWucavS+PZR2RFdCYt0YsIx5OGZoeQePaAWhXYzQoZh/aGy/WfpPTU0qnRvnnHnKLJ21yCe2m1T0SiPAv9ZsOKvPPAzW7+aYJWvs+m2DIBR4Mv0EsXB70aG6dgT09ToJ2meXJJluYMRqJDzt0qatxeivAxQf51dDv67aCs5R+fSLxLasM4Hda/ti9gr8+3eQlILA0U35nJ4OqResPhpGMkRoacPQiENMOSDoVFIdPF8qykv0jSqTF4OzsSOtVz56fWZLB5G+2mG+nsK0z619lkBxt0K6+EtlwnYcj8pEwrBAZbd9RSTD5i9wGBZ3tyGQMfpl6bjy6pTkOHh6x6lwabUpdvfiYJ+BC69p9Daho6iak3BuY0JVnvH2UNPILG6wOligWaPDqhWGxqtxt4lVxolxwHK4rVCqmhv4TyzFwC/4qRKkWVxKkNyWsJ+c2vgvijA0jlGbTUXCv8j6vubQfU+gU7SHXGBaIowFQ3BEIBgkyDHg6NREvJdSIvoSKSbdUakpBjDhg+hr/sx0GyHdxlB0F14EbD2Y11Amk6LFxLa/W0Hm+BNnz+Oyl2dU+AF53xrEogUHh2ccqEF/olVOCg/TlDWPWZb0S3ZzwKNn1eMixD7FGbj/wamYe4wnOLr9Pv2azBvr2FHeYTNoU4WWSiLK1vAbpa7o2IpOsj7Zj907ZjiqQC2bGCwSW6qiOVRmo6c7KZ1FIQFiNSKA2uqWGe0u2JFBT9wyUoXreM6rHmAHpazDW95JUP6hjJjp/KlNc7DVKcOitO1gW8vEaexXE1+fF2K4Xz7W1dCoMQtngSEtxvvjf+l8yBILS1TcHvXXf5hVzIuRlr5PaGtvBLiFn+9XwBaAizj7Vdn9ogycq72jlPoc+/ALWVYtZSXvcB43k3sw0TwpT/dykF23F6Wza3G2+Zq9OWZoV0Uu6qvMNi2jBxlnBEhr+4owzkK8cz2u8tUsjK8OX9OY7Pg72SsKWLs4f528GaT+LwAdWf3cwDRqBXPChS7/W1/nmL/9zTHltZqhFsfdlYuDHhnvUxgSJFd72xZ4su9ggwlJbQVXiML69rxuKTc8QxuoB7g3gNqHOdnjcSuK7f6FAOe5xNZy8kMCA4udTisKZw6+KndJCYbx1TjNwA4zLb2TRB8hcaiRGjAMJ6SajNDebNScRSjWG3I1MTVAY7X/HLZktQkaQplMKwsCUX7fAD0us7t5dQhT0ocGiJ5NhYQaKcLu3UE7oUmsDretjFJIf5j62CdvExe6SgfOf5j95W0X3HnPXRn+IynHJS+/odAnxwzJD+M9TlqMyegHC9ZIvwhWxTC3nEctZI1bXl1qlrQL1CROxK52ReqcZsTjvkYi+j4PpbhWWLwY7P0/GK+63ntAY3evlBnzB03UrZZBH0dzoU7d7+zitMrcSSsybEdGTPnaKciMKUciGNsBxsbvh1d+L4FI4NESQoWbV1V2Mq7N6FChrjB2YV9V8oTR9BLi09ni5kwbMkIb7s831WDYLQEfFHi5S89asQ/VUmHYPLKw9YcPKxn/i5FJCoikZkWYFR6q0ue3ua4EvEKKYr1cirjTckR4oSw/ZhqNFFhvTI9RwsTlmlT0S9sF08ixas9hQ0A9CrGTFD4cZ1508nrOX1P5MTN+PQ2VPMOwQ8ArZzedItzHadGX48rnuLgkOjuraUVTLrsuXEZL3zY2pLJ5oV4o1rDBmMoaXJ21KTEv5tVnHLXfEkx8i6MkJI7YBSb+4DwWHr/UmJPB8x+x+xScRgZTLfqFx8mhqGTYdnt55M4o1IGGe54hHPDsrVFOa5Rm9UXg5P1Ear8Z/3WpNImdCG0lCVP4qY7Scg/rF5/9K9cFdnXhz8jS/y41rUzydZbwHmtPpS35Zc/U7sUsiGfpBUI6nfODD6TmphjZTNwS2XJd+o5o7FHi5CGtS1vxh+xOk+38rfl6Riw3J8+EhLmmNNPqX0Y6l/f/0KKKyU7RKFET1oHI8YVvr7RnhsRDLIZBm5O4Jhj7E8obmjymCO8EQN7GDWGzNxjzplRCOTcQ1SpZVuEQ5EGYvbnDIQnqNRlAW9XAifv4uE5MqOo7Crn7hCH4Xr9KRdNr7hCX8LYVv75pVLNS1tK1PeBDde93vusoEXrzleMNXJGvE7KpuobQrMfz4/NO7OAsFXIkc/pEwE4zQKh13bvmhV9mWCVnopA2gU3j8bxhLyn/zPiFtltPacaTydyGBBStfW25CQ7at4lkKqWaA9zAgi7A6FpSpc35UsYb/FxLfv/5YAWSJeCrv9fdb6oFB1YC+ivOl5gkDVzjKQ6N4jy5Zlq18srb6LL2IXiOvaq8WYdm6QPIFX7XA+DJ/nCWIezM7Kqdz3hhP6h6V19jLqILC921ZdNfDzbXC2PythiNEmgHc3FcSxeakkBG0QSjbzhQqurtDsDyL2zvYmCFUFkMP6rmwDpqEUcMbbMtoVv4Di+aYM6zP6Pvi/OJXTSqgQwNUU7sDSJNPJFybZ+mfjbufAmjj3l6C+J9zodDwPq6mkIG1pd44tK8uwU1DFUZA2qO4Oi6pIo9Ew+0d9uXIgDzpoKKmY+wb56xP9151drP+7Hdt0QNjZQ/uNV4BSMpwdtzEbREQZGgnECK95yjrjP8MeqiTQfSDRk734HxF9CC+AKz4zr815HocVE280ne+ZFoHivraXvgdHJ02vHjZTbrvWrl6vuawzSovqj4hLvMbz7MLJYBJGGkYtoB+uMvhwqf8g8feSjedwiD0rW/4OLMnR0qsDFNiPvhpsiCRqZX70tS5gSND9+rMEo756BzKc3+eXBVsqpFQjzt+0Ng+eM5f/Ibt9Vq8ECv2G/6rTazITrDvAW7JWj6bOlqxv6jTV/IirnVpnvoXTDgV2YYYZLxHa8X+i+CbIst28rfA4P+XcxDE7lBhTD29LrdZO5GnI6h+yfLfwZ4AjuMY8lb0F1EaWzekud0mvfkiQveHRN6DNBSWj/eoxPv56ALYpRebMyCltfA1RIJOAkiGqmBnGpHcw/0uX5Cv1ExiqrN0v8pH6dleGv2cVf9ZhXESox9NozaDKzU3dikPQ8tH0b89O7e0kz686YCYrXRRWnfZA6hZSoNaTjlMfDTOiL2p9EUjYK3u4u7wJ5eg0HzHmFLq67T/RhsUAdzTJIMqWL03z1kebe1kFg/9eQC2k3L/yDMyZoGPWg6GCHEC0TMJ7lrGNaPs7iaYRiKfCeS4uSiNrdIa9yLqRyRIqwO+ZomQzdXIM+VgiLivnmL0BUxhE6x7ZMNeH+AWLvR+JaP1Lm+a19QEDqD6f5d19/A8lTVBk+3KrGv8nnlc3+63y+mQVKkfAd0pD2d9I3RiHqRBMAuLbtzfTk2BTUuXviYmIpg1cuLTno5KtVnLA4/G3vIWHSBkS5IDAteUJQNXTQyeWgIhH7aSa0gM+Om62F2GCNI0ImmrfjuM8JMUw1Rf67LU0JvC856uF9quFGLZ02zvgJ5bzPenp8extF2ZED3Kfve8mkn1ytwwe5nV+tuNXQk//D2ePadLLzFq1opOvkEIRv1WExIXw0eYlioRDAKFueszeQ6Ui9+cdOHxVWLp+S6BkN0T6lzczEC93aelO2xHnXxoXgB6F3/jaFwfDGrLXJp3ifTCCUm+Cm6k/xKkppUi0XLFD6osG/Gw3tzS2Pvv5c6SKFae+PIrvXfsIHZ3oh3X3P7iyW5/5eJ/IVby8zGSv0NV67CYo4L7XJytzU+vugd13xeB7ZiLpvOlneRsd502vG3FPz8fpnlrltxRYhO3SDtvzAMFRdUnoyx4LsVCRPCcetWpayeCod1Jt/z/LckR8q1yPXpgPLl0oLYS1DGQAV3w0m7tf/2GHPASD4qSDCIInJVOrO4GyozKtyp833LHY3+FjoAO4Z8tl3ipe4xapps/PWaGENCLZqWImS0SqGgR+POXTiK5rI2pwZR6vn2krV/Yq7g1ofC9JCHSuOBGNkfm3UKmR2yCtBgrinXyQGPpjoHukEG1dZzZI6x6D9proMvs73+9set+UIig665dYzCdBiSuYHhfQZb9UlTRPrU5PFCVo3e2TbX3Jrcf0Uc36hdRaGzigpTYIBnrl0Ldd48aqmywRh9SMCd3GIn6vNq6A3E4W6MMWf/9y0qmL6T4GStkUwfnBRVuifsCJxhSWm0uePJsucYCbpFDgM22zNPjeeAkxnffNPpQ/RVKUcEM48s9BueeSziB2CXngooMfpFmdH3OcUPuAqx1KfrkhCGeLKYndc7sOG340mWc1S87cCYUK46bhnwSRQDSzxpejXftmeM5qKCPSBzE3f/aFOhaE+/iulajbUTtGG+xPJeo5pNgTJwD4yJeHp7Z7R5nQ3K4bO7c9uHxaqldnu0I/UmJQHod9ils3vCB+JaFTnqtojhGSAzx+SGibn+lSBxZYdF3M27dbB2cnU7i9vWH7zVFpVxgSQsMcDqTQBMiIwZIt5SA+etzfF+qiPnhhSlwGZ1QhWz1pmNcIO4w/TN6abZ7aZDMJupI507F+eBC5G7KR/bFSBqmib9rv01wZoP3dqMBnaaz2wiWDvRAFDC7mTFASA38AJEvViUlNQ5s7umL3KL/y+m8FP/ekku9LNpMjOEskTVMtRHl6OdIHFDpmspHRApmZ6GL2IsT5MuvKd2v5lyfPZXn9W2DUgJyLrTlvVCqIxTZXjg9Xcs+/6Pzlm/iT7RVEcd+6+/gygWRvNhhxsALH3f2IAu61mXod39uhjiVlg4AdrBjKpvXKF0b4EQRME9jrTmLLK5q8/o8q7lFq5ZNckRwcL7KjBhetJ7cu5uOBAipfeWtRZQpQC4LjqjBZTMYJn+O4s5i+h0jSXW2P5z9MYKUrB7743i6zv2F7PbukGcNT9rvI7J3+F6kqhq8wsITCORUwD83GyQvaJNcPq8uRcj8O6g/TX351327eNkKCiCWd8gZNkCArbQ6PI7OWYZCfy37mKCcwzSRwWKpDBSDcfoGKaF75nBHunBIkgx9k/4/JFGGFJdQVTLsRnlE1ukecUbKVLToE5iY1/Lq9jiLtZtUXhj7jmlmumfFQmyprBEZoR5pYjjrfBgRQjfWJgUWn2fc/7sDq0VjKY9Y123POLcmebLsDracZYOQ+tWa7Jl20geqdM6GyVqJmE7T5Tgv1BcqQQfM31FVqSdTWty+/8KopJRrK2fwzVB8P+A5BGHMNTDnt0/r7QWB1Uu79WGMiBdYjKLKmPvUnLc4RPaQJRK6iMAM/4IgxrYles/J8g95yZRtifPTg3aA6PPNxcfOTTeHV+iy7nvrtYWlJBle217iiiV2TUSSTjekNYf1ATCP6T6x5Wj7EqEEbdjIU8mIq+8QAhCRZQsLYERpSixsyf3GV6YUL4A/OsA/vnUpItgYbkuMnnKQ6ALTgcD28nMV0RF3G5K7KUSkYOUmwo6HEnRfUNl+vuEEDUpRq+IkQMiPp6KUxJwlOnPqfToO4EmIu0D+7f7Dny9NXFVvzPejFnw2DiFrWNYxYRq9iIetVwx1X4HPcEZ7WArjtDnynHgVSwICG4hO/02aGvAuR8Dq4fGrrGo+BR4FTkewpxI7v6pZYSQ5xEWw9L79wUhc6XUMXSZPe+V99ZwGvGZWLymGAa2X0KicSThqgBKqWD33RwZsuKSFx9Ws4JKgPdvaw++vF8mofL+Mzl3MivZXAWJtyuO0Cb9YfTJpVa7g8vYHr3FHOyUyiJmZOaudNb1zgck9NnWrzw0+uOZJhPbZdH5cCQvbAt5p8+6IrzL8Gf95QBaOvHGjhpTO9sFdHD+HXA1x36Z22hOgJuIZ3GgJXsNtTkIn712YHPABXBz16dU4BRc9oEmnI7eZWBnII6HeN3iVL8cFlO9Ti2e18AY8ZM+w9uANV8wIHa7rBnghnk1ZifgY1+gtl4Libf1SMiOhpbhJcvLL51AFBSpp1vuzWlVZvI18+CLb8SePBb7QEIAgVNP7vmQpEn57ddWfTG5O25/6/mA/rHYl89dKqzmgDRohhUd5LuNu8rF0l4FVQ2MqFvs5/i4E9EKJ+CsFz/s7Vo48na6uFeQq5SYiaG/Dauksvtq4Glu/1VF4iO+elYDM9uEvx9WyjTlLq++paVMGzsatH8I3TSmxYOefGPDVu8Al8DmuWyYYY3eGYGeuV2pg6GOJLKc8Ky2KLiQS9hZjYvhKY5uJH2Y0X12v7+rjuuRAyvRO7xrqLM3nTMT3YeCkmRRqJJmhovKABja/eDAKwKhp/Prlp0pEhsGaKiNmvRnzthIH6tYMaFB3qiesFre9ypnYFqdWHTsWS824tBcxiaZqTvxy48OiYiDYf9sqpH5MhgqCJBlUHPFqbDco21FhxQiuEXRNtG1TrNNu0Ha7Lqxpyfbgcfv/X3UZWaHpCbn0cKv9/7aWMPZ/9KzLCiSqxpbADYACV04Hrz/TvdauRpt85AGwhw48BbxMioDuZIlUrB+5chd5E3M2+DPP5hC9VVMI8O/uRiN+YTCoY5OKbHmOzjkUOCWke5CiUQdgkiNfTCfmcjDEg7W55tqwRlrLrqhAH3FiHJmZQJuwLt+SvIv7p9/1uBcpr5UL7csKNNcG/Io+sT0hp6hF9B0cyYz0kiYJvuA2O3IQp9uMFyF4VektTEkb+CUXQbrLFaHuwwfVYuL7C/2gmvRSWuwo1M/NhYIS/BFaKnAe07T7FfzfRr2zOleKFw026MsoGuIbvRM+2RMRiMoNgVgaE/tgEDWA2/1t3UUWNR4khH81j5mPxeeZ5GCU8D4ZikIaY0KujFxQ0xr05VYwCpvDYwiBjb3d1TgKz+3TPFMuNSHAUZbToVZP6ZiUjJPsSiOHtnKdbb8GLjI08gQg7lZ/6f54zK9trqvaye8o3eZ/iFbGrcNaIt+5VKa9p0DAy1ALVD8sPUsJ4PLZD0zi0NztTDktFXi2kWlBtZbmsyNz4yve7RFgGnbsP/WRKhKhv35QdGztk6w3kZwoEWwehc7QsnFDtEosvl8ISz5xByFOg4YmGy97Yz3h2xo6A663wKBKrVws4xbMs5UmJY0VFCs5Sq7X8740psMe0Inl8cs34mTJ+W9Rrv0nkUYQNGtmQbEBYmnTp2PvV0TMcyMOvTjZY34RXwym/p5+dQdQHEWLXcdDvWtV/txIR7NW1jlRFZyabUSQ2Vy261JQe+GUjyEI8INwolv2Nq5Zpb6No1DFWoE1BxvysPa3N7Bv4K5XJTXH/7Wj4LNQcetpefx0Wb8b7BaGj9/Sf2TtdjKWPwJcijSl0qG3dKUZxFNw+eDkn6Oljb6Ha9ZtyRweBGVH3XWGl/MINejoDxwK4tq2v2/ybB/ZCT3OgYenBqgYKyED+bpCaruW/kYd9QARNmf8UCueveTOt23Ib+iFJtXZpK+2LItpTCWJhSW764OC0lcv1UmuKTa5DvwKxMfkrjWw+rKm4V/0BePr9G4w6xyFAX8XG5ol4/VSMnD4CAxR2j7TYNh3bKH/Cu+FyL/V+Ivyoyw54QZTirbArVZ6VFD4hEru8aNbpkF1TC7uGPNktb2DIOKUTJEp4Bj1+g16puia8QJuVWdtfUuutSuFYoVVjeAGhFOVVCzCC3DoIgxu5HjalxRjTOzY2tQZAq9h9SEU/E/cyFjaOx5JlsXEdeDd0A0zS3BouaAxsjTSmdVXDm68A6r63E3K3MmNE9LAUtJBnKgrf/8cFxVHP16Epdg/Vzxilux5zDg834pez0SNrFh4eJjKC1eNakNlCCQAixd9855OctrtB759sx+63BWRHzvS3b+TdbZkDeo3yChed4bg+lDo6dFk0sy29JRRsfJhPLJXuweTK0nnAv3Cy/TUkwIR4zTZG3cklbXQD/T4/YUvRLpdPeKAliCccaCZVu+7ChzDtIlEbyw9L4cLzNPf8kazLFSPpf5RU9ZanhVrF8gOtmgeJDiq2DVikYM5jRoP6feThU+LScpg2UEcIeuA07gdFel7pnDSzjZCUu+OJBTwdQ3M1Gm5Zb5pO2Jb2SUCrglBVu2OhiZBtx5YbxF5hCq7bLaV2sVHRbAZq7GHV+cguXy62wprgGrnW4OQxUIEdYs6sKCofplwUzZG5BS3YAbCH2yfIhGVWpOuN9q3yLEcIHGACdkdV5mkJ7NCFy8+s3NGJ6AWum4XjzU3W0nNfkF63+BieqVLuk8PwkFGMftPreJdQ1ZbEGo8paGvq9zyqbbY+1djRjSs2FvGn5NsuknAGxP0Izj5zIeU5jX0jyCrYuRjqW0gQHlY6SMpW/nnsUb0aH3zaRmedtulWZTsX/f8KZxqOi6AaxuKxvFTdTx7H3bVx1tZ3bQ/eHKQjgTD0isJl/6N9I5qEAR/sqkjcKpO3WmGtTBzxZBb2bTEQ2IB5EoJh1aZIsqf/C+z4+giVTAGA/ydXogneM229eXF11ivH35RJPIik3IqVcT3gAFXDYHzptNZX5SPmVUH6ko2ZtxcACxNuWxRa1bsD2ez6gEXc77CCoMZQIQyltsNKo4qKGTiRqqGMnvFwmqAzd0JBgEDAJlZdyCKLrkBFkPd3FUcUT2N2Qf87VdGnd6o79S0jh+2CArnt5zUoxLoaqkf6YAQiYpTAq/s4KQC8NyCsuZKZSMHC2i4LEpFP+7bOp2lmtAxTimIovQkKMCgZHpzisrfLzCH8j1fSCXggulJYBUi3M1WjGj2fVgulbBJaSkZbuZBM0gvtoXODcFRDwIQNN6f9RZX5jHcYBe9UoRQkejimppC4022rPatwR9lxa+nn6hzVpwNdstGr+ci6ZdSmN819/hwSKjdQuup+/j+jUETJVSyP9kXnGSW1n80xGVChukW6yvrRdME7Toyux42FG8+vRrWt4U8aaG3KM/WAcvZsc9KQfWgbEK0f+8d4YE2bTvByXXpQI96cVkzgqp3gwrHnJz1HctTwUl/be38xA9vGxqBDEJG1Ai3KIeCx3jbTddjt9T0OkdYbfJe4iDinxF6/RPJ/h5SL9eNN6Qu/jhMVaV+vSVUY5zqeGBp7ewy8NezjjWYcwETf+4pYNyossWu5B3WtdbtnDKKlBkp1/Z0ZLvQx83bahpe6pgrV432u7UOLhc6czAMDrxkuiSn0ZwruC+ZYHhk/OX+fvmdUmglh0YgyutimXzMvTsixN5kkHh+sRibUynmZGiMH5qLWmmV7p4V7nWwjX4mCmJ4ae4LQkVjaALkvzuJJigm8auD3MJPsoUNRI6LqvAfn7AmTgUek/F1606EWBN1iQbWaREiFJnIZKik4VFDEcjH6ylzrIRyumpTSqPY02qB67sLxMoUWGMZ3jksGsCCovuT2CqCzVMgG39RYojCQau/FBVdv644RqxkR+pQYeDW4HW1rOnpSVOPSk1ZVBEd3CjIdbL+R9imVP+0QeThpzrQSrM+EEnkXJi76cVr9ySF6Byn1+H1AfYDdI/eFe6VQLr660qOGFsAnORnadaBJiUej34HLSpSxnfGqzXBLyru3//Sa/YwbJ7eeYdtdqIZhIhRqOySw1EN3WljCwA7DY2bumJG4Tcu2rhpTXXxxFFM2skdCXMBsfX72/3+qQhxafTaBBcLuwtFxxZdOCC15MhG3rC/xxBKMD+HjBXv0ww+t8ZoWZgwbdwA98p0g902P4bKfWm1R/pah2nVuEdzqAI1Z60WhMahlL9ZdFuqawXjjiWJaSPZNX0KUVNimXNQj5Fiv+AAAAIiRiTk5kiIxrG8943ep+Y0yd3m/seb/W3/URvegQIMO7ZeBQc2iAAGEOW0loDlut2XBlFO5wu9bu9YUSARSzVZJ/Z0uuWjNf51txwTbRJRZGVJnUkSiIYmJRJQb1gGywAAAAAAAAAAAAAAAAAAAAAAAAAAAAA==',1,2,4,3,2);
/*!40000 ALTER TABLE `product` ENABLE KEYS */;
UNLOCK TABLES;

--
-- Table structure for table `production`
--

DROP TABLE IF EXISTS `production`;
/*!40101 SET @saved_cs_client     = @@character_set_client */;
/*!50503 SET character_set_client = utf8mb4 */;
CREATE TABLE `production` (
  `id` int NOT NULL AUTO_INCREMENT,
  `date` date DEFAULT NULL,
  `employee_id` int NOT NULL,
  `proorder_id` int NOT NULL,
  PRIMARY KEY (`id`),
  KEY `fk_production_employee1_idx` (`employee_id`),
  KEY `fk_production_proorder1_idx` (`proorder_id`)
) ENGINE=InnoDB AUTO_INCREMENT=34 DEFAULT CHARSET=utf8mb3;
/*!40101 SET character_set_client = @saved_cs_client */;

--
-- Dumping data for table `production`
--

LOCK TABLES `production` WRITE;
/*!40000 ALTER TABLE `production` DISABLE KEYS */;
INSERT INTO `production` VALUES (4,'2021-09-12',4,2),(8,'2022-10-21',4,2),(9,'2023-07-23',1,2),(10,'2021-03-09',4,5),(11,'2021-03-10',3,10),(12,'2021-04-05',1,2),(13,'2022-06-06',1,8),(14,'2022-06-07',6,2),(15,'2022-06-09',4,8),(16,'2022-06-11',4,2),(17,'2021-10-12',3,3),(18,'2021-11-30',4,4),(19,'2022-11-29',3,5),(21,'2021-08-25',5,5),(23,'2023-07-29',4,2),(24,'2023-02-28',4,5),(26,'2023-08-03',6,5),(27,'2023-08-01',4,10),(28,'2021-07-14',4,8),(29,'2022-05-02',6,4),(30,'2022-11-15',6,5),(31,'2023-06-20',6,8),(32,'2023-07-27',4,5),(33,'2023-08-05',4,10);
/*!40000 ALTER TABLE `production` ENABLE KEYS */;
UNLOCK TABLES;

--
-- Table structure for table `productionproduct`
--

DROP TABLE IF EXISTS `productionproduct`;
/*!40101 SET @saved_cs_client     = @@character_set_client */;
/*!50503 SET character_set_client = utf8mb4 */;
CREATE TABLE `productionproduct` (
  `id` int NOT NULL AUTO_INCREMENT,
  `production_id` int NOT NULL,
  `product_id` int NOT NULL,
  `qty` decimal(7,3) DEFAULT NULL,
  PRIMARY KEY (`id`),
  KEY `fk_production_has_product_product1_idx` (`product_id`),
  KEY `fk_production_has_product_production1_idx` (`production_id`)
) ENGINE=InnoDB AUTO_INCREMENT=72 DEFAULT CHARSET=utf8mb3;
/*!40101 SET character_set_client = @saved_cs_client */;

--
-- Dumping data for table `productionproduct`
--

LOCK TABLES `productionproduct` WRITE;
/*!40000 ALTER TABLE `productionproduct` DISABLE KEYS */;
INSERT INTO `productionproduct` VALUES (12,12,3,150.000),(16,16,1,120.000),(17,17,4,1000.000),(18,18,9,2000.000),(19,19,2,1000.000),(20,21,10,1200.000),(21,18,10,2000.000),(26,4,1,100.000),(27,4,2,130.000),(28,4,3,70.000),(29,8,3,220.000),(30,8,4,70.000),(31,8,1,20.000),(32,9,1,100.000),(33,9,2,120.000),(34,9,3,50.000),(35,10,1,100.000),(36,10,9,89.000),(37,10,10,120.000),(38,11,2,50.000),(39,11,13,100.000),(40,11,4,94.000),(41,13,4,70.000),(42,13,4,200.000),(43,14,9,80.000),(44,14,10,120.000),(45,14,13,200.000),(46,15,10,150.000),(47,15,3,140.000),(48,24,10,150.000),(49,24,3,140.000),(50,23,1,1200.000),(51,23,4,134.000),(52,23,3,69.000),(53,26,10,200.000),(54,27,10,2000.000),(55,28,1,150.000),(56,28,2,200.000),(57,28,13,250.000),(58,29,3,120.000),(59,29,4,250.000),(60,29,4,264.000),(61,29,9,147.000),(62,30,9,140.000),(63,30,10,240.000),(64,30,13,210.000),(65,31,3,231.000),(66,31,4,220.000),(67,31,4,400.000),(68,31,9,321.000),(69,32,10,220.000),(70,32,13,232.000),(71,33,1,100.000);
/*!40000 ALTER TABLE `productionproduct` ENABLE KEYS */;
UNLOCK TABLES;

--
-- Table structure for table `productmaterial`
--

DROP TABLE IF EXISTS `productmaterial`;
/*!40101 SET @saved_cs_client     = @@character_set_client */;
/*!50503 SET character_set_client = utf8mb4 */;
CREATE TABLE `productmaterial` (
  `id` int NOT NULL AUTO_INCREMENT,
  `material_id` int NOT NULL,
  `product_id` int NOT NULL,
  `quantity` decimal(5,3) DEFAULT NULL,
  `linecost` decimal(7,2) DEFAULT NULL,
  PRIMARY KEY (`id`),
  KEY `fk_material_has_product_product1_idx` (`product_id`),
  KEY `fk_material_has_product_material1_idx` (`material_id`)
) ENGINE=InnoDB AUTO_INCREMENT=13 DEFAULT CHARSET=utf8mb3;
/*!40101 SET character_set_client = @saved_cs_client */;

--
-- Dumping data for table `productmaterial`
--

LOCK TABLES `productmaterial` WRITE;
/*!40000 ALTER TABLE `productmaterial` DISABLE KEYS */;
INSERT INTO `productmaterial` VALUES (1,1,1,2.000,100.00),(2,2,1,3.000,50.00),(3,4,1,0.300,25.00),(4,3,2,2.000,90.00),(5,5,2,0.200,25.00),(6,1,9,2.000,100.00),(7,2,10,2.000,110.00),(8,4,10,2.000,1000.00),(11,4,13,0.500,250.00),(12,2,3,10.000,1000.00);
/*!40000 ALTER TABLE `productmaterial` ENABLE KEYS */;
UNLOCK TABLES;

--
-- Table structure for table `productstatus`
--

DROP TABLE IF EXISTS `productstatus`;
/*!40101 SET @saved_cs_client     = @@character_set_client */;
/*!50503 SET character_set_client = utf8mb4 */;
CREATE TABLE `productstatus` (
  `id` int NOT NULL AUTO_INCREMENT,
  `name` varchar(45) DEFAULT NULL,
  PRIMARY KEY (`id`)
) ENGINE=InnoDB AUTO_INCREMENT=3 DEFAULT CHARSET=utf8mb3;
/*!40101 SET character_set_client = @saved_cs_client */;

--
-- Dumping data for table `productstatus`
--

LOCK TABLES `productstatus` WRITE;
/*!40000 ALTER TABLE `productstatus` DISABLE KEYS */;
INSERT INTO `productstatus` VALUES (1,'Available'),(2,'Out of stock');
/*!40000 ALTER TABLE `productstatus` ENABLE KEYS */;
UNLOCK TABLES;

--
-- Table structure for table `producttype`
--

DROP TABLE IF EXISTS `producttype`;
/*!40101 SET @saved_cs_client     = @@character_set_client */;
/*!50503 SET character_set_client = utf8mb4 */;
CREATE TABLE `producttype` (
  `id` int NOT NULL AUTO_INCREMENT,
  `name` varchar(45) DEFAULT NULL,
  PRIMARY KEY (`id`)
) ENGINE=InnoDB AUTO_INCREMENT=3 DEFAULT CHARSET=utf8mb3;
/*!40101 SET character_set_client = @saved_cs_client */;

--
-- Dumping data for table `producttype`
--

LOCK TABLES `producttype` WRITE;
/*!40000 ALTER TABLE `producttype` DISABLE KEYS */;
INSERT INTO `producttype` VALUES (1,'Degradable'),(2,'Non - Degradable');
/*!40000 ALTER TABLE `producttype` ENABLE KEYS */;
UNLOCK TABLES;

--
-- Table structure for table `proorder`
--

DROP TABLE IF EXISTS `proorder`;
/*!40101 SET @saved_cs_client     = @@character_set_client */;
/*!50503 SET character_set_client = utf8mb4 */;
CREATE TABLE `proorder` (
  `id` int NOT NULL AUTO_INCREMENT,
  `code` varchar(45) DEFAULT NULL,
  `date` date DEFAULT NULL,
  `prodorderstatus_id` int NOT NULL,
  `manager_id` int NOT NULL,
  `supervisor_id` int NOT NULL,
  `expdate` date DEFAULT NULL,
  `grandtotal` decimal(7,2) DEFAULT NULL,
  PRIMARY KEY (`id`),
  KEY `fk_proorder_prodorderstatus1_idx` (`prodorderstatus_id`),
  KEY `fk_proorder_employee1_idx` (`manager_id`),
  KEY `fk_proorder_employee2_idx` (`supervisor_id`)
) ENGINE=InnoDB AUTO_INCREMENT=11 DEFAULT CHARSET=utf8mb3;
/*!40101 SET character_set_client = @saved_cs_client */;

--
-- Dumping data for table `proorder`
--

LOCK TABLES `proorder` WRITE;
/*!40000 ALTER TABLE `proorder` DISABLE KEYS */;
INSERT INTO `proorder` VALUES (2,'YD711','2020-12-02',1,5,3,'2020-12-17',25553.00),(3,'CN500','2017-12-01',1,6,3,'2017-12-31',36300.00),(4,'WX001','2019-12-06',2,1,3,'2019-12-30',33900.00),(5,'WX002','2020-12-05',2,1,3,'2020-12-29',52360.00),(8,'WX005','2022-12-12',1,1,3,'2022-12-15',2486.00),(10,'XD','2020-12-03',1,4,3,'2020-12-18',19272.00);
/*!40000 ALTER TABLE `proorder` ENABLE KEYS */;
UNLOCK TABLES;

--
-- Table structure for table `proorderproduct`
--

DROP TABLE IF EXISTS `proorderproduct`;
/*!40101 SET @saved_cs_client     = @@character_set_client */;
/*!50503 SET character_set_client = utf8mb4 */;
CREATE TABLE `proorderproduct` (
  `id` int NOT NULL AUTO_INCREMENT,
  `proorder_id` int NOT NULL,
  `product_id` int NOT NULL,
  `qty` decimal(7,3) DEFAULT NULL,
  PRIMARY KEY (`id`),
  KEY `fk_proorder_has_product_product1_idx` (`product_id`),
  KEY `fk_proorder_has_product_proorder1_idx` (`proorder_id`)
) ENGINE=InnoDB AUTO_INCREMENT=29 DEFAULT CHARSET=utf8mb3;
/*!40101 SET character_set_client = @saved_cs_client */;

--
-- Dumping data for table `proorderproduct`
--

LOCK TABLES `proorderproduct` WRITE;
/*!40000 ALTER TABLE `proorderproduct` DISABLE KEYS */;
INSERT INTO `proorderproduct` VALUES (9,10,3,20.000),(10,10,4,100.000),(11,10,3,20.000),(12,8,3,20.000),(13,5,2,100.000),(14,5,3,200.000),(15,2,4,150.000),(16,2,4,20.000),(17,2,9,10.000),(26,3,2,100.000),(27,3,1,100.000),(28,4,1,300.000);
/*!40000 ALTER TABLE `proorderproduct` ENABLE KEYS */;
UNLOCK TABLES;

--
-- Table structure for table `proorderstatus`
--

DROP TABLE IF EXISTS `proorderstatus`;
/*!40101 SET @saved_cs_client     = @@character_set_client */;
/*!50503 SET character_set_client = utf8mb4 */;
CREATE TABLE `proorderstatus` (
  `id` int NOT NULL AUTO_INCREMENT,
  `name` varchar(45) DEFAULT NULL,
  PRIMARY KEY (`id`)
) ENGINE=InnoDB AUTO_INCREMENT=3 DEFAULT CHARSET=utf8mb3;
/*!40101 SET character_set_client = @saved_cs_client */;

--
-- Dumping data for table `proorderstatus`
--

LOCK TABLES `proorderstatus` WRITE;
/*!40000 ALTER TABLE `proorderstatus` DISABLE KEYS */;
INSERT INTO `proorderstatus` VALUES (1,'Active'),(2,'Completed');
/*!40000 ALTER TABLE `proorderstatus` ENABLE KEYS */;
UNLOCK TABLES;

--
-- Table structure for table `purorder`
--

DROP TABLE IF EXISTS `purorder`;
/*!40101 SET @saved_cs_client     = @@character_set_client */;
/*!50503 SET character_set_client = utf8mb4 */;
CREATE TABLE `purorder` (
  `id` int NOT NULL AUTO_INCREMENT,
  `code` varchar(45) DEFAULT NULL,
  `date` date DEFAULT NULL,
  `expectedcost` decimal(7,2) DEFAULT NULL,
  `purorderstatus_id` int NOT NULL,
  `supplier_id` int NOT NULL,
  `employee_id` int NOT NULL,
  PRIMARY KEY (`id`),
  KEY `fk_purorder_purorderstatus1_idx` (`purorderstatus_id`),
  KEY `fk_purorder_supplier1_idx` (`supplier_id`),
  KEY `fk_purorder_employee1_idx` (`employee_id`)
) ENGINE=InnoDB AUTO_INCREMENT=10 DEFAULT CHARSET=utf8mb3;
/*!40101 SET character_set_client = @saved_cs_client */;

--
-- Dumping data for table `purorder`
--

LOCK TABLES `purorder` WRITE;
/*!40000 ALTER TABLE `purorder` DISABLE KEYS */;
INSERT INTO `purorder` VALUES (2,'PSO001','2014-12-23',2000.00,2,1,4),(3,'PSO002','2020-12-12',10000.00,2,3,4),(7,'PSO003','2022-12-24',10000.00,1,2,4),(8,'PSO004','2020-12-03',20000.00,3,2,4),(9,'CASVC','2023-08-05',120.00,1,7,4);
/*!40000 ALTER TABLE `purorder` ENABLE KEYS */;
UNLOCK TABLES;

--
-- Table structure for table `purordermaterial`
--

DROP TABLE IF EXISTS `purordermaterial`;
/*!40101 SET @saved_cs_client     = @@character_set_client */;
/*!50503 SET character_set_client = utf8mb4 */;
CREATE TABLE `purordermaterial` (
  `id` int NOT NULL AUTO_INCREMENT,
  `purorder_id` int NOT NULL,
  `material_id` int NOT NULL,
  `qty` decimal(7,3) DEFAULT NULL,
  `explinetotal` decimal(7,2) DEFAULT NULL,
  PRIMARY KEY (`id`),
  KEY `fk_purorder_has_material_material1_idx` (`material_id`),
  KEY `fk_purorder_has_material_purorder1_idx` (`purorder_id`)
) ENGINE=InnoDB AUTO_INCREMENT=24 DEFAULT CHARSET=utf8mb3;
/*!40101 SET character_set_client = @saved_cs_client */;

--
-- Dumping data for table `purordermaterial`
--

LOCK TABLES `purordermaterial` WRITE;
/*!40000 ALTER TABLE `purordermaterial` DISABLE KEYS */;
INSERT INTO `purordermaterial` VALUES (18,2,2,20.000,2000.00),(19,3,2,20.000,2000.00),(20,7,2,20.000,2000.00),(21,8,3,200.000,20000.00),(22,9,13,-1.000,-120.00),(23,7,3,30.000,3000.00);
/*!40000 ALTER TABLE `purordermaterial` ENABLE KEYS */;
UNLOCK TABLES;

--
-- Table structure for table `purorderstatus`
--

DROP TABLE IF EXISTS `purorderstatus`;
/*!40101 SET @saved_cs_client     = @@character_set_client */;
/*!50503 SET character_set_client = utf8mb4 */;
CREATE TABLE `purorderstatus` (
  `id` int NOT NULL AUTO_INCREMENT,
  `name` varchar(45) DEFAULT NULL,
  PRIMARY KEY (`id`)
) ENGINE=InnoDB AUTO_INCREMENT=5 DEFAULT CHARSET=utf8mb3;
/*!40101 SET character_set_client = @saved_cs_client */;

--
-- Dumping data for table `purorderstatus`
--

LOCK TABLES `purorderstatus` WRITE;
/*!40000 ALTER TABLE `purorderstatus` DISABLE KEYS */;
INSERT INTO `purorderstatus` VALUES (1,'Active'),(2,'Suspended Temporaly'),(3,'Suspended Permenetly'),(4,'Recieved');
/*!40000 ALTER TABLE `purorderstatus` ENABLE KEYS */;
UNLOCK TABLES;

--
-- Table structure for table `role`
--

DROP TABLE IF EXISTS `role`;
/*!40101 SET @saved_cs_client     = @@character_set_client */;
/*!50503 SET character_set_client = utf8mb4 */;
CREATE TABLE `role` (
  `id` int NOT NULL AUTO_INCREMENT,
  `name` varchar(45) DEFAULT NULL,
  PRIMARY KEY (`id`)
) ENGINE=InnoDB AUTO_INCREMENT=7 DEFAULT CHARSET=utf8mb3;
/*!40101 SET character_set_client = @saved_cs_client */;

--
-- Dumping data for table `role`
--

LOCK TABLES `role` WRITE;
/*!40000 ALTER TABLE `role` DISABLE KEYS */;
INSERT INTO `role` VALUES (1,'Employee'),(2,'Supplier'),(3,'Shop'),(4,'Manager'),(5,'Storekeeper'),(6,'Supervisor');
/*!40000 ALTER TABLE `role` ENABLE KEYS */;
UNLOCK TABLES;

--
-- Table structure for table `shop`
--

DROP TABLE IF EXISTS `shop`;
/*!40101 SET @saved_cs_client     = @@character_set_client */;
/*!50503 SET character_set_client = utf8mb4 */;
CREATE TABLE `shop` (
  `id` int NOT NULL AUTO_INCREMENT,
  `name` varchar(100) DEFAULT NULL,
  `address` text,
  `tpnumber` char(10) DEFAULT NULL,
  `email` varchar(45) DEFAULT NULL,
  `contactperson` varchar(45) DEFAULT NULL,
  `contactpno` char(10) DEFAULT NULL,
  `dointroduced` date DEFAULT NULL,
  `creditlimit` decimal(7,2) DEFAULT NULL,
  `shopstatus_id` int NOT NULL,
  PRIMARY KEY (`id`),
  KEY `fk_shop_shopstatus1_idx` (`shopstatus_id`)
) ENGINE=InnoDB AUTO_INCREMENT=6 DEFAULT CHARSET=utf8mb3;
/*!40101 SET character_set_client = @saved_cs_client */;

--
-- Dumping data for table `shop`
--

LOCK TABLES `shop` WRITE;
/*!40000 ALTER TABLE `shop` DISABLE KEYS */;
INSERT INTO `shop` VALUES (1,'Supun Enterprices','Ragama','0713584710','supunent@gmail.com','Kasun','0704789652','2023-01-04',40000.00,1),(2,'Global Enterprices','Borella','0773454232','global@yahoo.com','Rajitha','0778432348','2023-01-04',50000.00,2),(3,'Shanthi Stores','Kandana','0732452142','shanthi@gmail.com','Kamal','0723998870','2023-01-04',30000.00,3);
/*!40000 ALTER TABLE `shop` ENABLE KEYS */;
UNLOCK TABLES;

--
-- Table structure for table `shopstatus`
--

DROP TABLE IF EXISTS `shopstatus`;
/*!40101 SET @saved_cs_client     = @@character_set_client */;
/*!50503 SET character_set_client = utf8mb4 */;
CREATE TABLE `shopstatus` (
  `id` int NOT NULL AUTO_INCREMENT,
  `name` varchar(45) DEFAULT NULL,
  PRIMARY KEY (`id`)
) ENGINE=InnoDB AUTO_INCREMENT=4 DEFAULT CHARSET=utf8mb3;
/*!40101 SET character_set_client = @saved_cs_client */;

--
-- Dumping data for table `shopstatus`
--

LOCK TABLES `shopstatus` WRITE;
/*!40000 ALTER TABLE `shopstatus` DISABLE KEYS */;
INSERT INTO `shopstatus` VALUES (1,'Active'),(2,'Suspended Permanently'),(3,'Suspended Temporaly');
/*!40000 ALTER TABLE `shopstatus` ENABLE KEYS */;
UNLOCK TABLES;

--
-- Table structure for table `size`
--

DROP TABLE IF EXISTS `size`;
/*!40101 SET @saved_cs_client     = @@character_set_client */;
/*!50503 SET character_set_client = utf8mb4 */;
CREATE TABLE `size` (
  `id` int NOT NULL AUTO_INCREMENT,
  `name` varchar(45) DEFAULT NULL,
  PRIMARY KEY (`id`)
) ENGINE=InnoDB AUTO_INCREMENT=10 DEFAULT CHARSET=utf8mb3;
/*!40101 SET character_set_client = @saved_cs_client */;

--
-- Dumping data for table `size`
--

LOCK TABLES `size` WRITE;
/*!40000 ALTER TABLE `size` DISABLE KEYS */;
INSERT INTO `size` VALUES (1,'3'),(2,'4'),(3,'5'),(4,'10'),(5,'15'),(6,'20'),(7,'25'),(8,'30'),(9,'35');
/*!40000 ALTER TABLE `size` ENABLE KEYS */;
UNLOCK TABLES;

--
-- Table structure for table `supplier`
--

DROP TABLE IF EXISTS `supplier`;
/*!40101 SET @saved_cs_client     = @@character_set_client */;
/*!50503 SET character_set_client = utf8mb4 */;
CREATE TABLE `supplier` (
  `id` int NOT NULL AUTO_INCREMENT,
  `name` varchar(100) DEFAULT NULL,
  `tpnumber` char(10) DEFAULT NULL,
  `contactperson` varchar(45) DEFAULT NULL,
  `contactpersontp` char(10) DEFAULT NULL,
  `address` text,
  `email` varchar(45) DEFAULT NULL,
  `regdate` date DEFAULT NULL,
  `supplierstatus_id` int NOT NULL,
  PRIMARY KEY (`id`),
  KEY `fk_supplier_supplierstatus1_idx` (`supplierstatus_id`)
) ENGINE=InnoDB AUTO_INCREMENT=8 DEFAULT CHARSET=utf8mb3;
/*!40101 SET character_set_client = @saved_cs_client */;

--
-- Dumping data for table `supplier`
--

LOCK TABLES `supplier` WRITE;
/*!40000 ALTER TABLE `supplier` DISABLE KEYS */;
INSERT INTO `supplier` VALUES (1,'Global Lanka PVT','0112254344','Mr. Chaminda','0715478456','No 45 Ganemulla','globallanka@gmail.com','2023-01-04',1),(2,'Poly Lanka PVT','0114323455','Mr. Sampath','0478514512','No 23 Kandana','polylanka@gmail.com','2023-01-04',2),(3,'Polythene Mart','0113845698','Mrs. Karuni','0778452147','N0 45 Ragama','polythnemart@gmail.com','2023-01-04',3),(5,'SDF','0714582475','Mr.an','0768542114','Avc','abc@gmail.com','2023-07-13',2),(7,'UCSC','0713524101','Sudeera','0112242300','Ragama','sudeera@gmail.com','2023-08-05',1);
/*!40000 ALTER TABLE `supplier` ENABLE KEYS */;
UNLOCK TABLES;

--
-- Table structure for table `supplierstatus`
--

DROP TABLE IF EXISTS `supplierstatus`;
/*!40101 SET @saved_cs_client     = @@character_set_client */;
/*!50503 SET character_set_client = utf8mb4 */;
CREATE TABLE `supplierstatus` (
  `id` int NOT NULL AUTO_INCREMENT,
  `name` varchar(45) DEFAULT NULL,
  PRIMARY KEY (`id`)
) ENGINE=InnoDB AUTO_INCREMENT=4 DEFAULT CHARSET=utf8mb3;
/*!40101 SET character_set_client = @saved_cs_client */;

--
-- Dumping data for table `supplierstatus`
--

LOCK TABLES `supplierstatus` WRITE;
/*!40000 ALTER TABLE `supplierstatus` DISABLE KEYS */;
INSERT INTO `supplierstatus` VALUES (1,'Active'),(2,'Suspended Permanently'),(3,'Suspended Temporaly');
/*!40000 ALTER TABLE `supplierstatus` ENABLE KEYS */;
UNLOCK TABLES;

--
-- Table structure for table `supply`
--

DROP TABLE IF EXISTS `supply`;
/*!40101 SET @saved_cs_client     = @@character_set_client */;
/*!50503 SET character_set_client = utf8mb4 */;
CREATE TABLE `supply` (
  `id` int NOT NULL AUTO_INCREMENT,
  `material_id` int NOT NULL,
  `supplier_id` int NOT NULL,
  PRIMARY KEY (`id`),
  KEY `fk_material_has_supplier_supplier1_idx` (`supplier_id`),
  KEY `fk_material_has_supplier_material1_idx` (`material_id`)
) ENGINE=InnoDB AUTO_INCREMENT=30 DEFAULT CHARSET=utf8mb3;
/*!40101 SET character_set_client = @saved_cs_client */;

--
-- Dumping data for table `supply`
--

LOCK TABLES `supply` WRITE;
/*!40000 ALTER TABLE `supply` DISABLE KEYS */;
INSERT INTO `supply` VALUES (3,3,2),(4,4,2),(5,5,3),(6,2,5),(7,4,5),(8,5,5),(9,2,3),(11,1,1),(12,2,1),(29,13,7);
/*!40000 ALTER TABLE `supply` ENABLE KEYS */;
UNLOCK TABLES;

--
-- Table structure for table `thickness`
--

DROP TABLE IF EXISTS `thickness`;
/*!40101 SET @saved_cs_client     = @@character_set_client */;
/*!50503 SET character_set_client = utf8mb4 */;
CREATE TABLE `thickness` (
  `id` int NOT NULL AUTO_INCREMENT,
  `name` varchar(45) DEFAULT NULL,
  PRIMARY KEY (`id`)
) ENGINE=InnoDB AUTO_INCREMENT=8 DEFAULT CHARSET=utf8mb3;
/*!40101 SET character_set_client = @saved_cs_client */;

--
-- Dumping data for table `thickness`
--

LOCK TABLES `thickness` WRITE;
/*!40000 ALTER TABLE `thickness` DISABLE KEYS */;
INSERT INTO `thickness` VALUES (1,'200'),(2,'300'),(3,'400'),(4,'500'),(5,'600'),(6,'700'),(7,'800');
/*!40000 ALTER TABLE `thickness` ENABLE KEYS */;
UNLOCK TABLES;

--
-- Table structure for table `user`
--

DROP TABLE IF EXISTS `user`;
/*!40101 SET @saved_cs_client     = @@character_set_client */;
/*!50503 SET character_set_client = utf8mb4 */;
CREATE TABLE `user` (
  `id` int NOT NULL AUTO_INCREMENT,
  `username` varchar(45) DEFAULT NULL,
  `password` varchar(255) DEFAULT NULL,
  `salt` varchar(255) DEFAULT NULL,
  `docreated` date DEFAULT NULL,
  `tocreated` time DEFAULT NULL,
  `userstatus_id` int NOT NULL,
  `employee_id` int NOT NULL,
  `description` text,
  PRIMARY KEY (`id`),
  KEY `fk_user_userstatus1_idx` (`userstatus_id`),
  KEY `fk_user_employee1_idx` (`employee_id`)
) ENGINE=InnoDB AUTO_INCREMENT=7 DEFAULT CHARSET=utf8mb3;
/*!40101 SET character_set_client = @saved_cs_client */;

--
-- Dumping data for table `user`
--

LOCK TABLES `user` WRITE;
/*!40000 ALTER TABLE `user` DISABLE KEYS */;
INSERT INTO `user` VALUES (1,'Kamal','1234',NULL,NULL,NULL,1,1,NULL),(2,'admin','$2a$10$mGbOLOwVE3X5wugDYBPxPu5HHmLaJjHQ3EF1VcY3PoRfh659VPz7K',NULL,'2023-07-19','01:20:45',1,5,'Admin'),(4,'Kasun','$2a$10$y/9Cvsz2ooioVDIfzngpC.GOE0eW09CRii8OoYX1SGgNXjTOF722e','$2a$10$3QdKft4M8JxenN5iIfoo/epcUdb/sDhaBggNI8lMp68LRicz8JUja','2023-08-01','12:34:09',1,4,'User'),(5,'kamal123','$2a$10$3umKAo7fyo/YCG0iziWtvOokKm2us.Z9Tmk.I29/1AXGjhZgQnxsm','$2a$10$3FnP6WL978peC5l.cErCTekdesH8oq3SXIwy8Q9WNQ36m.0QcMpVm','2023-08-02','03:20:35',1,1,'Storekeeper'),(6,'wimala123','$2a$10$bvfxkBFnekx1eOfJskvLEugi0wrryASTi2xefy2GE2kOFpZnE69xC','$2a$10$3lFG9txlx/3wmTWAJ2UboO.0E3xOqeNyP83WOxMJ3HQU0WLpwWFUa','2023-08-03','12:04:40',1,3,'Supervisor');
/*!40000 ALTER TABLE `user` ENABLE KEYS */;
UNLOCK TABLES;

--
-- Table structure for table `userrole`
--

DROP TABLE IF EXISTS `userrole`;
/*!40101 SET @saved_cs_client     = @@character_set_client */;
/*!50503 SET character_set_client = utf8mb4 */;
CREATE TABLE `userrole` (
  `id` int NOT NULL AUTO_INCREMENT,
  `user_id` int NOT NULL,
  `role_id` int NOT NULL,
  PRIMARY KEY (`id`),
  KEY `fk_user_has_role_role1_idx` (`role_id`),
  KEY `fk_user_has_role_user1_idx` (`user_id`)
) ENGINE=InnoDB AUTO_INCREMENT=10 DEFAULT CHARSET=utf8mb3;
/*!40101 SET character_set_client = @saved_cs_client */;

--
-- Dumping data for table `userrole`
--

LOCK TABLES `userrole` WRITE;
/*!40000 ALTER TABLE `userrole` DISABLE KEYS */;
INSERT INTO `userrole` VALUES (1,1,1),(2,1,2),(3,2,1),(6,4,4),(7,2,3),(8,5,5),(9,6,6);
/*!40000 ALTER TABLE `userrole` ENABLE KEYS */;
UNLOCK TABLES;

--
-- Table structure for table `userstatus`
--

DROP TABLE IF EXISTS `userstatus`;
/*!40101 SET @saved_cs_client     = @@character_set_client */;
/*!50503 SET character_set_client = utf8mb4 */;
CREATE TABLE `userstatus` (
  `id` int NOT NULL AUTO_INCREMENT,
  `name` varchar(45) DEFAULT NULL,
  PRIMARY KEY (`id`)
) ENGINE=InnoDB AUTO_INCREMENT=3 DEFAULT CHARSET=utf8mb3;
/*!40101 SET character_set_client = @saved_cs_client */;

--
-- Dumping data for table `userstatus`
--

LOCK TABLES `userstatus` WRITE;
/*!40000 ALTER TABLE `userstatus` DISABLE KEYS */;
INSERT INTO `userstatus` VALUES (1,'Active'),(2,'Suspended');
/*!40000 ALTER TABLE `userstatus` ENABLE KEYS */;
UNLOCK TABLES;
/*!40103 SET TIME_ZONE=@OLD_TIME_ZONE */;

/*!40101 SET SQL_MODE=@OLD_SQL_MODE */;
/*!40014 SET FOREIGN_KEY_CHECKS=@OLD_FOREIGN_KEY_CHECKS */;
/*!40014 SET UNIQUE_CHECKS=@OLD_UNIQUE_CHECKS */;
/*!40101 SET CHARACTER_SET_CLIENT=@OLD_CHARACTER_SET_CLIENT */;
/*!40101 SET CHARACTER_SET_RESULTS=@OLD_CHARACTER_SET_RESULTS */;
/*!40101 SET COLLATION_CONNECTION=@OLD_COLLATION_CONNECTION */;
/*!40111 SET SQL_NOTES=@OLD_SQL_NOTES */;

-- Dump completed on 2023-12-05 20:11:14
